,ANONYMOUS_1,YEAR,ANONYMOUS_2,AG,CO,CR,CU,FE,H2O,MN,MO,NI,PQINDEX,TI,V,V40,ZN,Y_LABEL
9947,1531,2011,200,0,0,0,3,19,0.0,1,180,0,5,0,0,79.1,1236,0
3158,5531,2011,200,0,0,1,439,24,0.0,1,93,0,20,0,0,68.5,1193,0
5299,3156,2017,956,0,0,0,0,12,0.0,0,0,0,6,0,0,69.1,1126,0
685,1242,2008,442,0,0,0,341,15,0.0,0,1,0,12,0,0,66.2,1226,0
7318,1554,2014,200,0,0,0,169,19,0.0,5,240,0,6,0,0,75.7,1359,0
3042,1369,2021,569,0,0,0,2,14,0.0,0,0,0,5,0,0,71.4,1108,0
4782,1688,2011,200,0,0,0,6,22,0.0,3,131,0,17,0,0,71.5,1187,0
3597,2454,2017,200,0,0,0,35,22,0.0,0,0,0,6,0,0,69.5,977,0
10642,1287,2010,487,0,0,0,209,23,0.0,0,130,0,12,0,0,77.6,1126,1
1994,1870,2013,200,0,0,0,2,19,0.0,0,185,0,17,0,0,75.9,1445,1
5735,2075,2013,200,0,0,0,4,17,0.0,0,1,0,20,0,0,57.5,1094,0
1537,10828,2012,200,0,0,0,262,25,0.0,0,6,0,23,0,0,64.8,1156,0
149,1899,2011,200,0,0,0,6,46,0.0,0,0,0,18,0,0,37.6,21,0
1588,5275,2021,1481,0,0,0,0,14,0.0,0,1,0,9,0,0,68.9,1038,0
12298,2920,2020,604,0,0,0,0,20,0.0,0,15,0,15,0,0,78.6,1178,0
4368,2041,2013,510,0,0,0,6,16,0.0,4,1,0,15,0,0,61.6,929,0
10598,6660,2014,200,0,0,0,0,17,0.0,0,0,0,25,0,0,80.2,1227,0
2966,3154,2019,613,0,0,0,3,22,0.0,2,106,0,19,0,0,73.4,1252,0
6894,3873,2015,200,0,0,0,3,30,0.0,0,71,0,25,0,0,77.4,1127,0
10407,1549,2008,749,0,0,1,315,14,0.0,0,7,0,23,0,0,71.1,1192,0
11127,2081,2008,550,0,0,0,60,14,0.0,1,10,0,16,0,0,57.1,1080,0
12809,3419,2016,200,0,0,0,0,8,0.0,0,242,0,20,0,0,84.2,1207,0
5431,2495,2011,200,0,0,0,1,12,0.0,0,254,0,17,0,0,83.7,1438,0
10785,6780,2017,5800,0,0,0,0,21,0.0,0,258,0,21,0,0,81.5,1508,0
3535,1387,2014,200,0,0,0,28,26,0.0,1,142,0,22,0,0,77.8,1166,1
579,4147,2008,200,0,0,1,295,22,0.0,1,52,0,18,0,0,72.2,1236,1
5250,8926,2020,200,0,0,0,11,35,0.0,0,0,0,30,0,0,51.7,1013,0
4547,8004,2021,589,0,0,0,9,128,0.0,1,0,0,57,0,0,38.1,12,0
6694,3620,2021,365,0,0,0,1,16,0.0,0,3,0,16,0,0,71.4,1175,0
10825,2470,2016,200,0,0,0,2,14,0.0,0,1,0,6,0,0,70.2,1178,0
6063,1383,2012,583,0,0,0,111,21,0.0,4,5,0,23,0,0,64.8,1083,0
10715,4159,2020,480,0,0,0,1,7,0.0,0,1,0,15,0,0,72.5,1094,0
3125,1773,2013,200,0,0,0,195,17,0.0,3,3,0,5,0,0,66.3,1144,0
430,2271,2009,200,0,0,0,20,5,0.0,0,0,0,14,0,0,59.4,940,0
7041,6427,2009,200,0,0,0,69,58,0.0,2,0,0,33,0,0,28.6,307,0
8001,1416,2018,200,0,0,0,0,12,0.0,0,109,0,23,0,0,79.2,1203,0
1506,1361,2008,550,0,0,0,499,23,0.0,1,37,0,16,0,0,59.0,1197,0
2600,3062,2014,200,0,0,0,0,18,0.0,0,246,0,21,0,0,83.1,1480,0
1700,1172,2008,200,0,0,1,609,21,0.0,1,14,1,17,0,0,54.6,1121,0
13626,3859,2018,200,0,0,0,13,6,0.0,0,0,0,5,0,0,72.3,698,1
8397,4649,2011,200,0,0,1,254,64,0.0,1,0,0,13,0,0,59.5,1046,0
5156,1532,2009,375,0,0,1,245,16,0.0,0,0,1,17,0,0,68.8,1193,0
7421,5140,2022,558,0,0,0,0,6,0.0,0,21,0,5,0,0,78.6,954,0
5348,3467,2017,200,0,0,0,0,6,0.0,0,2,0,5,0,0,72.7,1135,0
9148,2014,2016,200,0,0,0,2,11,0.0,0,132,0,7,0,0,79.8,1210,0
7687,4151,2016,200,0,0,0,0,8,0.0,0,253,0,17,0,0,83.6,1328,0
9680,2507,2008,200,0,0,0,270,15,0.0,1,7,0,20,0,0,61.2,1029,0
4681,1201,2016,401,0,0,0,3,17,0.0,0,0,0,9,0,0,74.3,1256,0
3219,2484,2020,1600,0,0,0,0,12,0.0,0,19,0,8,0,0,67.9,1026,0
13837,7652,2018,200,0,0,0,0,12,0.0,0,0,0,6,0,0,70.0,1228,0
12759,8158,2014,200,0,0,0,5,101,0.0,0,4,0,23,0,0,72.8,11,1
12135,1305,2021,505,0,0,0,0,5,0.0,0,1,0,5,0,0,77.6,1163,0
10467,1721,2019,595,0,0,0,9,84,0.0,1,0,0,35,0,0,36.3,31,0
11980,1388,2022,588,0,0,0,2,15,0.0,0,37,0,12,0,0,58.8,1058,0
215,2341,2008,1600,0,0,0,66,16,0.0,1,18,0,11,0,0,63.6,1142,0
2990,2152,2014,200,0,0,0,146,14,0.0,6,139,0,21,0,0,66.7,984,0
9108,1324,2015,200,0,0,0,0,13,0.0,0,246,0,16,0,0,82.2,1288,0
7029,1939,2008,200,0,0,0,279,24,0.0,1,121,0,21,0,0,68.8,1297,0
4316,1844,2012,1044,0,0,0,219,17,0.0,0,8,0,6,0,0,64.8,1208,0
4749,6618,2019,375,0,0,0,0,17,0.0,0,1,0,26,0,0,80.8,1080,1
12324,1533,2013,200,0,0,0,7,15,0.0,7,9,0,5,0,0,65.0,1085,0
2322,1207,2014,200,0,0,0,0,25,0.0,0,155,0,8,0,0,84.1,1392,0
10657,11510,2013,200,0,0,0,117,10,0.0,1,6,0,8,0,0,56.5,973,0
13276,3688,2020,1497,0,0,0,0,10,0.0,0,9,0,11,0,0,67.2,1419,0
5817,1977,2016,200,0,0,0,1,10,0.0,0,62,0,5,0,0,77.5,1235,0
80,9097,2015,200,0,0,1,1,19,0.0,1,2,0,21,1,0,81.9,1071,0
8175,1352,2016,375,0,0,0,3,20,0.0,0,0,0,6,0,0,65.5,1100,0
13974,1585,2009,200,0,0,0,347,10,0.0,0,4,0,8,0,0,69.7,1114,0
11969,1753,2013,200,0,0,0,0,10,0.0,0,246,0,19,0,0,83.1,1249,0
3317,1380,2009,200,0,0,0,12,2,0.0,0,48,0,16,0,0,97.4,621,0
5412,3772,2016,200,0,0,0,0,9,0.0,0,1,0,6,0,0,70.5,1198,0
43,1718,2011,200,0,0,0,197,13,0.0,0,4,0,12,0,0,73.9,1262,0
10192,3524,2017,624,0,0,0,8,16,0.0,0,2,0,16,0,0,62.8,1072,0
3346,1581,2011,200,0,0,0,29,12,0.0,0,2,0,20,0,0,69.8,1204,0
10130,3947,2019,200,0,0,0,7,90,0.0,0,0,0,43,0,0,38.1,9,0
2016,2130,2011,200,0,0,0,284,16,0.0,0,3,0,3,0,0,70.0,1169,0
8716,2069,2009,1269,1,0,0,14,14,0.0,0,3,0,36,0,0,67.6,1220,0
13780,3895,2015,200,0,0,0,3,34,0.0,1,51,0,19,0,0,76.6,1177,0
11419,2406,2009,200,0,0,0,65,12,0.0,0,24,0,14,0,0,70.6,1190,0
5255,1912,2018,200,0,0,0,5,13,0.0,0,106,0,20,0,0,70.8,1025,0
985,2099,2014,200,0,0,0,69,12,0.0,3,46,0,12,0,0,72.0,1006,0
14042,1690,2009,200,0,0,0,249,16,0.0,0,141,0,10,0,0,83.0,1081,0
13791,1599,2018,200,0,0,0,0,4,0.0,0,3,0,5,0,0,111.9,1054,0
6047,1683,2010,200,0,0,0,736,28,0.0,0,2,0,23,0,0,66.7,1316,0
5497,4144,2021,549,0,0,0,2,11,0.0,0,0,0,10,0,0,72.2,1050,0
499,4476,2019,994,0,0,0,9,12,0.0,0,3,0,8,0,0,70.0,966,0
2457,2512,2017,200,0,0,0,0,8,0.0,0,23,0,6,0,0,72.4,1135,0
10397,2753,2016,200,0,0,0,0,7,0.0,0,11,0,17,0,0,74.2,1289,0
1084,2808,2009,200,0,0,1,346,21,0.0,0,1,0,19,0,0,64.2,1126,0
8604,2052,2008,550,0,0,0,378,24,0.0,0,95,0,18,0,0,73.4,1304,0
10042,2498,2018,1600,0,0,0,2,18,0.0,0,22,0,23,0,0,63.9,1344,0
7758,4381,2019,704,0,0,0,352,50,0.0,0,37,0,7,0,0,70.4,1111,0
9906,3238,2021,688,0,0,0,4,15,0.0,0,9,0,55,0,0,70.6,1141,0
13788,1517,2013,200,0,0,0,2,20,0.0,0,0,0,14,0,0,67.0,1203,0
11825,2406,2008,550,1,0,0,444,11,0.0,0,168,0,18,0,0,84.2,1267,0
206,2088,2013,200,0,0,0,298,22,0.0,2,168,0,7,0,0,82.2,1388,0
4135,9104,2017,200,0,0,0,0,8,0.0,0,5,0,13,0,0,71.1,1112,0
5466,3004,2015,200,0,0,0,6,50,0.0,0,0,0,22,0,0,37.6,22,0
8672,1364,2008,375,0,0,0,559,18,0.0,0,11,0,8,0,0,63.1,1233,0
861,2075,2013,200,0,0,0,1,10,0.0,0,97,0,13,0,0,81.9,1170,0
10005,2567,2014,200,0,0,0,4,42,0.0,1,40,0,18,0,0,69.1,1085,0
10077,2696,2013,200,0,0,0,0,15,0.0,0,0,0,24,0,0,81.0,1400,0
10763,4029,2020,200,0,0,0,5,26,0.0,0,0,0,12,0,0,54.0,1023,1
6790,2724,2014,200,0,0,0,8,51,0.0,0,39,0,47,0,0,67.9,982,0
10597,1679,2019,200,0,0,0,5,17,0.0,5,4,0,15,0,0,64.8,930,0
9619,3445,2010,200,0,0,0,100,27,0.0,0,2,0,5,0,0,62.0,1085,0
3068,4359,2019,200,0,0,0,167,31,0.0,0,0,0,25,0,0,72.8,1004,0
5681,1372,2007,572,0,0,0,603,33,0.0,1,169,0,18,0,0,70.8,1337,0
12504,1308,2015,200,0,0,0,0,9,0.0,0,67,0,9,0,0,77.3,1185,0
9852,1541,2013,200,0,0,0,0,10,0.0,0,78,0,9,0,0,76.0,1113,0
10640,4014,2022,438,0,0,0,0,5,0.0,0,0,0,6,0,0,78.3,999,0
6917,3859,2018,200,0,0,0,1,17,0.0,0,215,0,20,0,0,76.2,1256,0
6433,3473,2014,200,0,0,0,5,28,0.0,1,2,0,22,0,0,65.0,1220,0
2216,3285,2008,1075,0,0,1,468,19,0.0,1,1,0,18,0,0,59.2,1102,0
232,1401,2010,456,0,0,0,526,24,0.0,0,77,0,13,0,0,78.7,953,0
12629,1308,2015,200,0,0,0,6,13,0.0,2,2,0,13,0,0,60.5,1171,0
8968,1702,2013,200,0,0,0,108,9,0.0,0,4,0,10,0,0,72.2,1587,0
1224,1758,2016,200,0,0,0,0,9,0.0,0,48,0,5,0,0,73.3,1148,0
10939,4240,2013,200,0,0,0,15,6,0.0,0,4,0,13,0,0,71.3,1241,1
1481,5540,2021,200,0,0,0,0,11,0.0,0,2,2,15,0,0,71.6,899,0
7100,1597,2014,200,0,0,0,7,15,0.0,2,31,0,26,0,0,66.5,1072,0
4967,1758,2007,550,0,0,0,177,13,0.0,0,1,0,18,0,0,62.7,1279,0
4914,1478,2015,200,0,0,0,5,24,0.0,0,131,0,31,0,0,70.0,1283,0
6479,5338,2021,200,0,0,0,0,9,0.0,0,0,1,8,0,0,76.3,823,1
12944,4486,2014,200,0,0,0,1,19,0.0,0,8,0,18,0,0,79.0,1484,0
3675,2581,2014,200,0,0,0,199,9,0.0,0,231,0,3,0,0,93.9,1347,0
7162,1721,2008,550,0,0,1,346,19,0.0,0,15,0,41,0,0,67.5,1271,0
1359,1193,2009,393,0,0,0,403,20,0.0,0,97,0,18,0,0,71.6,1020,0
12279,2339,2013,200,0,0,0,0,23,0.0,0,3,0,15,0,0,73.6,1279,0
1976,4441,2014,200,0,0,0,0,21,0.0,0,43,0,9,0,0,76.2,1376,0
8054,1683,2018,200,0,0,1,331,14,0.0,1,140,0,13,0,0,71.2,1286,0
9532,9101,2011,200,0,0,0,296,15,0.0,1,17,1,26,0,0,58.5,987,0
14060,7613,2017,6850,0,0,0,0,11,0.0,0,16,0,13,0,0,70.4,1066,0
1947,2923,2019,200,0,0,0,1,11,0.0,0,1,0,12,0,0,69.7,1066,0
4918,1405,2015,605,0,0,0,0,15,0.0,0,135,0,28,0,0,77.6,1099,0
4180,3238,2021,1038,0,0,0,0,57,0.0,1,2,0,26,0,0,69.6,1027,0
7683,1697,2014,200,0,0,1,28,15,0.0,2,2,0,9,0,0,68.1,970,1
5384,7440,2010,200,0,0,0,40,54,0.0,20,0,0,7,0,0,44.8,1361,0
7709,3494,2009,200,0,0,0,90,16,0.0,0,151,0,14,0,0,79.2,1483,0
2917,1352,2007,552,0,0,0,393,10,0.0,0,2,0,9,0,0,71.1,1028,0
11029,1171,2015,200,0,0,0,8,33,0.0,2,60,0,28,0,0,60.8,1074,0
5934,1520,2012,200,0,0,0,98,19,0.0,0,2,0,16,0,0,65.4,1162,0
9293,1721,2008,921,0,0,0,157,18,0.0,1,1,0,18,0,0,56.4,1019,0
5811,2785,2014,200,0,0,0,130,22,0.0,4,3,0,27,0,0,62.7,1073,0
2121,2619,2019,578,0,1,1,7,22,0.0,0,0,0,73,0,0,36.1,25,0
5612,2406,2008,1600,1,0,0,381,17,0.0,0,0,0,19,0,0,75.5,1249,0
211,1156,2010,356,0,0,0,402,18,0.0,0,48,0,9,0,0,72.6,1104,0
3094,2006,2013,200,0,0,0,0,7,0.0,0,5,0,7,0,0,70.2,1116,1
11732,2481,2013,200,0,0,0,4,23,0.0,2,137,0,14,0,0,72.0,1192,0
1416,2050,2017,200,0,0,0,4,10,0.0,0,3,0,28,0,0,71.1,1156,1
10381,2785,2014,200,0,0,0,6,17,0.0,4,10,0,11,0,0,66.7,912,0
10354,2181,2016,200,0,0,0,2,20,0.0,0,22,0,25,0,0,61.8,1089,0
2059,2190,2015,200,0,0,0,0,17,0.0,0,280,0,25,0,0,81.2,1444,0
10836,1382,2019,200,0,0,0,2,15,0.0,0,240,0,21,0,0,83.0,1316,0
6501,3607,2016,200,0,0,0,6,20,0.0,1,0,0,20,0,0,56.7,1132,0
13516,2143,2019,200,0,0,0,8,23,0.0,2,118,0,24,0,0,73.0,1094,0
1771,7367,2014,200,0,0,0,0,15,0.0,0,42,0,24,0,0,76.6,1282,0
9983,1743,2008,550,0,0,0,410,16,0.0,1,10,0,10,0,0,66.0,1061,0
4281,1415,2012,615,0,0,0,759,25,0.0,0,128,0,24,0,0,69.2,1248,0
4723,1441,2012,641,0,0,0,22,28,0.0,25,0,0,23,0,0,59.5,1409,0
6537,1753,2013,200,0,0,0,1,12,0.0,0,3,0,9,0,0,72.0,1274,0
12194,5275,2021,853,0,0,0,3,10,0.0,0,0,0,11,0,0,69.6,997,0
9376,4015,2014,200,0,0,0,329,22,0.0,0,14,0,21,0,0,69.3,990,0
8936,1704,2012,200,0,0,0,80,13,0.0,5,3,0,10,0,0,68.5,1132,0
13389,1504,2009,550,0,0,0,141,6,0.0,0,8,0,3,0,0,73.4,1317,0
11059,8004,2021,373,0,0,0,2,11,0.0,0,4,0,23,0,0,70.8,819,0
12508,2613,2015,200,0,0,0,1,18,0.0,0,254,0,20,0,0,80.9,1420,0
7910,4453,2016,3653,0,0,0,10,20,0.0,0,264,0,23,0,0,82.4,1378,0
11812,1651,2008,200,0,0,0,327,13,0.0,0,25,0,18,0,0,79.1,1272,1
5866,10182,2015,200,0,0,0,0,9,0.0,0,1,0,22,0,0,94.4,1238,0
3623,1172,2011,200,0,0,0,264,18,0.0,0,154,0,7,0,0,80.6,998,0
10679,1000,2014,200,0,0,0,9,36,0.0,1,70,0,34,0,0,73.0,1159,0
10475,4501,2018,200,0,0,0,1,12,0.0,0,0,0,5,0,0,71.1,1133,0
9016,1152,2013,200,0,0,0,0,18,0.0,0,10,0,11,0,0,78.7,1385,0
4712,6639,2019,913,0,0,0,7,45,0.0,0,0,0,17,0,0,35.6,16,0
2615,1357,2008,557,0,0,0,56,12,0.0,0,38,0,8,0,0,72.3,1157,0
12093,2368,2007,200,0,0,0,563,28,0.0,1,2,0,21,0,0,67.8,1145,0
5077,2387,2020,482,0,0,0,9,54,0.0,0,0,0,19,0,0,36.2,20,0
4322,1382,2019,200,0,0,0,1,20,0.0,1,227,0,4,0,0,76.6,1361,0
4479,1352,2008,552,0,0,0,163,26,0.0,1,0,0,85,0,0,58.1,967,0
2102,3422,2016,200,0,0,0,4,9,0.0,0,2,0,5,0,0,69.9,1027,0
11915,1655,2017,900,0,0,0,2,14,0.0,0,2,0,19,0,0,68.3,1092,0
7423,1737,2018,200,0,0,1,4,32,0.0,0,0,0,44,0,0,37.3,19,0
12853,7613,2017,6850,0,0,0,3,21,0.0,0,259,0,6,0,0,79.4,1488,0
4503,2799,2019,1593,0,0,0,19,16,0.0,0,11,0,17,0,0,70.7,1247,0
11821,3807,2010,200,0,0,0,237,21,0.0,0,95,0,13,0,0,69.4,957,0
5302,3124,2009,200,0,0,0,147,18,0.0,1,1,0,23,0,0,57.9,1052,0
11646,1695,2017,900,0,0,0,1,12,0.0,0,0,0,5,0,0,70.5,1066,0
8762,1366,2014,566,0,0,0,2,12,0.0,0,67,0,5,0,0,82.9,1176,0
7199,3450,2009,200,0,0,0,302,24,0.0,0,4,0,11,0,0,55.5,938,0
10561,3270,2009,200,0,0,0,43,8,0.0,0,1,0,25,0,0,71.0,1219,0
4299,1504,2009,900,0,0,0,38,4,0.0,0,0,0,16,0,0,74.4,1181,0
2088,1730,2008,200,0,0,0,359,12,0.0,0,4,0,12,0,0,70.0,1219,1
4701,2052,2008,550,0,0,0,486,17,0.0,0,111,0,23,0,0,79.8,1251,0
1371,6539,2019,200,0,0,0,1,31,0.0,0,11,0,18,0,0,75.6,1377,1
7661,1334,2008,534,0,0,1,305,19,0.0,1,22,0,9,0,0,68.1,1311,0
7789,2714,2016,200,1,0,0,2,18,0.0,0,127,0,14,0,0,68.3,1349,0
13208,1958,2008,200,0,0,0,117,14,0.0,1,3,0,14,0,0,60.2,1060,1
10107,2901,2022,391,0,0,0,0,7,0.0,0,23,0,11,0,0,76.2,1031,0
12463,1555,2008,755,0,0,0,161,21,0.0,1,1,0,15,0,0,57.3,1092,0
5799,1527,2013,368,0,0,0,3,15,0.0,3,3,0,28,0,0,61.2,619,0
2713,2222,2020,318,0,0,0,6,26,0.0,0,0,0,33,0,0,36.3,17,0
7614,1343,2011,200,0,0,0,2,16,0.0,1,172,0,17,0,0,77.6,1313,0
13084,6321,2014,200,0,0,0,0,24,0.0,0,95,0,25,0,0,79.4,1535,0
11332,5550,2015,200,0,0,0,24,37,0.0,12,0,0,20,0,0,68.2,1410,0
7430,1385,2016,200,0,0,0,2,16,0.0,0,40,0,529,0,0,79.5,1047,0
10992,7050,2017,200,0,0,0,7,20,0.0,1,0,0,14,0,0,58.5,1113,0
6436,3855,2015,200,0,0,0,97,15,0.0,4,30,0,24,0,0,71.1,1008,0
2254,1357,2012,200,0,0,0,2,12,0.0,1,204,0,7,0,0,81.2,1273,0
8307,2190,2015,200,0,0,0,0,25,0.0,0,259,0,23,0,0,80.3,1365,0
2935,5965,2011,620,0,0,0,302,15,0.0,0,0,0,5,0,0,72.6,1114,0
10103,1721,2008,921,0,0,0,158,17,0.0,1,22,0,21,0,0,72.6,1106,0
1708,4243,2014,200,0,0,0,1,6,0.0,0,0,0,10,0,0,72.4,788,0
13551,2401,2020,1601,0,0,0,0,9,0.0,0,0,0,18,0,0,78.8,1007,0
10641,2006,2013,200,0,0,0,0,11,0.0,0,245,0,19,0,0,82.2,1220,0
2635,3095,2013,200,0,0,0,336,16,0.0,0,96,0,10,0,0,76.0,1378,0
882,1441,2021,200,0,0,0,3,7,0.0,0,0,0,13,0,0,71.4,773,0
9723,1496,2009,696,0,0,0,498,25,0.0,1,120,0,30,0,0,69.5,1156,0
2208,3875,2015,200,0,0,0,4,17,0.0,0,5,0,15,0,0,62.5,1150,0
9617,2220,2008,200,0,0,0,222,16,0.0,0,0,0,23,0,0,64.8,1111,0
2817,4339,2014,200,0,0,0,47,55,0.0,23,0,1,52,0,0,50.8,1293,0
11790,3772,2018,200,0,0,0,0,9,0.0,0,43,0,10,0,0,80.5,1125,0
6761,7125,2017,746,0,0,0,2,19,0.0,0,184,0,23,0,0,72.9,1245,0
4539,1186,2007,386,0,0,0,95,13,0.0,0,1,0,20,0,0,66.9,1127,0
4550,3055,2019,200,0,0,0,3,68,0.0,0,0,0,20,0,0,38.6,23,0
9763,3405,2015,200,0,0,0,8,45,0.0,0,59,0,26,0,0,72.7,1110,0
1979,1430,2014,200,0,0,0,1,30,0.0,0,243,0,25,0,0,80.0,1440,0
4046,3200,2021,874,0,0,0,3,20,0.0,0,9,0,11,0,0,64.7,1111,0
2946,4637,2018,200,0,0,0,0,11,0.0,0,2,0,12,0,0,70.4,1015,0
3038,1357,2013,200,0,0,0,3,38,0.0,0,24,0,20,0,0,62.4,1128,0
9387,3270,2008,200,0,0,0,218,10,0.0,1,1,0,14,0,0,57.2,964,0
12850,1331,2017,531,0,0,0,1,12,0.0,0,0,0,26,0,0,73.0,1104,0
1558,2276,2011,200,0,0,0,199,16,0.0,0,0,0,10,0,0,69.8,1103,0
9878,3387,2020,448,0,0,0,16,166,0.0,2,0,0,63,0,0,38.1,47,0
13656,2295,2022,643,0,0,0,1,11,0.0,0,10,0,8,0,0,68.0,845,0
12920,1674,2015,200,0,0,0,0,12,0.0,0,286,0,10,0,0,85.6,1442,0
1128,1415,2018,200,0,0,0,1,11,0.0,0,0,0,5,0,0,72.1,1209,0
2811,1915,2021,200,0,0,0,0,13,0.0,0,0,0,9,0,0,68.6,1125,0
9787,1368,2017,550,0,0,0,2,15,0.0,0,18,0,20,0,0,64.1,1255,0
6791,2571,2017,371,0,0,0,50,36,0.0,1,1,0,34,0,0,108.6,971,0
9045,3390,2013,200,0,0,0,541,35,0.0,0,100,0,16,0,0,75.4,1208,0
11835,4476,2019,994,0,0,0,2,32,0.0,0,173,0,20,0,0,72.6,1252,0
4653,1000,2014,200,0,0,0,5,26,0.0,1,126,0,20,0,0,64.6,991,0
1052,8704,2022,550,0,0,0,0,12,0.0,0,8,0,9,0,0,76.7,1051,0
7654,3912,2014,200,0,0,0,0,28,0.0,0,36,0,21,0,0,77.3,1176,0
49,4501,2018,200,0,0,0,1,12,0.0,0,0,0,18,0,0,69.4,1175,0
10291,2698,2009,200,0,0,1,858,85,0.0,1,11,0,50,0,0,52.6,1107,1
11620,1373,2016,200,0,0,0,1,23,0.0,2,216,0,11,0,0,78.4,1342,0
12391,2006,2013,200,0,0,0,4,21,0.0,0,0,0,11,0,0,56.3,1217,1
6653,2872,2008,200,0,0,0,178,15,0.0,1,71,0,6,0,0,74.4,1317,0
3011,1546,2020,491,0,0,0,0,11,0.0,0,6,0,9,0,0,70.1,1063,0
12715,4787,2022,1013,0,0,0,1,7,0.0,0,2,0,11,0,0,77.1,1157,0
11000,2122,2008,200,0,0,0,406,21,0.0,1,9,0,16,0,0,66.7,1213,0
2687,2006,2013,200,0,0,0,0,6,0.0,0,1,0,14,1,0,71.0,1091,0
2298,1788,2017,1250,0,0,0,3,18,0.0,0,37,0,22,0,0,59.7,1046,0
2991,1375,2021,575,0,0,0,1,11,0.0,0,5,0,6,0,0,70.4,1148,0
3948,1413,2021,613,0,0,0,0,9,0.0,0,5,0,5,0,0,69.5,1065,0
10788,7241,2015,200,0,0,0,712,26,0.0,0,186,0,4,0,0,76.0,1275,0
112,1647,2019,200,0,0,0,6,27,0.0,4,0,0,18,0,0,57.4,1066,0
10108,1000,2014,200,0,0,0,1,12,0.0,0,130,0,23,0,0,87.2,1295,0
4839,2041,2017,200,0,0,0,6,22,0.0,4,118,0,21,0,0,73.0,1251,0
10413,2740,2019,200,0,0,0,3,22,0.0,2,223,0,10,0,0,79.2,1355,0
393,1177,2008,377,0,0,0,576,14,0.0,0,121,0,5,0,0,81.0,1064,0
2532,2670,2014,200,0,0,0,3,30,0.0,0,26,0,19,0,0,63.7,947,0
4996,1606,2008,200,0,0,1,222,11,0.0,0,2,0,18,0,0,58.3,984,0
5605,1738,2010,200,0,0,0,322,21,0.0,0,92,0,3,0,0,79.6,1181,0
108,2400,2009,200,0,0,0,577,19,0.0,1,181,0,13,0,0,79.4,1242,0
1551,2043,2016,200,0,0,0,1,18,0.0,0,201,0,25,0,0,76.1,1198,0
7101,2169,2017,669,0,0,0,4,17,0.0,0,0,0,9,0,0,63.4,1137,0
11589,1597,2014,200,0,0,0,516,28,0.0,1,6,0,19,0,0,62.7,1196,0
10889,3320,2018,200,0,0,0,5,45,0.0,1,190,0,16,0,0,68.8,1236,0
7752,1390,2008,375,0,0,0,182,11,0.0,1,88,0,15,0,0,75.4,1323,0
3310,3977,2022,550,0,0,0,0,20,0.0,0,0,0,10,0,0,72.2,1114,0
5437,1387,2009,587,0,0,0,189,17,0.0,0,124,0,14,0,0,70.6,1060,0
7548,4088,2019,606,0,0,0,33,14,0.0,0,19,0,16,0,0,76.3,1204,0
13175,2022,2013,200,0,0,0,397,15,0.0,1,161,0,13,0,0,80.6,1085,0
2094,1343,2011,543,0,0,0,0,13,0.0,1,244,0,5,0,0,82.0,1409,0
12473,2925,2009,200,0,0,0,264,14,0.0,0,1,0,19,0,0,54.9,1113,0
7808,4477,2020,812,0,0,1,2,13,0.0,0,17,0,16,0,0,68.1,1051,0
12982,3726,2021,200,0,0,0,0,30,0.0,0,62,0,16,0,0,64.7,1077,0
11831,3392,2021,200,0,0,0,8,83,0.0,1,0,0,23,0,0,38.2,32,0
11782,3453,2017,200,0,0,0,5,53,0.0,1,115,0,15,0,0,68.5,1140,0
8132,4005,2012,200,0,0,0,24,39,0.0,17,69,0,16,0,0,62.7,1244,0
9820,1555,2016,371,0,0,0,0,11,0.0,0,265,0,22,0,0,85.5,1424,0
2141,1331,2017,531,0,0,0,2,8,0.0,0,1,0,18,0,0,72.5,1206,0
10080,4628,2014,200,0,0,0,479,18,0.0,0,173,0,12,0,0,78.5,1274,0
163,1000,2016,200,0,0,0,67,13,0.0,0,99,0,18,0,0,78.3,1077,0
4006,1757,2008,550,0,0,0,328,15,0.0,0,112,0,10,0,0,74.2,1086,0
7822,11531,2013,200,0,0,0,661,24,0.0,1,185,0,13,0,0,74.7,1275,0
8795,3390,2013,200,0,0,0,0,10,0.0,0,17,0,28,0,0,80.0,1169,0
5708,2449,2017,200,0,0,0,0,7,0.0,0,1,0,5,0,0,71.2,1180,0
2988,2010,2016,200,1,0,0,3,17,0.0,0,4,0,22,0,0,71.4,1024,0
13894,3226,2015,200,0,0,0,6,51,0.0,2,33,0,35,0,0,60.4,1114,0
7868,5736,2014,200,0,0,0,7,22,0.0,4,0,0,16,0,0,62.1,941,0
304,2089,2008,200,0,0,0,260,10,0.0,0,1,0,18,0,0,68.3,1027,0
9202,4904,2022,604,0,0,0,0,2,0.0,0,36,0,5,0,0,100.1,886,0
12039,1194,2014,394,0,0,0,3,52,0.0,1,24,0,29,0,0,62.2,1107,0
3349,2734,2019,790,0,0,0,6,18,0.0,4,13,0,3,0,0,61.2,983,0
8792,7534,2015,200,0,0,0,775,32,0.0,0,168,0,16,0,0,73.1,1299,0
1981,4370,2011,200,0,0,1,288,82,0.0,1,1,1,26,0,0,77.4,1088,0
12785,2056,2014,200,0,0,0,493,24,0.0,0,114,0,19,0,0,70.5,1281,0
8356,2091,2011,200,0,0,0,9,21,0.0,0,0,0,20,0,0,66.8,1245,0
245,1316,2011,516,0,0,0,478,22,0.0,2,100,0,13,0,0,72.9,1077,0
9625,1351,2014,200,0,0,0,108,12,0.0,0,13,0,6,0,0,65.6,1133,0
412,2758,2014,200,0,0,0,7,25,0.0,1,16,0,18,0,0,44.3,1032,0
7864,2406,2009,200,0,0,0,233,13,0.0,0,115,0,10,0,0,77.9,1113,0
6630,1399,2017,200,0,0,0,4,21,0.0,0,0,0,21,0,0,55.9,1332,0
4212,3900,2015,200,0,0,0,18,9,0.0,0,1,0,10,0,0,69.5,1086,0
5686,1702,2015,200,0,0,0,0,9,0.0,0,74,0,14,0,0,79.2,1155,0
13286,1690,2012,200,0,0,0,13,12,0.0,0,5,0,13,0,0,65.0,1007,0
9246,4126,2019,587,0,0,0,3,44,0.0,1,154,0,35,0,0,61.0,1093,0
881,2502,2014,200,0,0,1,53,7,0.0,2,48,0,8,0,0,67.0,1024,0
11721,2571,2008,550,0,0,0,257,12,0.0,0,1,0,7,0,0,74.2,1248,0
7630,6334,2017,200,0,0,0,5,15,0.0,0,0,0,26,0,0,57.4,1133,0
670,4910,2011,200,0,0,0,540,29,0.0,0,135,1,20,0,0,75.4,1142,0
5821,3947,2014,200,0,0,0,2,14,0.0,0,284,0,23,0,0,82.8,1452,0
7924,1360,2013,200,0,0,0,163,19,0.0,4,225,0,25,0,0,77.8,1166,0
13071,2915,2013,200,0,0,0,0,11,0.0,0,50,0,15,0,0,74.0,939,0
4646,1932,2019,200,0,0,0,0,4,0.0,0,0,0,15,0,0,111.2,1140,0
13113,1523,2010,321,0,0,0,331,16,0.0,0,7,0,9,1,0,71.8,1103,0
8903,1854,2015,200,0,0,0,0,9,0.0,0,6,0,16,0,0,71.5,1120,0
10699,2775,2016,200,0,0,0,3,14,0.0,0,0,0,10,0,0,67.8,1163,0
13412,6273,2014,200,0,0,0,0,23,0.0,0,2,0,28,0,0,75.7,1440,0
11328,5192,2016,200,0,0,0,2,11,0.0,0,174,0,20,0,0,81.1,1273,0
5958,1344,2008,200,0,0,1,359,18,0.0,1,1,0,13,0,0,56.3,1100,0
13186,1539,2012,200,0,0,1,46,7,0.0,1,10,0,18,0,0,61.1,1056,0
5472,1718,2011,200,0,0,0,124,11,0.0,0,7,0,20,0,0,73.5,1181,0
2982,1000,2019,613,0,0,0,1,15,0.0,0,198,0,27,0,0,83.7,1162,0
631,2400,2021,1600,0,0,0,3,17,0.0,0,17,0,12,0,0,62.5,1096,0
1263,1767,2009,200,0,0,0,18,9,0.0,0,112,0,12,0,0,90.7,843,1
3739,5231,2017,620,0,0,0,0,12,0.0,0,0,0,5,0,0,71.0,1102,0
8656,8285,2016,200,0,0,0,0,15,0.0,0,32,0,11,0,0,72.2,1167,0
12543,1908,2011,200,0,0,0,424,14,0.0,0,58,0,8,0,0,71.7,890,0
8627,2054,2011,200,0,0,0,28,14,0.0,0,0,0,17,0,0,69.1,1101,0
11973,1599,2018,200,0,0,0,4,14,0.0,0,2,0,62,0,0,57.7,1068,0
4228,1730,2013,930,0,0,0,3,10,0.0,3,27,0,17,0,0,76.4,1087,0
6068,1674,2008,550,0,0,0,206,22,0.0,1,0,0,16,0,0,57.6,876,0
8292,11570,2021,200,0,0,0,0,53,0.0,0,0,0,22,0,0,69.1,733,1
2536,1491,2008,200,0,0,0,428,20,0.0,0,2,0,5,0,0,61.6,1076,1
5184,1363,2008,563,0,0,0,98,8,0.0,0,1,0,10,0,0,64.3,1083,0
7475,2419,2022,531,0,0,0,0,10,0.0,0,5,0,8,0,0,68.8,1100,0
2845,2403,2020,529,0,0,0,0,11,0.0,0,2,0,12,0,0,70.0,1128,0
11020,1714,2016,550,0,0,0,0,13,0.0,0,1,0,7,0,0,66.4,1018,0
8214,1439,2014,639,0,0,0,5,15,0.0,5,4,0,14,0,0,64.8,952,0
5360,2390,2014,200,0,0,0,3,38,0.0,1,32,0,39,0,1,66.3,941,0
4280,1355,2008,550,0,0,0,165,11,0.0,1,3,0,5,0,0,58.4,1140,0
2873,1226,2013,200,0,0,0,36,49,0.0,18,0,0,19,0,0,57.4,1334,0
3989,3088,2008,375,0,0,0,321,16,0.0,0,10,0,18,0,0,56.4,1071,0
2012,1389,2012,200,0,0,0,0,10,0.0,0,7,0,5,0,0,73.0,1091,0
13940,5868,2017,518,0,0,0,1,17,0.0,0,271,0,17,0,0,79.6,1414,0
12933,6961,2014,200,0,0,1,3,15,0.0,0,49,0,16,0,0,111.9,1051,1
5780,1737,2014,200,0,0,0,244,13,0.0,0,109,0,13,0,0,72.6,1036,0
8492,1186,2012,386,0,0,0,2,22,0.0,0,134,0,29,0,0,75.2,1245,0
13419,1672,2012,200,0,0,0,36,12,0.0,0,8,0,15,0,0,69.7,1189,0
217,2012,2010,200,0,0,0,426,32,0.0,0,130,0,12,0,0,74.6,884,0
10355,2415,2011,200,0,0,0,365,15,0.0,1,78,0,28,0,0,70.2,1443,0
2165,1000,2010,200,0,0,0,346,29,0.0,0,91,0,12,0,0,72.1,1218,0
11525,4274,2011,622,0,0,0,568,28,0.0,0,84,0,6,0,0,71.7,1161,0
5461,4531,2022,533,0,0,0,1,7,0.0,0,20,0,7,0,0,78.9,946,0
13258,1502,2013,200,0,0,0,5,33,0.0,0,44,0,29,0,0,70.5,1106,0
14063,1737,2014,200,0,0,0,4,29,0.0,0,26,0,23,0,0,65.8,964,0
10523,1695,2011,200,0,0,0,12,60,0.0,10,135,0,20,0,0,82.9,1205,0
14029,1371,2010,372,0,0,0,18,10,0.0,0,42,0,14,0,0,77.9,1188,0
6151,6611,2017,561,0,0,0,4,18,0.0,2,131,0,19,0,0,70.1,1270,0
12940,1214,2012,200,0,1,0,29,12,0.0,0,2,0,4,0,0,68.0,1096,0
12518,1342,2014,347,0,0,0,3,37,0.0,0,19,0,26,0,0,63.5,966,0
11855,1758,2008,550,0,0,0,369,19,0.0,0,15,0,6,0,0,58.8,1141,0
1132,2750,2009,200,1,0,0,273,16,0.0,0,136,0,46,0,0,79.8,1042,0
9101,1888,2016,388,0,0,0,5,14,0.2,1,2,0,25,0,0,69.8,1215,0
11960,7140,2015,375,1,0,0,4,33,0.0,2,146,0,24,0,0,75.4,1268,0
4091,2428,2019,200,0,0,0,6,78,0.0,0,0,0,34,0,0,39.3,114,0
12232,4942,2018,200,0,0,0,0,7,0.0,0,5,0,16,0,0,76.8,626,0
7878,3050,2016,200,0,0,0,2,27,0.0,0,2,0,15,0,0,69.3,1147,1
1019,1161,2011,200,0,0,0,0,21,0.0,1,3,0,3,1,2,79.0,1346,0
47,2056,2022,544,0,0,0,0,14,0.0,0,29,0,10,0,0,70.4,1074,0
3937,1630,2021,830,0,0,0,2,53,0.0,0,0,0,14,0,0,35.8,21,0
8199,1360,2008,375,0,0,0,57,11,0.0,1,147,0,7,0,0,81.5,1203,0
9916,7930,2011,200,0,0,0,255,11,0.0,0,4,1,18,0,0,69.7,1113,0
6670,7367,2014,200,0,0,0,1,23,0.0,0,44,0,18,0,0,79.5,1242,0
8906,3844,2019,510,0,0,0,6,15,0.0,6,4,0,15,0,0,64.2,947,0
4963,16413,2021,375,0,0,0,8,114,0.0,1,0,0,31,0,0,38.0,13,0
6009,5412,2022,471,0,0,0,2,6,0.0,0,30,0,8,0,0,79.7,1010,0
2066,2192,2011,200,0,0,0,4,17,0.0,3,129,0,17,0,0,72.4,1195,0
9445,6397,2020,200,0,0,0,2,15,0.0,0,38,0,13,0,0,62.1,1125,0
12430,2494,2014,200,0,0,0,11,67,0.0,0,0,0,26,0,0,38.4,9,0
3601,2159,2012,200,0,0,0,23,29,0.0,30,0,0,15,0,0,51.8,1641,0
189,5960,2014,200,0,0,0,5,22,0.0,2,2,0,13,0,0,69.7,1200,0
11350,1901,2013,200,0,0,0,61,7,0.0,0,5,0,1,0,0,66.1,1203,0
13395,1714,2013,200,0,0,0,63,9,0.0,0,4,0,13,0,0,74.9,1098,0
5072,3109,2017,200,0,0,0,4,31,0.0,0,47,0,15,0,0,69.7,1153,0
6064,1371,2012,417,0,0,0,10,5,0.0,0,0,0,10,0,0,74.2,829,0
13878,7589,2016,200,0,0,0,280,13,0.0,1,162,0,3,0,0,80.0,1135,0
13333,1666,2009,550,0,0,0,303,11,0.0,1,60,0,4,0,0,68.5,1225,0
9296,2794,2012,200,0,0,0,72,9,0.0,1,2,1,14,0,0,56.5,1084,1
6118,3169,2015,200,0,0,0,5,23,0.0,0,140,0,23,0,0,70.3,1340,0
3399,9833,2014,200,0,0,0,738,23,0.0,0,163,0,22,0,0,73.6,1231,0
3896,2065,2009,200,0,0,0,360,15,0.0,0,163,0,14,0,0,77.6,1117,0
3034,2971,2010,200,0,0,0,615,24,0.0,0,142,0,14,0,0,76.3,1145,0
9880,2024,2008,200,0,0,0,37,10,0.0,0,84,0,13,0,0,82.6,1188,0
13451,2420,2022,564,0,0,0,0,13,0.0,0,32,0,8,0,0,74.0,920,0
4889,7461,2019,200,0,0,0,18,31,0.0,0,0,0,204,0,0,36.9,93,0
11031,12093,2020,200,0,0,0,2,8,0.0,0,5,0,11,0,0,71.0,1008,0
5173,1308,2015,200,0,0,3,0,54,0.0,0,2,0,5,0,0,72.8,1115,0
11117,5902,2018,550,0,0,2,0,14,0.0,0,51,0,15,0,0,75.5,1163,0
4691,7095,2018,879,0,0,0,3,16,0.4,0,0,0,7,0,0,68.0,1255,0
8990,1364,2009,200,0,0,0,388,27,0.0,0,94,0,17,0,0,75.3,1048,0
629,3090,2021,1129,0,0,0,9,93,0.0,0,0,0,42,0,0,38.3,11,0
6698,5125,2014,200,0,0,0,436,14,0.0,1,8,0,43,0,0,60.4,1153,0
5305,2390,2015,200,0,0,0,0,8,0.0,0,0,0,6,0,0,77.7,1021,0
203,4490,2013,200,0,0,0,472,28,0.0,0,134,0,14,0,0,70.0,1033,0
5463,1767,2009,200,0,0,0,336,12,0.0,0,85,0,9,0,0,87.7,1175,0
9658,2096,2008,375,0,0,0,684,14,0.0,1,227,0,18,0,0,90.4,1214,0
4860,2927,2022,587,0,0,0,0,10,0.0,0,3,0,8,0,0,71.0,1078,0
2158,1741,2013,200,0,0,0,12,65,0.0,2,8,0,71,1,3,41.3,951,0
11471,2395,2009,200,0,0,0,18,15,0.0,0,2,0,18,0,0,69.5,1085,0
5223,2190,2015,200,0,0,0,0,14,0.0,0,53,0,12,0,0,74.4,1029,0
12493,3436,2021,200,0,0,0,7,79,0.0,0,1,0,27,0,0,37.9,28,0
3420,1311,2013,200,0,0,0,9,62,0.0,3,10,0,62,1,3,41.2,938,0
4615,2977,2019,571,0,0,1,558,42,0.0,7,0,0,35,0,0,56.2,959,0
56,2432,2013,200,0,0,0,254,19,0.0,3,2,0,10,0,0,66.4,1020,0
9799,1342,2016,200,0,0,0,2,23,0.0,0,2,0,7,0,0,69.5,1052,0
10336,2077,2008,550,0,1,0,51,13,0.0,1,36,0,7,0,0,73.2,1165,0
2799,1478,2015,200,0,0,0,1,10,0.0,0,231,0,17,0,0,84.2,1430,0
8107,2621,2014,200,0,0,0,6,21,0.0,5,7,0,30,0,0,64.9,902,0
3728,1383,2022,583,0,0,0,2,11,0.0,0,37,0,10,0,0,65.3,1132,0
12388,9695,2020,200,0,0,0,5,15,0.0,0,0,0,16,0,0,56.4,1127,1
12760,3055,2019,200,0,0,0,2,2,0.0,0,0,0,5,0,0,44.8,90,0
6756,1370,2013,200,0,0,0,114,22,0.0,8,4,0,31,0,0,61.6,1025,0
5498,1345,2012,200,0,0,0,0,7,0.0,0,4,0,5,0,0,74.8,1251,0
7460,3192,2014,200,0,0,0,30,52,0.0,6,6,0,37,1,0,73.4,974,0
10890,1891,2015,200,0,0,0,0,15,0.0,0,82,0,23,0,0,74.5,1122,0
9320,1374,2009,574,1,0,0,281,22,0.0,1,12,0,10,0,0,52.8,1073,0
6143,4143,2016,200,0,0,0,1,8,0.0,0,128,0,19,0,0,83.7,1236,0
11329,3128,2019,200,0,0,0,0,11,0.0,0,14,0,14,0,0,72.9,1093,0
12983,4822,2012,200,0,0,0,14,21,0.0,0,0,0,26,0,0,68.1,1016,0
2477,3106,2016,200,0,0,0,0,11,0.0,0,0,0,5,0,0,70.7,1151,0
9765,1415,2008,615,0,0,0,306,15,0.0,1,0,1,17,0,0,57.9,1150,0
11251,3095,2013,200,0,0,0,90,14,0.0,0,11,0,17,0,0,72.4,1164,0
11965,1697,2020,514,0,0,0,2,15,0.0,0,20,0,16,0,0,65.3,1214,0
5496,1361,2020,561,0,0,0,1,10,0.0,0,42,0,6,0,0,68.9,1022,0
7290,2143,2021,1343,0,0,0,0,8,0.0,0,1,0,8,0,0,74.3,776,0
5777,3099,2018,200,0,0,0,2,18,0.0,0,34,0,14,0,0,67.4,1230,0
9645,1639,2010,839,0,0,0,484,22,0.0,0,104,0,14,0,0,78.4,1240,0
6930,2169,2017,669,0,0,0,9,9,0.2,0,4,0,5,0,0,65.6,992,0
8160,3760,2021,1095,0,0,0,2,11,0.0,0,3,0,24,0,0,73.1,1055,0
6318,6182,2013,200,0,0,0,597,19,0.0,1,158,0,37,0,0,70.7,1343,0
10669,3320,2018,200,0,0,0,48,36,0.1,1,1,0,28,0,0,108.9,977,0
11899,3607,2016,200,0,0,0,2,21,0.0,0,130,0,18,0,0,67.8,1305,0
719,1353,2011,553,0,0,0,1,43,0.0,0,32,0,39,0,0,73.6,1141,0
6615,2498,2013,200,0,0,0,0,13,0.0,0,169,0,18,0,0,81.7,1490,0
2251,1705,2009,200,0,0,0,232,10,0.0,0,1,0,9,0,0,67.6,1150,0
8655,1415,2018,200,0,0,0,0,13,0.0,0,37,0,10,0,0,76.5,1153,0
4902,1343,2012,200,0,0,0,0,8,0.0,0,45,0,12,0,0,68.9,1149,0
5680,4701,2015,200,0,0,0,2,25,0.0,0,34,0,16,0,0,74.1,1009,0
10824,1891,2015,200,0,0,0,3,14,0.0,0,0,0,14,0,0,58.1,1135,0
19,1539,2011,200,0,0,0,367,24,0.0,0,4,0,8,0,0,71.6,1186,0
101,12735,2021,200,0,0,0,0,9,0.0,0,0,0,18,0,0,78.8,1007,0
954,2046,2013,200,0,0,0,139,16,0.0,2,4,0,10,0,0,72.8,1011,0
11241,4593,2015,200,0,0,0,0,9,0.0,0,14,0,14,0,0,71.6,1145,0
12880,3797,2015,200,0,0,0,3,19,0.0,0,0,0,12,0,0,56.9,957,0
7850,4892,2016,200,0,0,0,4,12,0.0,0,1,0,15,0,0,73.6,1135,0
10266,1361,2018,200,0,0,0,454,35,0.0,0,19,0,29,0,0,62.6,1251,0
13062,1337,2008,537,0,0,0,479,22,0.0,1,4,0,15,0,0,55.7,898,0
5618,1690,2008,890,0,0,0,585,18,0.0,1,208,0,4,0,0,83.9,1363,0
6531,1685,2013,200,0,0,0,7,19,0.0,6,2,0,14,0,0,64.2,1041,0
9691,2195,2019,200,0,0,0,10,117,0.0,0,0,0,49,0,0,37.4,40,0
13902,1386,2022,586,0,0,0,2,10,0.0,0,34,0,8,0,0,58.9,1136,0
7510,2904,2008,375,0,0,0,352,14,0.0,0,6,0,19,0,0,66.0,1158,1
192,5612,2014,200,0,0,0,2,18,0.0,0,164,0,13,0,0,82.3,1433,0
11111,6543,2014,200,0,0,0,5,25,0.0,3,139,0,13,0,0,73.1,1341,0
13472,2423,2018,571,0,0,0,83,52,0.0,22,0,0,42,0,0,50.4,1153,0
3377,5911,2018,1600,0,0,0,238,21,0.0,2,0,0,20,0,0,72.0,1067,0
1673,6812,2014,200,0,0,0,0,21,0.0,0,12,0,22,0,0,78.9,1269,0
13118,2487,2010,200,0,0,0,495,23,0.0,0,9,0,12,0,0,68.2,1210,0
8823,1648,2021,200,0,0,0,0,6,0.0,0,2,0,14,0,0,70.5,1103,0
853,6624,2008,200,1,0,0,51,7,0.0,0,0,0,6,0,0,143.8,973,0
3053,3070,2015,200,0,0,0,4,33,0.0,1,37,0,502,0,0,69.3,1031,0
13918,1701,2021,901,0,0,0,2,40,0.0,0,0,0,5,0,0,32.9,13,0
4149,1562,2008,550,0,0,0,411,16,0.0,1,5,0,14,0,0,60.9,1132,0
12856,3876,2019,1021,0,0,0,5,34,0.0,0,87,0,27,0,0,69.6,1137,0
7584,10884,2018,550,0,0,0,1,18,0.0,0,185,0,18,0,0,75.1,1482,0
11707,3796,2016,200,0,0,0,1,20,0.0,0,248,0,24,0,0,84.2,1340,0
13866,1380,2019,200,0,0,0,9,84,0.0,1,0,0,39,0,0,35.5,18,0
13541,1357,2013,200,0,0,0,5,36,0.0,1,0,0,31,0,0,57.2,1038,0
11746,1541,2013,200,0,0,0,1,21,0.0,0,243,0,17,0,0,79.8,1369,0
4722,1719,2018,200,0,0,0,251,24,0.0,2,0,0,15,0,0,72.1,960,0
2645,7302,2018,965,0,0,1,2,15,0.0,0,2,0,18,0,0,69.8,1144,0
5755,1555,2008,755,0,1,0,251,12,0.0,0,49,0,19,0,0,75.8,1204,0
6429,1361,2017,200,0,0,3,1,12,0.0,0,0,0,21,0,0,69.2,804,0
7836,1355,2008,550,0,0,0,199,11,0.0,0,3,0,8,0,0,63.1,1251,0
2975,1743,2007,550,0,0,1,577,39,0.0,1,0,0,28,0,0,64.0,1235,0
3332,1373,2022,573,0,0,2,3,13,0.0,0,32,0,9,0,0,58.8,1111,0
9145,7050,2017,200,0,0,0,0,13,0.0,0,280,0,11,0,0,85.4,1417,0
459,2088,2022,492,0,0,0,1,10,0.0,0,10,0,8,0,0,67.9,1077,0
2896,2403,2016,200,0,0,0,2,15,0.0,0,8,0,19,0,0,69.7,1168,0
4774,2054,2014,200,0,0,0,5,38,0.0,0,27,0,35,0,0,62.8,951,0
2023,1221,2011,200,0,0,0,360,15,0.0,0,7,0,14,0,0,67.1,1160,0
5995,2701,2010,200,0,0,0,436,20,0.0,0,152,0,18,0,0,80.3,1075,0
9635,2236,2019,200,0,0,1,4,34,0.0,0,13,0,38,0,0,87.3,995,0
9443,5212,2020,1031,0,0,0,3,15,0.0,0,0,0,7,0,0,64.6,1097,0
6054,5035,2013,200,0,0,0,7,8,0.0,0,1,0,14,0,0,72.3,1002,1
9085,1599,2018,200,0,0,0,0,15,0.0,0,11,0,5,0,0,71.0,1096,0
13470,3741,2010,200,0,0,1,245,45,0.0,1,2,0,10,0,0,66.1,991,0
3997,2057,2013,200,0,0,0,4,14,0.0,3,5,0,3,0,0,71.9,1004,0
7986,1361,2008,550,0,0,1,335,17,0.0,1,5,0,5,0,0,55.3,1162,0
3892,2001,2007,200,0,0,0,506,17,0.0,1,122,1,9,0,0,65.4,1130,0
11248,1812,2016,352,0,0,0,6,21,0.0,0,43,0,309,0,0,93.4,1037,0
13970,3947,2019,200,0,0,2,4,41,0.0,0,0,0,25,0,0,37.2,14,0
9447,3086,2012,200,0,0,0,8,10,0.0,0,103,0,15,0,0,76.4,1176,0
4706,6453,2015,200,0,0,0,48,8,0.0,0,116,0,11,0,0,78.0,1297,0
7090,1372,2007,572,0,0,1,50,17,0.0,0,14,0,21,0,0,58.9,1087,0
5729,2068,2018,200,0,0,0,244,38,0.0,0,2,0,32,0,0,68.1,968,0
11028,2096,2012,200,0,0,0,17,17,0.0,0,224,0,16,0,0,83.2,1381,0
10101,1360,2013,200,0,0,0,94,16,0.0,6,64,0,32,0,0,58.7,966,0
5994,1396,2012,596,0,0,0,3,6,0.0,0,42,0,10,0,0,71.6,1143,0
7365,1496,2009,696,0,0,0,517,20,0.0,1,108,0,14,0,0,69.0,1129,1
11903,3292,2020,608,0,0,0,7,36,0.0,0,0,0,23,0,0,52.0,996,1
11448,7084,2014,200,0,0,0,0,22,0.0,0,25,0,22,0,0,79.7,1082,0
13879,5550,2015,200,0,0,0,24,56,0.0,5,16,0,134,2,0,73.2,806,0
11540,1353,2011,553,0,0,0,0,29,0.0,0,2,0,29,0,0,77.3,1310,0
10460,3947,2019,200,0,0,0,7,40,0.0,0,0,0,13,0,0,36.0,21,0
7231,3055,2016,200,0,0,0,0,7,0.0,0,2,0,9,0,0,73.8,1074,0
8065,3475,2016,200,0,0,0,0,8,0.0,0,1,0,118,0,0,71.9,1123,0
10727,6597,2021,477,0,0,0,0,8,0.0,0,6,0,12,0,0,69.3,1141,0
7875,2030,2016,200,0,0,0,0,11,0.0,0,64,0,6,0,0,79.0,1161,0
6395,2740,2019,200,0,0,0,14,30,0.0,3,81,0,17,0,0,35.3,971,0
866,5745,2008,200,0,0,0,63,11,0.0,0,210,1,23,0,0,86.8,1281,1
13663,1388,2012,200,0,0,0,3,69,0.0,0,2,0,28,0,0,39.6,19,0
8930,6221,2015,200,0,0,0,278,28,0.0,4,3,0,21,0,0,81.1,1145,0
10173,12186,2013,200,0,0,1,402,27,0.0,1,2,0,24,0,0,58.4,1140,0
12527,1888,2012,200,0,0,0,63,24,0.0,2,9,0,24,0,0,58.0,1025,0
1552,2136,2009,200,0,0,0,395,21,0.0,1,140,0,20,0,0,71.8,1343,0
6093,4243,2008,550,0,0,0,393,16,0.0,0,108,0,19,0,0,67.4,1177,0
1874,2803,2014,200,0,0,0,10,20,0.0,4,0,0,26,0,0,65.1,1045,0
7740,2068,2016,1268,0,0,0,0,15,0.0,0,266,0,21,0,0,83.4,1366,0
1301,2063,2013,200,0,0,0,2,14,0.0,0,37,0,18,0,0,61.9,1024,0
10462,2071,2016,200,0,0,0,1,16,0.0,0,0,0,8,0,0,66.6,1090,0
9339,1385,2016,200,0,0,0,4,29,0.0,0,44,0,28,0,0,72.1,1041,0
7276,6460,2018,200,0,0,0,184,10,0.0,1,9,0,11,0,0,68.5,1290,0
6460,1372,2007,572,0,0,0,82,15,0.0,1,8,0,10,0,0,65.0,1173,0
3662,1601,2020,801,0,0,0,8,10,0.0,2,15,0,16,0,0,67.6,1168,0
6096,1762,2011,200,0,0,0,3,25,0.0,0,38,0,13,0,0,66.8,1149,0
11325,2402,2008,1602,0,0,0,363,10,0.0,0,56,1,18,0,0,73.3,940,0
2529,2033,2019,407,0,0,0,6,21,0.0,4,128,0,16,0,0,81.3,1330,0
2796,1310,2018,200,0,0,0,14,24,0.0,0,0,0,9,0,0,70.0,1004,0
6804,2122,2008,200,0,0,0,322,30,0.0,0,4,0,15,0,0,67.7,1195,0
3942,8001,2018,550,0,0,0,0,11,0.0,0,0,0,6,0,0,69.9,1173,0
5164,2050,2017,200,0,0,0,8,11,0.0,1,0,0,22,0,0,62.3,1038,0
8739,1719,2018,200,0,0,0,1,10,0.0,0,0,0,20,0,0,70.3,1100,0
4873,2533,2019,1733,0,0,0,0,12,0.0,0,44,0,6,0,0,68.9,1069,0
1748,8407,2016,200,0,0,0,48,11,0.0,3,5,0,6,0,0,65.8,1011,0
699,2377,2017,200,0,0,0,5,33,0.0,1,17,0,32,0,0,55.1,1217,0
13034,2694,2019,200,0,0,0,3,32,0.0,0,0,0,129,0,0,63.6,1148,0
5826,1891,2015,200,0,0,0,0,8,0.0,0,4,0,5,0,0,70.8,1169,0
7116,2047,2012,200,0,0,0,354,24,0.0,4,3,0,7,0,0,64.2,1268,0
4385,1364,2007,375,0,0,1,311,5,0.0,0,250,0,9,0,0,85.6,1412,0
6191,6230,2017,200,0,0,0,2,25,0.0,0,192,0,18,0,0,74.7,1354,0
928,5799,2020,200,0,0,0,19,62,0.0,1,85,0,142,0,0,76.1,1175,0
11700,2428,2019,1628,0,0,0,3,34,0.0,0,0,0,16,0,0,36.6,10,0
4544,5951,2015,200,0,0,0,51,12,0.0,0,33,0,10,0,0,76.4,1186,0
1509,2406,2017,200,0,0,0,0,13,0.0,0,42,0,7,0,0,67.0,1051,0
891,2442,2009,200,0,0,0,112,15,0.0,0,3,0,19,0,0,73.5,1264,0
9209,1380,2009,200,0,0,0,40,13,0.0,0,191,0,4,0,0,77.9,1155,0
12549,5317,2015,200,0,0,0,313,6,0.0,0,202,0,7,0,0,91.1,1023,0
5844,1344,2008,544,0,0,0,299,11,0.0,1,7,0,6,0,0,73.3,1352,0
5873,2929,2019,200,0,0,0,74,11,0.0,0,3,0,27,0,0,68.8,592,0
9067,1686,2008,200,0,0,0,656,23,0.0,1,214,1,29,0,1,79.8,1288,0
9352,7559,2017,1159,0,0,0,1,7,0.0,0,0,0,14,0,0,71.8,1132,0
10983,2775,2009,200,0,0,0,349,17,0.0,1,84,0,17,0,0,79.6,1094,1
11396,2410,2011,200,0,0,1,35,58,0.0,19,1,0,29,0,0,54.4,1385,0
11963,5960,2017,610,0,0,0,0,8,0.0,0,2,0,9,0,0,72.2,972,0
9711,4454,2016,200,0,0,0,0,8,0.0,0,65,0,10,0,0,78.9,1199,0
5487,3139,2021,200,0,0,0,0,9,0.0,0,0,0,9,0,0,70.6,832,0
9678,1599,2018,200,0,0,0,1,9,0.0,0,4,0,5,0,0,71.4,1141,0
4340,4589,2011,200,0,0,0,378,21,0.0,0,2,0,12,0,0,67.6,1170,0
12891,1696,2009,200,0,0,0,367,16,0.0,0,96,0,9,0,0,69.8,1144,0
10225,3461,2017,200,0,0,0,4,17,0.0,0,1,0,9,0,0,60.7,1034,0
3359,5346,2009,200,0,0,0,302,15,0.0,1,4,0,12,0,0,56.1,991,0
13818,1737,2014,200,0,0,0,5,37,0.0,0,27,0,20,0,0,62.7,943,0
1131,1686,2019,886,0,0,0,5,43,0.0,0,0,0,15,0,0,35.7,13,0
8282,3993,2021,967,0,0,1,4,42,0.0,0,0,0,35,0,0,37.3,16,0
12346,8338,2015,200,0,0,0,6,21,0.0,6,3,0,14,0,0,64.3,1065,0
10683,1725,2015,200,0,0,0,0,14,0.0,0,128,0,23,0,0,81.4,1198,0
9161,3074,2016,200,0,0,0,0,7,0.0,0,275,0,27,0,0,86.1,1366,0
11209,1000,2017,200,0,0,0,0,20,0.0,0,210,0,21,0,0,79.2,1410,0
12521,1344,2008,544,0,0,0,407,14,0.0,1,9,0,11,0,0,70.6,1494,0
10317,3993,2021,967,0,0,0,2,7,0.0,0,37,0,20,0,0,64.2,1063,0
4581,1468,2017,550,0,0,2,9,101,0.0,2,0,0,126,0,0,111.6,1351,0
2622,7321,2022,531,0,0,0,1,11,0.0,0,2,0,7,0,0,71.9,1104,0
11103,1711,2022,523,0,0,0,8,14,0.0,0,0,0,9,0,0,31.1,27,0
7890,1324,2010,524,0,0,0,294,27,0.0,0,4,0,12,0,0,70.5,1231,0
6122,1732,2022,932,0,0,0,10,37,0.0,0,0,0,13,0,0,36.7,22,0
5192,3286,2012,200,0,0,0,283,15,0.0,0,4,0,25,0,0,66.3,1131,0
3340,1361,2008,235,0,0,0,207,16,0.0,1,32,0,34,0,0,66.4,1113,0
6150,1689,2013,200,0,0,0,2,9,0.0,0,99,0,18,0,0,83.1,960,0
13001,1424,2021,449,0,0,0,0,32,0.0,0,2,0,16,0,0,74.1,1000,0
13014,2050,2013,1250,0,0,0,2,29,0.0,0,207,0,26,0,0,86.3,1168,0
54,3851,2011,200,0,0,0,108,15,0.0,0,136,0,24,0,0,81.5,1007,0
11006,4128,2016,200,0,0,0,0,23,0.0,0,258,0,22,0,0,82.5,1471,0
755,1704,2012,904,0,0,0,101,15,0.0,3,140,0,16,0,0,78.6,1368,0
8124,4525,2018,1600,0,0,0,3,10,0.0,0,2,0,6,0,0,64.0,1099,0
12796,1414,2011,200,0,0,0,0,16,0.0,0,40,0,5,0,0,66.9,1037,0
8032,3450,2013,200,0,0,0,6,22,0.0,0,0,0,4,0,0,81.3,1220,0
11966,1358,2008,550,0,0,1,76,10,0.0,1,1,1,9,0,0,56.2,1229,0
2626,3580,2021,200,0,0,0,2,11,0.0,0,5,0,11,0,0,77.3,1063,1
7427,6334,2017,200,0,0,2,2,13,0.0,0,36,0,15,0,0,63.8,1161,0
11114,3277,2014,200,0,0,0,0,11,0.0,0,22,0,20,0,0,71.0,1129,0
13147,4437,2008,490,0,0,0,343,23,0.0,1,159,0,18,0,0,70.8,1267,1
13722,4128,2016,200,0,0,0,1,17,0.0,0,171,0,17,0,0,76.0,1097,0
1386,3202,2015,200,0,0,0,3,27,0.0,0,24,0,26,0,0,64.4,974,0
10773,1891,2015,200,0,0,0,0,14,0.0,0,29,0,9,0,0,70.0,1073,0
7983,1488,2019,338,0,0,0,6,18,0.0,5,4,0,8,0,0,65.0,896,0
13257,5171,2018,550,0,0,0,373,29,0.0,2,0,0,17,0,0,33.6,207,0
172,63454,2017,900,0,0,0,10,24,0.0,8,7,0,10,0,0,64.7,1628,0
6696,1380,2009,200,0,0,0,26,4,0.0,0,126,0,1,0,0,85.1,877,0
4067,1496,2009,696,0,0,0,337,16,0.0,1,5,1,12,0,0,59.7,952,1
1426,6539,2019,200,0,0,0,2,31,0.0,1,51,0,11,0,0,75.9,1389,0
11277,3796,2016,200,0,0,0,0,8,0.0,0,5,0,10,0,0,71.6,1120,0
13747,1768,2010,505,0,0,0,278,11,0.0,0,9,0,9,0,0,67.5,1181,0
12776,1238,2009,438,1,0,1,435,22,0.0,1,6,0,22,0,0,54.2,1171,0
10448,1650,2014,200,0,0,0,7,55,0.0,1,33,0,34,0,0,61.5,1072,0
6970,2407,2018,200,0,0,0,235,21,0.0,1,0,0,18,0,0,71.1,1053,0
13503,3895,2015,200,0,0,0,4,34,0.0,0,49,0,16,0,0,76.7,1262,0
1823,2058,2012,200,0,0,1,534,33,0.0,4,141,1,22,0,0,76.3,1188,0
9262,1406,2009,200,0,0,0,324,15,0.0,0,93,0,8,0,0,69.5,1119,0
5090,4649,2011,200,0,0,0,485,14,0.0,0,94,0,20,0,0,75.7,1263,0
9471,4490,2013,200,0,0,0,319,17,0.0,0,0,0,20,0,0,59.7,1092,1
5633,1374,2010,200,0,0,1,275,16,0.0,1,35,0,21,0,0,67.2,1347,0
11081,2033,2022,498,0,0,0,1,11,0.0,0,36,0,8,0,0,72.1,1024,0
1712,4266,2020,200,0,0,0,0,8,0.0,0,6,0,11,0,0,76.1,842,0
11300,4458,2014,200,0,0,0,158,18,0.0,3,138,0,21,0,0,75.5,1338,0
13362,1865,2019,358,0,0,0,1,17,0.0,0,39,0,7,0,0,65.9,1084,0
5951,2841,2014,200,0,0,0,85,16,0.0,7,15,0,7,0,0,58.4,791,1
11082,2041,2013,510,0,0,0,3,21,0.0,1,76,0,11,0,0,69.3,1320,0
6497,1351,2022,551,0,0,0,4,14,0.0,0,41,0,10,0,0,61.5,1146,0
7010,3445,2010,200,0,0,0,20,19,0.0,0,2,0,1,0,0,65.9,1128,0
12637,1352,2021,368,0,0,0,0,12,0.0,0,5,0,8,0,0,72.1,1030,0
162,4278,2020,613,0,0,0,3,19,0.0,0,42,0,12,0,0,60.0,1217,0
7823,1534,2011,200,0,0,0,65,17,0.0,0,3,0,3,0,0,66.5,1180,0
1500,2005,2011,200,0,0,1,520,18,0.0,1,0,0,7,0,0,52.4,996,0
13734,1000,2016,200,0,0,0,2,6,0.0,0,4,0,13,0,0,71.6,1106,0
11702,2029,2021,506,0,0,0,1,9,0.0,0,2,0,8,0,0,79.1,1106,0
11692,1702,2013,200,0,0,0,206,17,0.0,3,118,0,15,0,0,74.2,1348,0
3626,3821,2019,200,0,0,0,1,13,0.0,0,0,0,20,0,0,68.4,960,0
9600,7363,2014,200,0,0,0,330,17,0.0,0,168,0,7,0,0,77.8,1033,1
9954,2118,2012,200,0,0,0,8,9,0.0,0,52,0,8,0,0,74.0,1199,0
2407,2002,2007,1202,0,0,0,100,8,0.0,0,1,0,12,0,0,64.0,1231,0
6147,1406,2009,200,0,0,0,431,16,0.0,0,122,0,2,0,0,69.3,1003,0
5983,1436,2013,200,0,0,0,0,13,0.0,0,18,0,4,0,0,80.6,1066,0
931,4621,2021,827,0,0,0,0,10,0.0,0,2,0,8,0,0,73.8,1035,0
6703,1334,2008,534,0,0,0,767,31,0.0,0,122,0,12,0,0,66.2,1306,0
4504,1688,2011,200,0,0,0,0,28,0.0,0,0,0,27,0,0,78.6,1278,0
6095,2834,2017,200,0,0,0,6,30,0.0,2,0,0,31,0,0,55.7,1014,0
9240,1789,2022,636,0,0,0,2,16,0.0,0,20,1,9,0,0,64.5,1090,0
6358,3457,2019,200,0,0,0,6,12,0.0,1,0,0,6,0,0,60.3,1098,0
7219,6539,2019,200,0,0,0,2,21,0.0,0,79,0,22,0,0,70.3,1186,0
8812,2384,2011,533,0,0,0,81,10,0.0,5,53,0,12,0,0,58.1,772,0
695,2052,2012,1252,0,0,0,103,20,0.0,0,135,0,31,0,0,78.5,1173,0
8552,4330,2016,200,0,0,0,1,15,0.0,0,264,0,22,0,0,81.2,1299,0
4707,3238,2021,1738,0,0,0,0,7,0.0,0,19,0,17,0,0,73.2,1006,0
1420,1355,2008,550,0,0,0,458,20,0.0,1,127,0,24,0,0,76.9,1283,0
93,2405,2009,200,0,0,0,61,14,0.0,0,38,0,8,0,0,81.4,1142,1
8681,1553,2020,753,0,0,0,4,10,0.0,0,17,0,12,0,0,62.1,1112,0
12353,1352,2011,200,0,0,0,116,11,0.0,0,53,0,27,0,0,76.0,1154,0
2948,4525,2018,550,0,0,0,5,26,0.0,0,0,0,25,0,0,53.7,1052,0
2437,8001,2018,7201,0,0,0,4,11,0.0,0,2,0,5,0,0,67.2,1067,0
6325,2296,2012,1496,0,0,0,75,20,0.0,0,2,0,29,0,0,69.6,1204,0
5624,1757,2008,550,0,0,0,739,24,0.0,0,157,0,10,0,0,72.2,1343,0
9211,1855,2022,669,0,0,0,1,11,0.0,0,25,0,10,0,0,59.8,1162,0
2455,1000,2015,200,0,0,0,63,19,0.0,0,0,0,23,0,0,40.9,393,0
4798,3859,2018,200,0,0,0,2,18,0.0,0,201,0,29,0,0,75.5,1259,0
