,ID,Y_LABEL
7,TEST_0007,0
28,TEST_0028,0
34,TEST_0034,0
55,TEST_0055,0
60,TEST_0060,0
94,TEST_0094,0
97,TEST_0097,0
105,TEST_0105,0
117,TEST_0117,0
119,TEST_0119,0
124,TEST_0124,1
136,TEST_0136,0
143,TEST_0143,0
173,TEST_0173,0
189,TEST_0189,0
193,TEST_0193,0
269,TEST_0269,0
287,TEST_0287,0
346,TEST_0346,0
374,TEST_0374,0
394,TEST_0394,0
432,TEST_0432,0
455,TEST_0455,0
458,TEST_0458,0
466,TEST_0466,0
467,TEST_0467,0
487,TEST_0487,0
502,TEST_0502,0
514,TEST_0514,0
515,TEST_0515,0
519,TEST_0519,0
528,TEST_0528,0
549,TEST_0549,0
572,TEST_0572,0
580,TEST_0580,0
581,TEST_0581,0
588,TEST_0588,0
626,TEST_0626,0
631,TEST_0631,1
636,TEST_0636,0
640,TEST_0640,0
674,TEST_0674,0
679,TEST_0679,0
681,TEST_0681,0
707,TEST_0707,0
712,TEST_0712,0
717,TEST_0717,0
748,TEST_0748,0
749,TEST_0749,0
768,TEST_0768,0
876,TEST_0876,0
877,TEST_0877,0
892,TEST_0892,0
905,TEST_0905,0
907,TEST_0907,0
923,TEST_0923,0
926,TEST_0926,0
927,TEST_0927,0
956,TEST_0956,0
962,TEST_0962,0
1001,TEST_1001,0
1013,TEST_1013,0
1024,TEST_1024,0
1038,TEST_1038,0
1046,TEST_1046,0
1061,TEST_1061,0
1138,TEST_1138,0
1178,TEST_1178,0
1184,TEST_1184,0
1198,TEST_1198,0
1223,TEST_1223,0
1225,TEST_1225,0
1242,TEST_1242,0
1251,TEST_1251,0
1262,TEST_1262,0
1270,TEST_1270,0
1272,TEST_1272,0
1277,TEST_1277,0
1299,TEST_1299,0
1331,TEST_1331,0
1336,TEST_1336,0
1338,TEST_1338,0
1341,TEST_1341,0
1363,TEST_1363,0
1392,TEST_1392,0
1406,TEST_1406,0
1416,TEST_1416,0
1470,TEST_1470,0
1475,TEST_1475,0
1509,TEST_1509,0
1525,TEST_1525,0
1529,TEST_1529,0
1544,TEST_1544,0
1545,TEST_1545,0
1547,TEST_1547,0
1551,TEST_1551,0
1555,TEST_1555,0
1567,TEST_1567,0
1586,TEST_1586,0
1590,TEST_1590,0
1601,TEST_1601,0
1614,TEST_1614,0
1634,TEST_1634,0
1639,TEST_1639,0
1642,TEST_1642,0
1649,TEST_1649,0
1677,TEST_1677,0
1682,TEST_1682,0
1724,TEST_1724,0
1739,TEST_1739,0
1762,TEST_1762,0
1763,TEST_1763,0
1764,TEST_1764,0
1777,TEST_1777,0
1785,TEST_1785,0
1801,TEST_1801,0
1806,TEST_1806,0
1828,TEST_1828,0
1857,TEST_1857,0
1920,TEST_1920,0
1921,TEST_1921,0
1925,TEST_1925,0
1945,TEST_1945,0
1958,TEST_1958,0
1974,TEST_1974,0
1984,TEST_1984,0
2013,TEST_2013,0
2050,TEST_2050,0
2075,TEST_2075,0
2077,TEST_2077,0
2097,TEST_2097,0
2103,TEST_2103,0
2106,TEST_2106,0
2116,TEST_2116,0
2131,TEST_2131,0
2140,TEST_2140,0
2179,TEST_2179,0
2218,TEST_2218,0
2230,TEST_2230,0
2275,TEST_2275,0
2282,TEST_2282,0
2285,TEST_2285,0
2286,TEST_2286,0
2303,TEST_2303,0
2316,TEST_2316,0
2370,TEST_2370,0
2406,TEST_2406,0
2552,TEST_2552,0
2563,TEST_2563,0
2566,TEST_2566,0
2571,TEST_2571,0
2588,TEST_2588,0
2608,TEST_2608,0
2637,TEST_2637,0
2642,TEST_2642,0
2670,TEST_2670,0
2677,TEST_2677,0
2701,TEST_2701,0
2730,TEST_2730,0
2732,TEST_2732,0
2765,TEST_2765,0
2767,TEST_2767,0
2770,TEST_2770,0
2807,TEST_2807,0
2812,TEST_2812,0
2826,TEST_2826,0
2837,TEST_2837,0
2861,TEST_2861,0
2872,TEST_2872,0
2909,TEST_2909,0
2915,TEST_2915,0
2918,TEST_2918,0
2926,TEST_2926,0
2928,TEST_2928,0
2930,TEST_2930,0
2931,TEST_2931,0
2939,TEST_2939,0
2959,TEST_2959,0
2964,TEST_2964,0
2970,TEST_2970,0
3000,TEST_3000,0
3017,TEST_3017,1
3036,TEST_3036,0
3043,TEST_3043,0
3056,TEST_3056,0
3062,TEST_3062,0
3086,TEST_3086,0
3087,TEST_3087,0
3158,TEST_3158,0
3165,TEST_3165,0
3178,TEST_3178,0
3242,TEST_3242,0
3246,TEST_3246,0
3259,TEST_3259,0
3309,TEST_3309,0
3324,TEST_3324,0
3343,TEST_3343,0
3350,TEST_3350,0
3379,TEST_3379,0
3386,TEST_3386,0
3446,TEST_3446,0
3447,TEST_3447,0
3541,TEST_3541,0
3568,TEST_3568,0
3577,TEST_3577,0
3612,TEST_3612,0
3622,TEST_3622,0
3630,TEST_3630,0
3656,TEST_3656,0
3681,TEST_3681,0
3702,TEST_3702,0
3708,TEST_3708,0
3726,TEST_3726,0
3729,TEST_3729,1
3732,TEST_3732,0
3739,TEST_3739,0
3742,TEST_3742,0
3749,TEST_3749,0
3750,TEST_3750,0
3763,TEST_3763,0
3779,TEST_3779,0
3798,TEST_3798,0
3813,TEST_3813,0
3840,TEST_3840,0
3855,TEST_3855,0
3898,TEST_3898,0
3914,TEST_3914,0
3931,TEST_3931,0
3935,TEST_3935,0
3955,TEST_3955,0
4022,TEST_4022,0
4056,TEST_4056,0
4058,TEST_4058,0
4064,TEST_4064,0
4092,TEST_4092,0
4101,TEST_4101,0
4113,TEST_4113,0
4116,TEST_4116,0
4125,TEST_4125,0
4160,TEST_4160,0
4162,TEST_4162,0
4243,TEST_4243,0
4245,TEST_4245,0
4251,TEST_4251,0
4267,TEST_4267,0
4273,TEST_4273,0
4294,TEST_4294,0
4311,TEST_4311,0
4315,TEST_4315,0
4316,TEST_4316,0
4318,TEST_4318,0
4339,TEST_4339,0
4346,TEST_4346,0
4350,TEST_4350,0
4363,TEST_4363,0
4368,TEST_4368,0
4380,TEST_4380,0
4383,TEST_4383,0
4397,TEST_4397,0
4409,TEST_4409,0
4415,TEST_4415,0
4416,TEST_4416,0
4443,TEST_4443,0
4458,TEST_4458,0
4470,TEST_4470,0
4472,TEST_4472,0
4475,TEST_4475,0
4481,TEST_4481,0
4502,TEST_4502,0
4512,TEST_4512,0
4582,TEST_4582,0
4583,TEST_4583,0
4587,TEST_4587,0
4589,TEST_4589,0
4590,TEST_4590,0
4647,TEST_4647,0
4695,TEST_4695,0
4697,TEST_4697,0
4707,TEST_4707,0
4727,TEST_4727,0
4743,TEST_4743,0
4750,TEST_4750,0
4764,TEST_4764,0
4768,TEST_4768,0
4796,TEST_4796,0
4827,TEST_4827,0
4835,TEST_4835,0
4864,TEST_4864,0
4870,TEST_4870,0
4886,TEST_4886,0
4897,TEST_4897,0
4911,TEST_4911,0
4913,TEST_4913,0
4928,TEST_4928,0
4932,TEST_4932,0
4964,TEST_4964,0
4968,TEST_4968,0
5002,TEST_5002,0
5007,TEST_5007,0
5008,TEST_5008,0
5068,TEST_5068,0
5079,TEST_5079,0
5091,TEST_5091,0
5106,TEST_5106,0
5165,TEST_5165,0
5179,TEST_5179,0
5188,TEST_5188,0
5220,TEST_5220,0
5246,TEST_5246,0
5249,TEST_5249,1
5252,TEST_5252,0
5264,TEST_5264,0
5304,TEST_5304,0
5312,TEST_5312,0
5318,TEST_5318,0
5328,TEST_5328,0
5332,TEST_5332,0
5389,TEST_5389,0
5420,TEST_5420,0
5444,TEST_5444,0
5455,TEST_5455,0
5478,TEST_5478,0
5483,TEST_5483,0
5487,TEST_5487,0
5507,TEST_5507,0
5527,TEST_5527,0
5529,TEST_5529,0
5569,TEST_5569,0
5573,TEST_5573,0
5611,TEST_5611,0
5615,TEST_5615,0
5642,TEST_5642,0
5660,TEST_5660,0
5664,TEST_5664,0
5666,TEST_5666,0
5694,TEST_5694,0
5711,TEST_5711,0
5730,TEST_5730,0
5738,TEST_5738,0
5748,TEST_5748,0
5757,TEST_5757,0
5770,TEST_5770,0
5800,TEST_5800,0
5801,TEST_5801,0
5819,TEST_5819,1
5841,TEST_5841,0
5850,TEST_5850,0
5851,TEST_5851,0
5870,TEST_5870,0
5889,TEST_5889,0
5890,TEST_5890,0
5915,TEST_5915,0
5916,TEST_5916,0
5965,TEST_5965,0
5968,TEST_5968,0
5974,TEST_5974,0
5985,TEST_5985,0
5988,TEST_5988,0
6012,TEST_6012,0
6034,TEST_6034,0
