ID,착과량(int)
TEST_0000,243.63188118811877
TEST_0001,747.0251485148511
TEST_0002,154.57960396039613
TEST_0003,445.0637623762378
TEST_0004,664.9840594059403
TEST_0005,300.26940594059414
TEST_0006,80.939801980198
TEST_0007,31.451089108910885
TEST_0008,360.8255445544554
TEST_0009,235.15663366336634
TEST_0010,559.8315841584157
TEST_0011,752.4561386138618
TEST_0012,452.07900990099006
TEST_0013,366.8340594059405
TEST_0014,57.05772277227724
TEST_0015,132.90584158415845
TEST_0016,476.6022772277229
TEST_0017,432.60049504950524
TEST_0018,257.95207920792086
TEST_0019,549.1748514851488
TEST_0020,243.14435643564357
TEST_0021,349.6835643564356
TEST_0022,441.67643564356433
TEST_0023,235.98673267326743
TEST_0024,156.0577227722772
TEST_0025,650.8587128712873
TEST_0026,168.5342574257426
TEST_0027,757.796930693069
TEST_0028,630.1476237623762
TEST_0029,448.8155445544552
TEST_0030,35.60316831683168
TEST_0031,578.0797029702968
TEST_0032,651.2946534653466
TEST_0033,555.218613861386
TEST_0034,561.9755445544554
TEST_0035,350.7212871287128
TEST_0036,245.05089108910894
TEST_0037,647.381386138614
TEST_0038,26.07544554455445
TEST_0039,447.0759405940593
TEST_0040,366.9089108910892
TEST_0041,152.0221782178218
TEST_0042,737.2055445544555
TEST_0043,90.019801980198
TEST_0044,588.9325742574256
TEST_0045,344.2168316831684
TEST_0046,749.2629702970297
TEST_0047,490.0103960396039
TEST_0048,353.6685148514852
TEST_0049,441.90574257425726
TEST_0050,554.887524752475
TEST_0051,645.4542574257425
TEST_0052,409.3269306930692
TEST_0053,457.9389108910891
TEST_0054,363.9055445544557
TEST_0055,154.88881188118802
TEST_0056,746.190297029703
TEST_0057,530.5978217821784
TEST_0058,552.579207920792
TEST_0059,542.940099009901
TEST_0060,450.55891089108906
TEST_0061,47.96643564356438
TEST_0062,549.8082178217824
TEST_0063,340.740297029703
TEST_0064,526.7000000000002
TEST_0065,342.93049504950505
TEST_0066,414.4540594059403
TEST_0067,447.46594059405953
TEST_0068,150.569801980198
TEST_0069,657.8991089108913
TEST_0070,756.1156435643563
TEST_0071,745.7559405940593
TEST_0072,653.5796039603961
TEST_0073,250.7212871287129
TEST_0074,145.2102970297029
TEST_0075,250.97950495049506
TEST_0076,145.99999999999997
TEST_0077,628.9455445544556
TEST_0078,756.4008910891088
TEST_0079,343.5176237623762
TEST_0080,250.06732673267317
TEST_0081,47.3668316831683
TEST_0082,59.33801980198023
TEST_0083,623.5367326732674
TEST_0084,638.4349504950496
TEST_0085,507.13158415841576
TEST_0086,242.64663366336634
TEST_0087,367.5780198019802
TEST_0088,55.3649504950495
TEST_0089,143.43564356435638
TEST_0090,43.91108910891088
TEST_0091,375.41029702970314
TEST_0092,533.9422772277228
TEST_0093,538.9779207920791
TEST_0094,547.6572277227723
TEST_0095,358.5543564356436
TEST_0096,247.33118811881195
TEST_0097,249.1209900990099
TEST_0098,239.92732673267324
TEST_0099,644.5059405940594
TEST_0100,710.7582178217821
TEST_0101,245.0336633663367
TEST_0102,450.04475247524744
TEST_0103,560.5350495049504
TEST_0104,215.05168316831669
TEST_0105,757.5766336633666
TEST_0106,146.21514851485142
TEST_0107,61.198415841584165
TEST_0108,445.8276237623761
TEST_0109,232.0671287128714
TEST_0110,637.619702970297
TEST_0111,285.34594059405936
TEST_0112,567.1645544554453
TEST_0113,444.85257425742566
TEST_0114,703.4600990099009
TEST_0115,156.53455445544557
TEST_0116,655.7140594059407
TEST_0117,648.411188118812
TEST_0118,350.139603960396
TEST_0119,469.9253465346534
TEST_0120,159.15851485148517
TEST_0121,440.42831683168316
TEST_0122,340.46693069306934
TEST_0123,551.409702970297
TEST_0124,737.3281188118812
TEST_0125,553.580891089109
TEST_0126,287.65900990099
TEST_0127,545.8412871287128
TEST_0128,535.7924752475249
TEST_0129,348.06762376237623
TEST_0130,49.26386138613863
TEST_0131,239.30851485148517
TEST_0132,461.2864356435641
TEST_0133,340.2276237623762
TEST_0134,104.20039603960396
TEST_0135,241.29792079207917
TEST_0136,775.7363366336632
TEST_0137,288.4778217821782
TEST_0138,160.84227722772278
TEST_0139,542.8196039603961
TEST_0140,764.8955445544557
TEST_0141,753.454356435644
TEST_0142,239.38920792079202
TEST_0143,440.3375247524753
TEST_0144,36.561782178217825
TEST_0145,558.7124752475248
TEST_0146,257.6625742574257
TEST_0147,167.79891089108912
TEST_0148,134.57
TEST_0149,385.478910891089
TEST_0150,583.9219801980198
TEST_0151,639.5400990099012
TEST_0152,757.4801980198018
TEST_0153,154.65227722772275
TEST_0154,539.1072277227721
TEST_0155,752.5405940594063
TEST_0156,517.0691089108911
TEST_0157,340.31415841584146
TEST_0158,150.54673267326734
TEST_0159,251.92287128712877
TEST_0160,539.7059405940595
TEST_0161,248.59574257425734
TEST_0162,226.65198019801983
TEST_0163,29.130198019801977
TEST_0164,548.4314851485149
TEST_0165,551.6479207920793
TEST_0166,596.6245544554453
TEST_0167,656.1703960396036
TEST_0168,552.9007920792079
TEST_0169,360.1368316831682
TEST_0170,655.5254455445545
TEST_0171,539.4279207920792
TEST_0172,447.7528712871285
TEST_0173,254.22297029702952
TEST_0174,750.2547524752478
TEST_0175,143.8963366336634
TEST_0176,253.34801980198026
TEST_0177,366.65217821782164
TEST_0178,140.0092079207921
TEST_0179,340.6100990099009
TEST_0180,246.5563366336634
TEST_0181,351.26623762376244
TEST_0182,451.93128712871277
TEST_0183,261.0842574257424
TEST_0184,755.406831683168
TEST_0185,554.5224752475248
TEST_0186,340.4197029702971
TEST_0187,636.6288118811883
TEST_0188,640.411089108911
TEST_0189,236.7877227722773
TEST_0190,658.1290099009901
TEST_0191,162.7351485148515
TEST_0192,359.3547524752474
TEST_0193,647.5648514851484
TEST_0194,635.7483168316829
TEST_0195,744.1214851485149
TEST_0196,251.1179207920791
TEST_0197,108.709900990099
TEST_0198,249.75653465346542
TEST_0199,19.430693069306937
TEST_0200,136.01683168316833
TEST_0201,340.8499009900991
TEST_0202,250.5077227722772
TEST_0203,146.65673267326736
TEST_0204,440.97485148514835
TEST_0205,340.09871287128715
TEST_0206,47.997425742574265
TEST_0207,313.43435643564356
TEST_0208,279.22673267326707
TEST_0209,449.4014851485148
TEST_0210,442.8995049504949
TEST_0211,160.0008910891089
TEST_0212,252.62910891089106
TEST_0213,580.4331683168316
TEST_0214,361.9535643564356
TEST_0215,26.724950495049494
TEST_0216,749.4642574257425
TEST_0217,158.24564356435644
TEST_0218,441.1578217821781
TEST_0219,445.67346534653456
TEST_0220,148.24415841584155
TEST_0221,359.6909900990099
TEST_0222,552.1833663366338
TEST_0223,258.5787128712871
TEST_0224,556.150891089109
TEST_0225,442.5338613861383
TEST_0226,540.7379207920794
TEST_0227,50.202574257425745
TEST_0228,648.6128712871288
TEST_0229,351.99891089108894
TEST_0230,472.18584158415877
TEST_0231,645.6472277227722
TEST_0232,448.98178217821777
TEST_0233,150.11594059405934
TEST_0234,373.9527722772278
TEST_0235,451.0736633663366
TEST_0236,434.7321782178218
TEST_0237,352.9800990099009
TEST_0238,146.11059405940597
TEST_0239,641.5311881188119
TEST_0240,628.6190099009902
TEST_0241,356.4684158415842
TEST_0242,297.0330693069308
TEST_0243,144.22435643564356
TEST_0244,648.0187128712872
TEST_0245,322.87554455445536
TEST_0246,344.86247524752474
TEST_0247,452.33504950495063
TEST_0248,606.885742574257
TEST_0249,667.342475247525
TEST_0250,241.35306930693073
TEST_0251,40.05138613861385
TEST_0252,653.4428712871286
TEST_0253,345.47267326732674
TEST_0254,153.83594059405937
TEST_0255,350.85099009900995
TEST_0256,274.37425742574266
TEST_0257,268.8326732673268
TEST_0258,249.55782178217837
TEST_0259,24.8369306930693
TEST_0260,536.0782178217822
TEST_0261,149.43554455445542
TEST_0262,359.63643564356437
TEST_0263,351.49841584158406
TEST_0264,40.71227722772279
TEST_0265,231.05910891089113
TEST_0266,396.9810891089108
TEST_0267,632.7794059405942
TEST_0268,558.7700990099012
TEST_0269,544.8026732673269
TEST_0270,349.5024752475247
TEST_0271,348.98514851485146
TEST_0272,435.9266336633664
TEST_0273,744.1679207920791
TEST_0274,39.2381188118812
TEST_0275,51.15069306930694
TEST_0276,344.89287128712874
TEST_0277,60.56465346534654
TEST_0278,254.78089108910902
TEST_0279,43.018415841584144
TEST_0280,593.990198019802
TEST_0281,231.91504950495045
TEST_0282,33.00683168316833
TEST_0283,153.61732673267326
TEST_0284,683.0824752475248
TEST_0285,653.748613861386
TEST_0286,26.177821782178228
TEST_0287,662.1133663366335
TEST_0288,548.9394059405943
TEST_0289,350.55811881188123
TEST_0290,576.0056435643564
TEST_0291,247.44891089108916
TEST_0292,693.5879207920792
TEST_0293,626.2989108910897
TEST_0294,446.79217821782186
TEST_0295,449.48900990099014
TEST_0296,632.684356435644
TEST_0297,240.01485148514848
TEST_0298,202.26742574257415
TEST_0299,257.72564356435646
TEST_0300,242.2743564356436
TEST_0301,739.6465346534652
TEST_0302,151.67168316831683
TEST_0303,437.84069306930695
TEST_0304,503.2930693069307
TEST_0305,455.1375247524753
TEST_0306,116.17891089108907
TEST_0307,578.8848514851486
TEST_0308,750.1843564356438
TEST_0309,259.41217821782175
TEST_0310,38.70356435643563
TEST_0311,616.7211881188116
TEST_0312,459.1536633663365
TEST_0313,350.5251485148515
TEST_0314,664.8612871287127
TEST_0315,346.2473267326732
TEST_0316,432.36702970297034
TEST_0317,101.58039603960397
TEST_0318,445.17732673267324
TEST_0319,650.251188118812
TEST_0320,241.44663366336638
TEST_0321,356.84950495049515
TEST_0322,548.0277227722775
TEST_0323,253.87237623762366
TEST_0324,348.99534653465355
TEST_0325,577.9664356435644
TEST_0326,61.279207920792054
TEST_0327,635.279108910891
TEST_0328,641.4797029702969
TEST_0329,357.89940594059397
TEST_0330,734.4962376237628
TEST_0331,64.6879207920792
TEST_0332,246.91059405940607
TEST_0333,362.0254455445544
TEST_0334,241.26752475247537
TEST_0335,148.49643564356447
TEST_0336,26.916831683168315
TEST_0337,458.7919801980194
TEST_0338,241.19049504950493
TEST_0339,251.66990099009905
TEST_0340,751.9855445544558
TEST_0341,252.70732673267332
TEST_0342,46.869405940594056
TEST_0343,244.70900990099008
TEST_0344,552.5655445544555
TEST_0345,440.710495049505
TEST_0346,150.7760396039604
TEST_0347,301.2094059405942
TEST_0348,59.76079207920793
TEST_0349,647.3691089108911
TEST_0350,651.4001980198021
TEST_0351,474.9138613861389
TEST_0352,443.30782178217834
TEST_0353,359.78485148514864
TEST_0354,48.823168316831676
TEST_0355,168.95584158415835
TEST_0356,373.70881188118824
TEST_0357,552.5573267326732
TEST_0358,198.30237623762378
TEST_0359,452.93445544554453
TEST_0360,208.50108910891078
TEST_0361,165.6918811881188
TEST_0362,414.00257425742575
TEST_0363,213.10356435643578
TEST_0364,251.53841584158405
TEST_0365,636.5328712871287
TEST_0366,242.83940594059402
TEST_0367,638.9096039603961
TEST_0368,249.03881188118822
TEST_0369,143.64267326732667
TEST_0370,358.1284158415841
TEST_0371,246.86099009900994
TEST_0372,127.960297029703
TEST_0373,549.1338613861384
TEST_0374,95.7989108910891
TEST_0375,646.3425742574259
TEST_0376,148.3644554455445
TEST_0377,356.039900990099
TEST_0378,352.6569306930693
TEST_0379,528.8027722772276
TEST_0380,446.9786138613861
TEST_0381,647.0824752475244
TEST_0382,563.4402970297031
TEST_0383,354.4389108910891
TEST_0384,355.09990099009883
TEST_0385,111.06594059405943
TEST_0386,533.0539603960395
TEST_0387,718.4419801980201
TEST_0388,651.4577227722772
TEST_0389,143.23475247524757
TEST_0390,29.034257425742574
TEST_0391,351.4931683168317
TEST_0392,754.7050495049508
TEST_0393,195.24782178217825
TEST_0394,149.86950495049507
TEST_0395,340.1620792079207
TEST_0396,345.8034653465347
TEST_0397,159.13920792079202
TEST_0398,164.9129702970297
TEST_0399,454.4158415841583
TEST_0400,754.2238613861389
TEST_0401,342.6067326732672
TEST_0402,457.03762376237614
TEST_0403,542.4526732673269
TEST_0404,443.9979207920791
TEST_0405,158.42881188118812
TEST_0406,246.67405940594062
TEST_0407,141.62396039603965
TEST_0408,682.9437623762374
TEST_0409,554.6255445544555
TEST_0410,365.54366336633683
TEST_0411,321.7566336633665
TEST_0412,652.6592079207923
TEST_0413,448.98039603960393
TEST_0414,360.3035643564355
TEST_0415,105.45386138613866
TEST_0416,344.73653465346524
TEST_0417,249.50217821782184
TEST_0418,548.4589108910891
TEST_0419,462.3834653465346
TEST_0420,253.10386138613862
TEST_0421,543.0850495049503
TEST_0422,758.488217821782
TEST_0423,88.29297029702973
TEST_0424,352.0299999999999
TEST_0425,190.83564356435633
TEST_0426,353.62079207920806
TEST_0427,651.5732673267329
TEST_0428,760.4330693069306
TEST_0429,152.63831683168314
TEST_0430,351.03970297029707
TEST_0431,447.71099009900996
TEST_0432,751.9394059405942
TEST_0433,359.0471287128713
TEST_0434,448.1730693069307
TEST_0435,346.8477227722774
TEST_0436,633.061485148515
TEST_0437,439.23613861386144
TEST_0438,43.2870297029703
TEST_0439,233.10178217821775
TEST_0440,252.46366336633673
TEST_0441,356.2594059405941
TEST_0442,466.7344554455445
TEST_0443,48.631485148514855
TEST_0444,299.9690099009901
TEST_0445,135.50910891089106
TEST_0446,318.31653465346534
TEST_0447,25.97217821782178
TEST_0448,738.4005940594055
TEST_0449,463.1612871287129
TEST_0450,355.81524752475246
TEST_0451,384.77188118811887
TEST_0452,256.249306930693
TEST_0453,17.934059405940587
TEST_0454,142.10762376237622
TEST_0455,365.8481188118813
TEST_0456,241.13732673267336
TEST_0457,645.447524752475
TEST_0458,751.3504950495051
TEST_0459,356.56277227722774
TEST_0460,124.5156435643565
TEST_0461,448.84425742574246
TEST_0462,29.171782178217818
TEST_0463,435.3027722772276
TEST_0464,661.7265346534654
TEST_0465,61.98376237623763
TEST_0466,628.110198019802
TEST_0467,650.7688118811882
TEST_0468,453.6039603960397
TEST_0469,655.1100990099011
TEST_0470,165.36594059405942
TEST_0471,338.43277227722757
TEST_0472,242.6688118811882
TEST_0473,221.9965346534654
TEST_0474,22.376138613861382
TEST_0475,456.1970297029704
TEST_0476,451.59673267326735
TEST_0477,28.604158415841596
TEST_0478,115.55594059405935
TEST_0479,437.90643564356424
TEST_0480,162.97118811881185
TEST_0481,167.5528712871287
TEST_0482,572.5941584158414
TEST_0483,508.7152475247526
TEST_0484,766.9699999999999
TEST_0485,395.8968316831683
TEST_0486,149.74475247524748
TEST_0487,730.7959405940595
TEST_0488,344.4913861386139
TEST_0489,255.46762376237612
TEST_0490,250.75217821782164
TEST_0491,364.36356435643575
TEST_0492,254.94534653465345
TEST_0493,159.58227722772276
TEST_0494,261.61504950495043
TEST_0495,635.0680198019802
TEST_0496,58.45376237623762
TEST_0497,630.0587128712872
TEST_0498,620.7698019801978
TEST_0499,111.51495049504948
TEST_0500,452.4444554455446
TEST_0501,640.4839603960394
TEST_0502,207.70306930693062
TEST_0503,653.5691089108911
TEST_0504,539.3973267326733
TEST_0505,265.65752475247524
TEST_0506,47.66841584158417
TEST_0507,581.3403960396039
TEST_0508,346.48712871287125
TEST_0509,244.11356435643566
TEST_0510,339.4116831683167
TEST_0511,54.280594059405935
TEST_0512,354.2540594059406
TEST_0513,542.3694059405939
TEST_0514,248.78405940594055
TEST_0515,361.9913861386138
TEST_0516,342.41821782178215
TEST_0517,639.4746534653466
TEST_0518,57.568316831683184
TEST_0519,37.987821782178216
TEST_0520,519.0483168316833
TEST_0521,525.5465346534656
TEST_0522,755.0043564356436
TEST_0523,446.5952475247524
TEST_0524,755.2358415841579
TEST_0525,552.4181188118812
TEST_0526,640.1676237623765
TEST_0527,532.8902970297028
TEST_0528,460.1745544554457
TEST_0529,188.22178217821784
TEST_0530,211.22455445544554
TEST_0531,656.3254455445546
TEST_0532,568.3169306930694
TEST_0533,40.17108910891089
TEST_0534,26.362475247524745
TEST_0535,748.5198019801978
TEST_0536,701.721881188119
TEST_0537,633.6496039603961
TEST_0538,241.65356435643577
TEST_0539,546.2105940594058
TEST_0540,620.057821782178
TEST_0541,708.7531683168316
TEST_0542,549.4118811881187
TEST_0543,554.8453465346536
TEST_0544,552.0158415841582
TEST_0545,759.0444554455446
TEST_0546,347.319702970297
TEST_0547,558.888811881188
TEST_0548,600.2747524752474
TEST_0549,150.72009900990093
TEST_0550,663.9541584158416
TEST_0551,457.25861386138604
TEST_0552,460.9402970297029
TEST_0553,657.4172277227722
TEST_0554,157.4756435643564
TEST_0555,146.05118811881187
TEST_0556,226.4521782178218
TEST_0557,452.01514851485155
TEST_0558,408.21495049504955
TEST_0559,340.3584158415842
TEST_0560,130.15574257425743
TEST_0561,241.57029702970289
TEST_0562,72.21564356435643
TEST_0563,52.762772277227725
TEST_0564,387.1726732673267
TEST_0565,644.160594059406
TEST_0566,145.7442574257425
TEST_0567,762.639306930693
TEST_0568,531.7739603960398
TEST_0569,150.75485148514855
TEST_0570,337.92574257425747
TEST_0571,248.36693069306935
TEST_0572,430.1730693069307
TEST_0573,743.9013861386135
TEST_0574,546.3679207920794
TEST_0575,365.3266336633664
TEST_0576,337.0825742574256
TEST_0577,361.4851485148518
TEST_0578,759.2541584158417
TEST_0579,256.76554455445546
TEST_0580,52.00920792079211
TEST_0581,463.53217821782187
TEST_0582,755.621287128713
TEST_0583,141.84742574257422
TEST_0584,150.28831683168312
TEST_0585,263.4848514851485
TEST_0586,250.47881188118808
TEST_0587,141.84811881188116
TEST_0588,657.4881188118812
TEST_0589,353.6354455445544
TEST_0590,264.50237623762376
TEST_0591,243.27574257425738
TEST_0592,326.5369306930695
TEST_0593,648.7799009900988
TEST_0594,447.62940594059404
TEST_0595,252.50396039603962
TEST_0596,482.45079207920804
TEST_0597,52.35851485148516
TEST_0598,450.1037623762378
TEST_0599,237.2924752475247
TEST_0600,401.129801980198
TEST_0601,236.4722772277227
TEST_0602,231.66930693069298
TEST_0603,634.0421782178219
TEST_0604,550.2752475247527
TEST_0605,352.19079207920805
TEST_0606,158.12356435643565
TEST_0607,162.730297029703
TEST_0608,464.51069306930657
TEST_0609,749.5149504950492
TEST_0610,254.75485148514852
TEST_0611,233.89544554455438
TEST_0612,349.8364356435644
TEST_0613,448.3020792079207
TEST_0614,430.54663366336626
TEST_0615,235.16851485148513
TEST_0616,744.4128712871291
TEST_0617,601.2917821782177
TEST_0618,448.94693069306936
TEST_0619,45.35841584158417
TEST_0620,686.1251485148514
TEST_0621,280.7047524752474
TEST_0622,758.4269306930695
TEST_0623,28.239504950495053
TEST_0624,61.36415841584158
TEST_0625,266.5994059405939
TEST_0626,51.86316831683167
TEST_0627,446.18257425742604
TEST_0628,164.6821782178218
TEST_0629,636.7902970297031
TEST_0630,557.1213861386141
TEST_0631,243.34673267326733
TEST_0632,670.9136633663367
TEST_0633,234.64277227722775
TEST_0634,248.78138613861384
TEST_0635,769.4724752475248
TEST_0636,542.8293069306931
TEST_0637,334.77495049504955
TEST_0638,306.5545544554458
TEST_0639,681.2364356435644
TEST_0640,55.1028712871287
TEST_0641,357.3527722772277
TEST_0642,351.3678217821783
TEST_0643,735.750198019802
TEST_0644,753.8654455445542
TEST_0645,152.42118811881187
TEST_0646,338.26930693069306
TEST_0647,23.718217821782172
TEST_0648,740.9797029702975
TEST_0649,585.0546534653462
TEST_0650,662.6662376237626
TEST_0651,454.9845544554456
TEST_0652,644.9568316831683
TEST_0653,448.2217821782178
TEST_0654,92.81386138613856
TEST_0655,150.3418811881188
TEST_0656,154.080396039604
TEST_0657,660.1564356435642
TEST_0658,344.03257425742567
TEST_0659,350.19178217821786
TEST_0660,755.0888118811882
TEST_0661,535.3335643564354
TEST_0662,247.43514851485142
TEST_0663,153.24752475247524
TEST_0664,352.42267326732673
TEST_0665,155.42148514851485
TEST_0666,554.0505940594062
TEST_0667,656.4450495049506
TEST_0668,550.2289108910892
TEST_0669,106.02207920792083
TEST_0670,666.5288118811882
TEST_0671,141.95653465346538
TEST_0672,291.22485148514863
TEST_0673,173.31346534653468
TEST_0674,141.94346534653474
TEST_0675,154.0070297029703
TEST_0676,452.95425742574264
TEST_0677,358.74326732673273
TEST_0678,761.5943564356434
TEST_0679,544.1932673267324
TEST_0680,123.82920792079207
TEST_0681,457.1562376237626
TEST_0682,561.8772277227721
TEST_0683,158.08455445544553
TEST_0684,474.11396039603954
TEST_0685,610.6340594059405
TEST_0686,556.248514851485
TEST_0687,64.82009900990103
TEST_0688,361.89158415841587
TEST_0689,449.35019801980195
TEST_0690,473.83900990099016
TEST_0691,384.8304950495051
TEST_0692,248.39346534653464
TEST_0693,363.49207920792054
TEST_0694,139.64089108910886
TEST_0695,449.71900990099033
TEST_0696,355.2315841584158
TEST_0697,436.9874257425743
TEST_0698,240.98861386138606
TEST_0699,642.0701980198022
TEST_0700,569.0020792079206
TEST_0701,70.24089108910893
TEST_0702,51.75564356435643
TEST_0703,354.0278217821782
TEST_0704,455.37851485148525
TEST_0705,225.20841584158407
TEST_0706,543.3658415841585
TEST_0707,566.8863366336635
TEST_0708,440.55673267326733
TEST_0709,393.02089108910906
TEST_0710,140.88069306930691
TEST_0711,557.3305940594056
TEST_0712,22.32
TEST_0713,666.8411881188119
TEST_0714,551.8174257425744
TEST_0715,44.83772277227723
TEST_0716,339.65227722772266
TEST_0717,553.5957425742575
TEST_0718,247.22633663366338
TEST_0719,352.08178217821785
TEST_0720,753.13900990099
TEST_0721,144.70039603960393
TEST_0722,334.05564356435644
TEST_0723,258.31356435643573
TEST_0724,37.82168316831684
TEST_0725,461.7391089108911
TEST_0726,391.12990099009926
TEST_0727,748.9310891089111
TEST_0728,447.0059405940594
TEST_0729,247.59980198019807
TEST_0730,745.4111881188118
TEST_0731,157.40980198019795
TEST_0732,766.7871287128715
TEST_0733,252.44940594059412
TEST_0734,562.653168316832
TEST_0735,154.70089108910898
TEST_0736,635.9606930693067
TEST_0737,632.5289108910891
TEST_0738,147.39287128712868
TEST_0739,658.2927722772276
TEST_0740,133.2705940594059
TEST_0741,344.5405940594059
TEST_0742,28.093465346534668
TEST_0743,34.716534653465345
TEST_0744,562.1076237623761
TEST_0745,643.4561386138615
TEST_0746,228.231386138614
TEST_0747,670.1832673267323
TEST_0748,571.341584158416
TEST_0749,249.25871287128717
TEST_0750,136.5359405940594
TEST_0751,638.5571287128713
TEST_0752,531.2234653465347
TEST_0753,445.85188118811897
TEST_0754,577.4878217821781
TEST_0755,249.1023762376237
TEST_0756,158.11871287128716
TEST_0757,150.96910891089112
TEST_0758,445.41425742574245
TEST_0759,17.742475247524762
TEST_0760,142.81039603960397
TEST_0761,244.10059405940598
TEST_0762,648.438712871287
TEST_0763,404.6429702970297
TEST_0764,650.820099009901
TEST_0765,354.6569306930692
TEST_0766,147.58138613861382
TEST_0767,389.5500990099009
TEST_0768,540.9591089108911
TEST_0769,739.8489108910893
TEST_0770,556.9061386138613
TEST_0771,561.1495049504948
TEST_0772,348.7660396039605
TEST_0773,560.8216831683167
TEST_0774,257.09079207920786
TEST_0775,157.2081188118812
TEST_0776,365.53267326732674
TEST_0777,631.0633663366341
TEST_0778,138.22019801980204
TEST_0779,465.19
TEST_0780,472.6357425742578
TEST_0781,255.8611881188118
TEST_0782,651.2507920792078
TEST_0783,456.1224752475249
TEST_0784,250.74653465346537
TEST_0785,35.46792079207921
TEST_0786,239.09603960396038
TEST_0787,245.62485148514867
TEST_0788,519.6977227722771
TEST_0789,35.17732673267325
TEST_0790,152.62029702970293
TEST_0791,546.396633663366
TEST_0792,203.2797029702969
TEST_0793,361.09366336633684
TEST_0794,739.3972277227725
TEST_0795,156.6060396039603
TEST_0796,151.65128712871285
TEST_0797,448.2292079207922
TEST_0798,58.75336633663365
TEST_0799,360.50128712871276
TEST_0800,239.77346534653458
TEST_0801,257.85603960396026
TEST_0802,509.26227722772285
TEST_0803,444.62980198019795
TEST_0804,162.31188118811886
TEST_0805,651.0400990099009
TEST_0806,743.0487128712873
TEST_0807,355.5985148514851
TEST_0808,561.5262376237622
TEST_0809,553.4710891089109
TEST_0810,245.91336633663363
TEST_0811,641.0545544554457
TEST_0812,767.577425742574
TEST_0813,239.94673267326723
TEST_0814,723.4052475247522
TEST_0815,550.1261386138613
TEST_0816,342.2637623762376
TEST_0817,356.0170297029701
TEST_0818,271.6799999999999
TEST_0819,343.3874257425743
TEST_0820,647.8695049504952
TEST_0821,757.2626732673266
TEST_0822,254.40257425742567
TEST_0823,30.803168316831677
TEST_0824,750.7257425742574
TEST_0825,646.8728712871284
TEST_0826,650.3957425742574
TEST_0827,239.81881188118808
TEST_0828,247.61623762376243
TEST_0829,352.78742574257416
TEST_0830,195.48435643564358
TEST_0831,644.5512871287126
TEST_0832,695.277623762376
TEST_0833,140.50455445544554
TEST_0834,550.0198019801984
TEST_0835,549.4650495049506
TEST_0836,123.32950495049508
TEST_0837,550.2671287128712
TEST_0838,357.91396039603944
TEST_0839,554.1375247524752
TEST_0840,622.1772277227726
TEST_0841,349.1793069306929
TEST_0842,648.5290099009899
TEST_0843,253.8708910891088
TEST_0844,367.1676237623763
TEST_0845,264.2564356435643
TEST_0846,653.1241584158416
TEST_0847,516.3855445544554
TEST_0848,237.25811881188108
TEST_0849,119.79217821782174
TEST_0850,33.46960396039603
TEST_0851,579.6115841584159
TEST_0852,255.39495049504953
TEST_0853,238.4157425742574
TEST_0854,656.0905940594062
TEST_0855,751.6836633663362
TEST_0856,653.4430693069309
TEST_0857,31.797920792079214
TEST_0858,250.91504950495045
TEST_0859,756.0505940594062
TEST_0860,651.380594059406
TEST_0861,365.7760396039604
TEST_0862,646.8068316831683
TEST_0863,612.3911881188119
TEST_0864,150.4131683168317
TEST_0865,646.1436633663367
TEST_0866,136.28138613861387
TEST_0867,465.3476237623763
TEST_0868,335.72366336633667
TEST_0869,647.539702970297
TEST_0870,451.4655445544555
TEST_0871,750.6176237623758
TEST_0872,747.9100000000001
TEST_0873,743.7651485148511
TEST_0874,251.59267326732666
TEST_0875,751.715841584158
TEST_0876,493.78356435643565
TEST_0877,368.31574257425734
TEST_0878,243.60346534653465
TEST_0879,53.96405940594058
TEST_0880,544.7555445544555
TEST_0881,150.37297029702967
TEST_0882,236.3766336633663
TEST_0883,615.6301980198018
TEST_0884,469.818613861386
TEST_0885,362.27405940594053
TEST_0886,354.9466336633662
TEST_0887,147.3766336633664
TEST_0888,355.3506930693068
TEST_0889,649.8916831683168
TEST_0890,458.91475247524744
TEST_0891,145.1152475247525
TEST_0892,648.7547524752475
TEST_0893,546.1754455445546
TEST_0894,248.81544554455454
TEST_0895,753.678811881188
TEST_0896,454.2340594059407
TEST_0897,445.16643564356406
TEST_0898,778.541485148515
TEST_0899,544.2360396039601
TEST_0900,651.6290099009901
TEST_0901,566.581683168317
TEST_0902,750.9415841584156
TEST_0903,53.84000000000001
TEST_0904,653.3995049504948
TEST_0905,628.5380198019801
TEST_0906,35.62693069306931
TEST_0907,20.827524752475256
TEST_0908,161.17633663366337
TEST_0909,50.4358415841584
TEST_0910,656.6186138613864
TEST_0911,189.14247524752483
TEST_0912,547.4355445544556
TEST_0913,242.83118811881192
TEST_0914,242.12118811881183
TEST_0915,654.4496039603961
TEST_0916,354.85950495049525
TEST_0917,155.52297029702973
TEST_0918,156.67792079207928
TEST_0919,752.5256435643563
TEST_0920,471.00435643564373
TEST_0921,354.6440594059406
TEST_0922,67.10465346534652
TEST_0923,715.5288118811878
TEST_0924,461.9160396039606
TEST_0925,347.08455445544564
TEST_0926,337.85168316831664
TEST_0927,342.43326732673256
TEST_0928,451.6973267326733
TEST_0929,660.1174257425744
TEST_0930,757.9642574257425
TEST_0931,147.7481188118812
TEST_0932,664.0926732673267
TEST_0933,362.30376237623756
TEST_0934,458.96089108910917
TEST_0935,186.39069306930685
TEST_0936,121.580495049505
TEST_0937,139.77336633663364
TEST_0938,215.6446534653465
TEST_0939,144.8287128712872
TEST_0940,218.3873267326732
TEST_0941,149.80217821782165
TEST_0942,141.86049504950492
TEST_0943,556.1921782178215
TEST_0944,243.60514851485144
TEST_0945,659.3806930693067
TEST_0946,188.20475247524757
TEST_0947,755.0146534653464
TEST_0948,294.4247524752474
TEST_0949,448.3183168316832
TEST_0950,356.5381188118812
TEST_0951,641.5052475247523
TEST_0952,139.65485148514844
TEST_0953,462.6852475247523
TEST_0954,351.7856435643564
TEST_0955,608.2528712871288
TEST_0956,738.2454455445544
TEST_0957,148.90257425742578
TEST_0958,443.26554455445535
TEST_0959,542.0799009900988
TEST_0960,214.5299009900989
TEST_0961,343.15722772277235
TEST_0962,432.25277227722773
TEST_0963,43.89217821782177
TEST_0964,376.5925742574257
TEST_0965,146.64732673267326
TEST_0966,350.7374257425743
TEST_0967,344.47504950495045
TEST_0968,552.8265346534655
TEST_0969,340.6482178217821
TEST_0970,125.62188118811886
TEST_0971,535.5119801980198
TEST_0972,284.59356435643576
TEST_0973,455.1204950495052
TEST_0974,345.5033663366337
TEST_0975,634.2172277227723
TEST_0976,564.8667326732672
TEST_0977,256.208811881188
TEST_0978,251.84831683168318
TEST_0979,253.61950495049507
TEST_0980,247.4811881188119
TEST_0981,152.6588118811881
TEST_0982,46.572475247524764
TEST_0983,362.0928712871287
TEST_0984,193.56326732673273
TEST_0985,646.8352475247523
TEST_0986,757.5407920792081
TEST_0987,46.08198019801983
TEST_0988,238.1586138613861
TEST_0989,651.6532673267328
TEST_0990,446.5632673267329
TEST_0991,456.2557425742575
TEST_0992,236.23465346534647
TEST_0993,760.6178217821783
TEST_0994,457.58316831683163
TEST_0995,449.6431683168316
TEST_0996,159.1077227722772
TEST_0997,701.818217821782
TEST_0998,436.00138613861395
TEST_0999,573.818514851485
TEST_1000,619.8691089108908
TEST_1001,543.2537623762374
TEST_1002,753.0831683168315
TEST_1003,651.3872277227723
TEST_1004,238.68851485148517
TEST_1005,441.7475247524754
TEST_1006,244.47603960396034
TEST_1007,753.9388118811879
TEST_1008,443.89019801980226
TEST_1009,758.3075247524754
TEST_1010,351.1011881188119
TEST_1011,562.6921782178218
TEST_1012,567.940297029703
TEST_1013,543.1361386138614
TEST_1014,354.5715841584161
TEST_1015,246.33762376237627
TEST_1016,447.7244554455446
TEST_1017,653.8416831683171
TEST_1018,445.2813861386139
TEST_1019,469.31960396039597
TEST_1020,150.610693069307
TEST_1021,351.4295049504951
TEST_1022,387.790198019802
TEST_1023,137.61356435643563
TEST_1024,243.72108910891095
TEST_1025,446.0801980198022
TEST_1026,633.9755445544555
TEST_1027,249.9457425742574
TEST_1028,751.6457425742573
TEST_1029,80.20108910891094
TEST_1030,453.54999999999995
TEST_1031,658.8285148514849
TEST_1032,115.62673267326731
TEST_1033,701.0087128712873
TEST_1034,660.1001980198018
TEST_1035,507.60019801980184
TEST_1036,656.0834653465347
TEST_1037,544.9857425742576
TEST_1038,353.2735643564356
TEST_1039,262.69782178217815
TEST_1040,554.0800000000003
TEST_1041,645.9659405940595
TEST_1042,347.5442574257427
TEST_1043,357.1345544554456
TEST_1044,40.26722772277227
TEST_1045,439.5275247524752
TEST_1046,341.8617821782178
TEST_1047,359.85029702970314
TEST_1048,141.25267326732674
TEST_1049,153.56168316831688
TEST_1050,766.8322772277229
TEST_1051,251.09207920792082
TEST_1052,569.7428712871287
TEST_1053,354.569306930693
TEST_1054,563.0065346534652
TEST_1055,342.01950495049516
TEST_1056,565.7734653465346
TEST_1057,364.6280198019802
TEST_1058,560.3270297029702
TEST_1059,74.65316831683168
TEST_1060,761.6917821782177
TEST_1061,555.7455445544554
TEST_1062,442.3095049504951
TEST_1063,758.8774257425745
TEST_1064,656.2765346534654
TEST_1065,653.1034653465347
TEST_1066,567.1545544554456
TEST_1067,458.5448514851485
TEST_1068,154.84277227722777
TEST_1069,441.9938613861385
TEST_1070,150.4963366336634
TEST_1071,752.0909900990099
TEST_1072,146.2026732673268
TEST_1073,356.75287128712864
TEST_1074,439.6466336633663
TEST_1075,158.06069306930695
TEST_1076,558.1347524752474
TEST_1077,146.78019801980207
TEST_1078,555.2225742574257
TEST_1079,251.53970297029693
TEST_1080,751.8430693069305
TEST_1081,568.51702970297
TEST_1082,35.45247524752474
TEST_1083,628.2417821782177
TEST_1084,654.2574257425744
TEST_1085,545.4986138613862
TEST_1086,345.42059405940597
TEST_1087,342.920198019802
TEST_1088,506.9131683168315
TEST_1089,33.51544554455445
TEST_1090,347.21871287128704
TEST_1091,248.08861386138622
TEST_1092,442.0627722772277
TEST_1093,161.94623762376244
TEST_1094,597.2046534653466
TEST_1095,176.92237623762375
TEST_1096,51.74306930693071
TEST_1097,693.4133663366337
TEST_1098,756.3162376237625
TEST_1099,260.38752475247526
TEST_1100,355.28366336633627
TEST_1101,47.82792079207918
TEST_1102,660.2700000000001
TEST_1103,208.16217821782172
TEST_1104,150.45712871287125
TEST_1105,761.2055445544551
TEST_1106,147.06019801980207
TEST_1107,651.1725742574259
TEST_1108,561.1654455445546
TEST_1109,346.99920792079223
TEST_1110,541.2000990099012
TEST_1111,538.7297029702969
TEST_1112,463.44900990099023
TEST_1113,639.1289108910892
TEST_1114,532.781287128713
TEST_1115,333.8022772277228
TEST_1116,446.8956435643564
TEST_1117,649.4223762376239
TEST_1118,242.04524752475243
TEST_1119,661.6059405940592
TEST_1120,152.51415841584156
TEST_1121,139.13158415841585
TEST_1122,151.03920792079202
TEST_1123,530.1655445544554
TEST_1124,155.2847524752475
TEST_1125,296.5676237623762
TEST_1126,554.0865346534652
TEST_1127,150.80980198019805
TEST_1128,362.07267326732676
TEST_1129,758.2642574257425
TEST_1130,650.2176237623761
TEST_1131,552.8243564356436
TEST_1132,70.76960396039604
TEST_1133,646.8411881188119
TEST_1134,548.4874257425743
TEST_1135,150.50376237623766
TEST_1136,405.87485148514867
TEST_1137,694.3198019801979
TEST_1138,359.3873267326733
TEST_1139,541.7737623762376
TEST_1140,372.4985148514851
TEST_1141,456.4067326732672
TEST_1142,148.5224752475247
TEST_1143,541.4689108910891
TEST_1144,250.72316831683165
TEST_1145,640.7855445544552
TEST_1146,339.3266336633662
TEST_1147,160.57118811881193
TEST_1148,344.600198019802
TEST_1149,225.45336633663365
TEST_1150,134.8021782178218
TEST_1151,378.9196039603961
TEST_1152,331.588118811881
TEST_1153,551.4994059405938
TEST_1154,346.02891089108925
TEST_1155,281.70178217821785
TEST_1156,658.451584158416
TEST_1157,468.76574257425733
TEST_1158,144.42188118811887
TEST_1159,449.9813861386138
TEST_1160,124.4695049504951
TEST_1161,78.0389108910891
TEST_1162,636.142475247525
TEST_1163,437.77821782178216
TEST_1164,158.68643564356435
TEST_1165,743.5496039603966
TEST_1166,519.611881188119
TEST_1167,255.32623762376238
TEST_1168,652.2286138613865
TEST_1169,153.76930693069315
TEST_1170,553.4032673267325
TEST_1171,559.9121782178219
TEST_1172,504.90069306930667
TEST_1173,243.3912871287129
TEST_1174,734.2972277227726
TEST_1175,559.970495049505
TEST_1176,147.05990099009895
TEST_1177,28.42326732673268
TEST_1178,145.36980198019802
TEST_1179,448.03247524752476
TEST_1180,43.20752475247526
TEST_1181,641.9769306930696
TEST_1182,456.2202970297031
TEST_1183,444.11198019801986
TEST_1184,747.6869306930694
TEST_1185,344.42782178217806
TEST_1186,47.80445544554457
TEST_1187,21.236039603960403
TEST_1188,643.0852475247524
TEST_1189,634.4963366336635
TEST_1190,551.5988118811881
TEST_1191,234.4102970297029
TEST_1192,633.2457425742575
TEST_1193,763.9645544554454
TEST_1194,250.96712871287116
TEST_1195,380.0852475247524
TEST_1196,752.0368316831682
TEST_1197,47.25633663366336
TEST_1198,462.3917821782177
TEST_1199,380.2122772277227
TEST_1200,362.4207920792079
TEST_1201,255.97821782178218
TEST_1202,449.8847524752475
TEST_1203,537.9345544554454
TEST_1204,542.5270297029703
TEST_1205,263.49900990099013
TEST_1206,642.500297029703
TEST_1207,248.42217821782182
TEST_1208,167.7929702970297
TEST_1209,442.4200990099009
TEST_1210,628.7758415841585
TEST_1211,235.88801980198022
TEST_1212,644.6748514851485
TEST_1213,746.7115841584158
TEST_1214,445.72811881188136
TEST_1215,363.53158415841574
TEST_1216,247.20900990099
TEST_1217,347.2070297029702
TEST_1218,46.177623762376214
TEST_1219,241.94851485148513
TEST_1220,224.3353465346536
TEST_1221,42.233663366336664
TEST_1222,347.86485148514845
TEST_1223,459.4741584158415
TEST_1224,652.1572277227722
TEST_1225,158.75544554455448
TEST_1226,36.94643564356436
TEST_1227,457.081683168317
TEST_1228,303.5690099009902
TEST_1229,43.42861386138615
TEST_1230,662.2796039603961
TEST_1231,246.2175247524753
TEST_1232,763.0140594059405
TEST_1233,756.6097029702973
TEST_1234,126.20425742574255
TEST_1235,155.53386138613862
TEST_1236,632.2994059405938
TEST_1237,244.88207920792084
TEST_1238,640.049108910891
TEST_1239,252.6238613861386
TEST_1240,557.1976237623763
TEST_1241,656.1471287128711
TEST_1242,330.0185148514853
TEST_1243,155.52128712871283
TEST_1244,640.048613861386
TEST_1245,742.7742574257421
TEST_1246,348.6200000000001
TEST_1247,233.71128712871288
TEST_1248,447.9982178217821
TEST_1249,762.522178217822
TEST_1250,185.38108910891094
TEST_1251,634.1588118811882
TEST_1252,38.31168316831683
TEST_1253,254.46158415841566
TEST_1254,151.64138613861388
TEST_1255,446.81108910891095
TEST_1256,21.774851485148513
TEST_1257,548.2962376237622
TEST_1258,251.01386138613856
TEST_1259,154.56891089108908
TEST_1260,344.5928712871287
TEST_1261,648.6918811881187
TEST_1262,148.31356435643565
TEST_1263,53.284059405940575
TEST_1264,523.8347524752475
TEST_1265,53.686435643564366
TEST_1266,168.59405940594058
TEST_1267,541.5131683168318
TEST_1268,649.269702970297
TEST_1269,450.6151485148516
TEST_1270,358.4241584158415
TEST_1271,260.4168316831684
TEST_1272,145.06702970297027
TEST_1273,638.0573267326732
TEST_1274,554.2066336633661
TEST_1275,565.571485148515
TEST_1276,751.9105940594062
TEST_1277,237.26118811881182
TEST_1278,554.9468316831682
TEST_1279,468.3298019801977
TEST_1280,762.2897029702968
TEST_1281,312.00326732673267
TEST_1282,21.010891089108913
TEST_1283,65.4490099009901
TEST_1284,348.6662376237624
TEST_1285,96.34297029702971
TEST_1286,645.2571287128712
TEST_1287,156.76039603960393
TEST_1288,352.54138613861386
TEST_1289,648.5082178217823
TEST_1290,233.4151485148515
TEST_1291,569.3841584158415
TEST_1292,542.1298019801981
TEST_1293,637.7544554455444
TEST_1294,241.33049504950512
TEST_1295,337.14396039603963
TEST_1296,551.0852475247525
TEST_1297,336.92861386138617
TEST_1298,479.9969306930692
TEST_1299,145.40821782178222
TEST_1300,406.6619801980198
TEST_1301,444.45821782178183
TEST_1302,662.6333663366336
TEST_1303,460.6761386138616
TEST_1304,590.0118811881188
TEST_1305,40.42564356435642
TEST_1306,600.9966336633662
TEST_1307,352.67643564356433
TEST_1308,618.8340594059407
TEST_1309,354.5849504950494
TEST_1310,546.1159405940595
TEST_1311,287.9159405940594
TEST_1312,566.6459405940591
TEST_1313,449.290396039604
TEST_1314,568.4571287128715
TEST_1315,240.17188118811885
TEST_1316,242.53356435643553
TEST_1317,448.5600990099012
TEST_1318,145.23910891089102
TEST_1319,50.62297029702971
TEST_1320,572.2630693069309
TEST_1321,31.137425742574262
TEST_1322,653.8452475247524
TEST_1323,205.16217821782186
TEST_1324,144.4749504950495
TEST_1325,357.6569306930693
TEST_1326,144.73772277227727
TEST_1327,646.0847524752479
TEST_1328,355.69108910891106
TEST_1329,141.6290099009901
TEST_1330,345.2245544554454
TEST_1331,447.9579207920792
TEST_1332,550.8231683168317
TEST_1333,139.79712871287128
TEST_1334,444.3694059405943
TEST_1335,130.32900990099006
TEST_1336,740.6603960396039
TEST_1337,552.9459405940594
TEST_1338,450.2200990099007
TEST_1339,241.79772277227718
TEST_1340,252.59653465346534
TEST_1341,441.2519801980197
TEST_1342,252.45782178217817
TEST_1343,584.5377227722772
TEST_1344,443.0067326732674
TEST_1345,448.5258415841584
TEST_1346,647.3028712871289
TEST_1347,100.7907920792079
TEST_1348,28.001782178217834
TEST_1349,645.4914851485146
TEST_1350,641.4068316831685
TEST_1351,131.8878217821782
TEST_1352,248.3089108910892
TEST_1353,751.8105940594063
TEST_1354,38.054752475247525
TEST_1355,649.9890099009904
TEST_1356,569.5768316831682
TEST_1357,446.4236633663365
TEST_1358,546.5459405940595
TEST_1359,692.6155445544557
TEST_1360,566.779603960396
TEST_1361,148.07999999999998
TEST_1362,380.44049504950493
TEST_1363,163.13574257425748
TEST_1364,248.05455445544547
TEST_1365,648.7399999999998
TEST_1366,79.97287128712871
TEST_1367,306.56039603960403
TEST_1368,247.16396039603956
TEST_1369,450.45920792079215
TEST_1370,248.00108910891095
TEST_1371,540.5922772277229
TEST_1372,660.0090099009905
TEST_1373,462.65336633663367
TEST_1374,331.15425742574257
TEST_1375,639.5582178217823
TEST_1376,521.7431683168317
TEST_1377,349.198910891089
TEST_1378,34.78693069306931
TEST_1379,542.860594059406
TEST_1380,238.0974257425742
TEST_1381,354.58653465346526
TEST_1382,40.272277227722775
TEST_1383,138.31752475247526
TEST_1384,156.39099009900994
TEST_1385,535.1089108910891
TEST_1386,655.2433663366338
TEST_1387,464.8773267326732
TEST_1388,41.46059405940594
TEST_1389,450.3549504950494
TEST_1390,613.303069306931
TEST_1391,746.6663366336634
TEST_1392,647.8402970297027
TEST_1393,268.5143564356437
TEST_1394,776.8419801980198
TEST_1395,521.7606930693069
TEST_1396,359.4559405940595
TEST_1397,23.765742574257413
TEST_1398,453.7097029702971
TEST_1399,25.92059405940594
TEST_1400,655.8314851485148
TEST_1401,641.9613861386139
TEST_1402,449.6530693069308
TEST_1403,241.83683168316836
TEST_1404,755.2816831683168
TEST_1405,120.92445544554458
TEST_1406,148.25168316831684
TEST_1407,650.119702970297
TEST_1408,255.96900990099002
TEST_1409,147.7421782178218
TEST_1410,743.8467326732676
TEST_1411,545.36801980198
TEST_1412,154.63752475247526
TEST_1413,144.12514851485153
TEST_1414,243.52257425742573
TEST_1415,647.8059405940595
TEST_1416,419.4479207920792
TEST_1417,748.0363366336636
TEST_1418,771.6556435643563
TEST_1419,128.16277227722773
TEST_1420,521.7320792079208
TEST_1421,137.3159405940594
TEST_1422,442.87336633663375
TEST_1423,245.21544554455443
TEST_1424,246.90306930693066
TEST_1425,457.85524752475243
TEST_1426,748.756435643564
TEST_1427,638.5371287128713
TEST_1428,508.979900990099
TEST_1429,620.5970297029702
TEST_1430,231.34653465346528
TEST_1431,241.03435643564362
TEST_1432,561.7920792079206
TEST_1433,339.44316831683153
TEST_1434,355.8579207920792
TEST_1435,345.1443564356437
TEST_1436,144.61247524752474
TEST_1437,747.2540594059407
TEST_1438,150.290297029703
TEST_1439,646.8778217821784
TEST_1440,454.31910891089103
TEST_1441,139.2139603960396
TEST_1442,556.040198019802
TEST_1443,451.56495049504935
TEST_1444,256.65376237623764
TEST_1445,542.0234653465344
TEST_1446,102.07168316831682
TEST_1447,450.6823762376238
TEST_1448,444.8742574257425
TEST_1449,756.3776237623758
TEST_1450,646.268910891089
TEST_1451,660.0869306930696
TEST_1452,648.5062376237623
TEST_1453,342.89089108910895
TEST_1454,641.6369306930696
TEST_1455,235.4185148514853
TEST_1456,449.01712871287134
TEST_1457,40.61267326732673
TEST_1458,538.7782178217822
TEST_1459,346.140495049505
TEST_1460,550.0991089108913
TEST_1461,141.89673267326737
TEST_1462,39.10128712871288
TEST_1463,748.1817821782176
TEST_1464,362.29247524752464
TEST_1465,461.97693069306933
TEST_1466,141.31762376237626
TEST_1467,246.60207920792078
TEST_1468,265.1179207920793
TEST_1469,452.3194059405941
TEST_1470,45.61881188118813
TEST_1471,759.6900000000006
TEST_1472,356.7657425742574
TEST_1473,248.53673267326738
TEST_1474,135.92524752475242
TEST_1475,543.0866336633665
TEST_1476,560.1746534653465
TEST_1477,335.79118811881176
TEST_1478,349.98178217821794
TEST_1479,234.3527722772277
TEST_1480,660.5752475247526
TEST_1481,151.51603960396045
TEST_1482,144.8697029702971
TEST_1483,453.158316831683
TEST_1484,540.9607920792077
TEST_1485,105.0865346534653
TEST_1486,305.98564356435656
TEST_1487,751.4724752475245
TEST_1488,51.38039603960398
TEST_1489,78.67990099009899
TEST_1490,449.11029702970313
TEST_1491,645.9809900990099
TEST_1492,641.3682178217823
TEST_1493,84.11801980198021
TEST_1494,551.3054455445546
TEST_1495,145.98633663366343
TEST_1496,651.6965346534653
TEST_1497,340.6712871287129
TEST_1498,652.5557425742575
TEST_1499,355.80742574257437
TEST_1500,444.8254455445545
TEST_1501,357.3148514851486
TEST_1502,260.50712871287135
TEST_1503,344.06495049504963
TEST_1504,340.89504950495046
TEST_1505,50.75663366336632
TEST_1506,423.59881188118817
TEST_1507,359.66495049504937
TEST_1508,700.4324752475248
TEST_1509,642.282178217822
TEST_1510,515.9549504950496
TEST_1511,255.40336633663367
TEST_1512,248.6046534653467
TEST_1513,459.43237623762354
TEST_1514,87.44762376237628
TEST_1515,252.6354455445544
TEST_1516,354.0322772277227
TEST_1517,439.5849504950495
TEST_1518,235.54356435643558
TEST_1519,644.0450495049505
TEST_1520,451.11683168316813
TEST_1521,686.8176237623763
TEST_1522,160.23910891089108
TEST_1523,245.07990099009902
TEST_1524,355.5727722772276
TEST_1525,668.99
TEST_1526,372.2702970297029
TEST_1527,358.8841584158416
TEST_1528,52.423762376237605
TEST_1529,446.70079207920776
TEST_1530,744.7991089108908
TEST_1531,287.7513861386139
TEST_1532,545.7003960396041
TEST_1533,37.78801980198019
TEST_1534,134.26673267326723
TEST_1535,349.4534653465348
TEST_1536,548.2039603960396
TEST_1537,243.77871287128704
TEST_1538,351.9400990099012
TEST_1539,362.62316831683165
TEST_1540,339.51316831683187
TEST_1541,542.2707920792078
TEST_1542,31.622475247524747
TEST_1543,257.27376237623764
TEST_1544,151.1120792079208
TEST_1545,638.0945544554457
TEST_1546,455.2336633663368
TEST_1547,247.7557425742574
TEST_1548,553.339207920792
TEST_1549,152.27633663366342
TEST_1550,242.43217821782173
TEST_1551,341.53485148514847
TEST_1552,155.1768316831683
TEST_1553,545.0468316831685
TEST_1554,457.5538613861388
TEST_1555,255.78762376237623
TEST_1556,644.4106930693068
TEST_1557,735.0680198019799
TEST_1558,134.54693069306933
TEST_1559,350.8752475247524
TEST_1560,451.66108910891086
TEST_1561,242.2345544554457
TEST_1562,507.66158415841545
TEST_1563,152.6269306930693
TEST_1564,452.62445544554475
TEST_1565,245.15207920792076
TEST_1566,667.8965346534653
TEST_1567,246.76613861386136
TEST_1568,572.9129702970295
TEST_1569,555.1167326732673
TEST_1570,751.4977227722768
TEST_1571,35.12188118811881
TEST_1572,657.1031683168318
TEST_1573,460.9450495049503
TEST_1574,656.670495049505
TEST_1575,141.4832673267326
TEST_1576,161.48445544554457
TEST_1577,561.6165346534654
TEST_1578,642.712079207921
TEST_1579,649.7213861386139
TEST_1580,356.0648514851485
TEST_1581,714.0112871287132
TEST_1582,453.85861386138623
TEST_1583,360.270099009901
TEST_1584,444.2005940594059
TEST_1585,450.6044554455449
TEST_1586,246.76623762376244
TEST_1587,771.863465346535
TEST_1588,508.76148514851474
TEST_1589,352.2957425742576
TEST_1590,257.28247524752476
TEST_1591,340.24168316831674
TEST_1592,657.1416831683171
TEST_1593,558.0168316831682
TEST_1594,48.27336633663366
TEST_1595,746.598118811881
TEST_1596,722.3621782178218
TEST_1597,574.3599009900992
TEST_1598,540.0876237623762
TEST_1599,239.52504950495046
TEST_1600,648.9846534653465
TEST_1601,145.14653465346535
TEST_1602,528.9414851485147
TEST_1603,701.9167326732671
TEST_1604,158.05376237623761
TEST_1605,543.6350495049505
TEST_1606,354.871287128713
TEST_1607,764.226831683168
TEST_1608,242.16584158415844
TEST_1609,249.5262376237623
TEST_1610,447.5192079207921
TEST_1611,370.0672277227721
TEST_1612,438.2278217821782
TEST_1613,167.09326732673264
TEST_1614,179.26099009900986
TEST_1615,349.41999999999996
TEST_1616,250.55811881188103
TEST_1617,180.25514851485156
TEST_1618,352.319306930693
TEST_1619,539.3296039603958
TEST_1620,140.14326732673263
TEST_1621,455.96524752475244
TEST_1622,449.78851485148505
TEST_1623,156.47178217821778
TEST_1624,442.0763366336634
TEST_1625,659.5841584158416
TEST_1626,738.771287128713
TEST_1627,355.9699999999998
TEST_1628,727.5260396039605
TEST_1629,653.8667326732674
TEST_1630,600.9203960396042
TEST_1631,24.101287128712876
TEST_1632,640.7161386138616
TEST_1633,261.65425742574257
TEST_1634,451.14019801980226
TEST_1635,454.4124752475249
TEST_1636,90.78029702970295
TEST_1637,449.89613861386124
TEST_1638,246.91455445544557
TEST_1639,251.74524752475241
TEST_1640,85.61524752475249
TEST_1641,343.350297029703
TEST_1642,513.5305940594059
TEST_1643,143.1687128712871
TEST_1644,450.2593069306932
TEST_1645,240.11613861386138
TEST_1646,740.5994059405942
TEST_1647,357.53950495049503
TEST_1648,242.79782178217832
TEST_1649,64.23069306930694
TEST_1650,253.69039603960383
TEST_1651,707.3527722772279
TEST_1652,34.67900990099012
TEST_1653,154.5853465346534
TEST_1654,35.58000000000001
TEST_1655,361.7581188118811
TEST_1656,752.2997029702974
TEST_1657,150.62376237623764
TEST_1658,647.5016831683167
TEST_1659,234.49980198019793
TEST_1660,505.650396039604
TEST_1661,760.1803960396039
TEST_1662,111.92950495049504
TEST_1663,361.7031683168316
TEST_1664,392.4717821782178
TEST_1665,646.2367326732672
TEST_1666,164.0985148514851
TEST_1667,156.61445544554454
TEST_1668,52.23841584158415
TEST_1669,159.6258415841585
TEST_1670,543.3551485148515
TEST_1671,358.87415841584146
TEST_1672,344.7155445544555
TEST_1673,559.6757425742577
TEST_1674,458.3800990099008
TEST_1675,59.20247524752473
TEST_1676,353.1315841584159
TEST_1677,647.1494059405941
TEST_1678,142.87772277227728
TEST_1679,446.6060396039606
TEST_1680,584.4233663366339
TEST_1681,348.7532673267328
TEST_1682,367.950198019802
TEST_1683,468.83485148514853
TEST_1684,352.60524752475254
TEST_1685,570.6763366336633
TEST_1686,345.1274257425742
TEST_1687,582.4365346534656
TEST_1688,30.631287128712877
TEST_1689,544.2092079207919
TEST_1690,747.4666336633663
TEST_1691,148.4079207920792
TEST_1692,361.0713861386138
TEST_1693,557.8190099009901
TEST_1694,749.6660396039606
TEST_1695,529.2932673267328
TEST_1696,47.03712871287128
TEST_1697,248.09732673267328
TEST_1698,236.7589108910891
TEST_1699,364.20871287128716
TEST_1700,445.6944554455446
TEST_1701,252.55534653465355
TEST_1702,246.02970297029702
TEST_1703,21.192178217821777
TEST_1704,764.3187128712873
TEST_1705,601.3987128712872
TEST_1706,373.9919801980198
TEST_1707,753.0053465346531
TEST_1708,648.0742574257425
TEST_1709,456.6902970297032
TEST_1710,410.16673267326735
TEST_1711,322.41792079207926
TEST_1712,644.0778217821781
TEST_1713,357.7206930693067
TEST_1714,449.5042574257429
TEST_1715,550.6968316831685
TEST_1716,254.60326732673266
TEST_1717,633.2258415841582
TEST_1718,648.5605940594058
TEST_1719,361.9036633663365
TEST_1720,541.3255445544553
TEST_1721,160.01841584158416
TEST_1722,657.0199009900989
TEST_1723,143.64118811881193
TEST_1724,147.79059405940592
TEST_1725,643.2776237623762
TEST_1726,148.1914851485149
TEST_1727,245.5467326732674
TEST_1728,192.8393069306931
TEST_1729,247.9909900990099
TEST_1730,559.5141584158416
TEST_1731,31.493366336633667
TEST_1732,242.249504950495
TEST_1733,684.8476237623765
TEST_1734,154.7132673267327
TEST_1735,446.6742574257425
TEST_1736,746.2293069306932
TEST_1737,248.29475247524746
TEST_1738,262.5537623762376
TEST_1739,160.6542574257426
TEST_1740,353.7420792079207
TEST_1741,659.1768316831684
TEST_1742,257.65950495049503
TEST_1743,229.4209900990099
TEST_1744,46.771881188118805
TEST_1745,150.6854455445544
TEST_1746,516.1992079207922
TEST_1747,451.1050495049503
TEST_1748,354.6200000000003
TEST_1749,241.3841584158415
TEST_1750,243.53702970297027
TEST_1751,664.4655445544552
TEST_1752,534.4894059405941
TEST_1753,453.5606930693068
TEST_1754,154.57920792079202
TEST_1755,646.7493069306927
TEST_1756,449.08376237623753
TEST_1757,208.1004950495049
TEST_1758,135.33683168316827
TEST_1759,156.39297029702973
TEST_1760,242.979900990099
TEST_1761,641.9826732673271
TEST_1762,565.0619801980198
TEST_1763,758.1451485148518
TEST_1764,660.3728712871289
TEST_1765,450.53405940594047
TEST_1766,446.9606930693069
TEST_1767,48.31297029702971
TEST_1768,349.52673267326736
TEST_1769,358.1743564356435
TEST_1770,647.2414851485149
TEST_1771,650.6414851485148
TEST_1772,447.19306930693097
TEST_1773,579.8592079207922
TEST_1774,430.49138613861396
TEST_1775,450.70801980197996
TEST_1776,249.04415841584148
TEST_1777,748.3250495049505
TEST_1778,635.8209900990099
TEST_1779,447.11613861386155
TEST_1780,239.24009900990103
TEST_1781,33.12178217821781
TEST_1782,204.2677227722773
TEST_1783,548.1516831683166
TEST_1784,537.82297029703
TEST_1785,251.7982178217822
TEST_1786,430.15514851485153
TEST_1787,49.54792079207921
TEST_1788,342.021188118812
TEST_1789,103.37544554455445
TEST_1790,641.4256435643564
TEST_1791,344.5334653465347
TEST_1792,136.6074257425742
TEST_1793,550.7459405940596
TEST_1794,38.355643564356434
TEST_1795,647.5919801980199
TEST_1796,246.83396039603952
TEST_1797,35.093960396039606
TEST_1798,230.25950495049494
TEST_1799,636.9447524752478
TEST_1800,364.8140594059407
TEST_1801,450.03287128712884
TEST_1802,654.9686138613858
TEST_1803,557.7663366336634
TEST_1804,248.87079207920792
TEST_1805,626.929207920792
TEST_1806,406.9732673267327
TEST_1807,767.9596039603956
TEST_1808,455.85752475247523
TEST_1809,645.8575247524753
TEST_1810,142.18049504950494
TEST_1811,639.9728712871288
TEST_1812,552.3834653465345
TEST_1813,538.9890099009901
TEST_1814,644.7634653465348
TEST_1815,153.68752475247524
TEST_1816,542.0684158415842
TEST_1817,554.3858415841584
TEST_1818,432.96990099009895
TEST_1819,252.8835643564356
TEST_1820,136.11148514851484
TEST_1821,657.7728712871283
TEST_1822,90.40287128712873
TEST_1823,647.0963366336631
TEST_1824,48.18138613861385
TEST_1825,238.03554455445547
TEST_1826,740.9889108910893
TEST_1827,240.59524752475235
TEST_1828,146.5347524752476
TEST_1829,241.37188118811872
TEST_1830,137.30178217821782
TEST_1831,34.661584158415835
TEST_1832,356.67346534653467
TEST_1833,546.8417821782176
TEST_1834,340.4525742574257
TEST_1835,647.7720792079208
TEST_1836,635.4153465346534
TEST_1837,206.94287128712864
TEST_1838,47.83722772277227
TEST_1839,59.70544554455442
TEST_1840,201.31564356435655
TEST_1841,610.420198019802
TEST_1842,38.393465346534654
TEST_1843,751.4292079207916
TEST_1844,22.4940594059406
TEST_1845,47.14257425742572
TEST_1846,177.3229702970298
TEST_1847,656.0544554455448
TEST_1848,30.654158415841586
TEST_1849,737.2845544554456
TEST_1850,257.05316831683155
TEST_1851,257.85148514851477
TEST_1852,348.00980198019784
TEST_1853,440.46356435643554
TEST_1854,239.980495049505
TEST_1855,753.33702970297
TEST_1856,508.61633663366337
TEST_1857,676.2085148514852
TEST_1858,562.240396039604
TEST_1859,360.26940594059414
TEST_1860,452.6225742574257
TEST_1861,450.3542574257428
TEST_1862,623.3500990099011
TEST_1863,457.90613861386163
TEST_1864,748.7432673267326
TEST_1865,577.1365346534652
TEST_1866,508.888415841584
TEST_1867,547.9267326732672
TEST_1868,44.38742574257425
TEST_1869,645.7552475247523
TEST_1870,639.0474257425744
TEST_1871,147.9553465346535
TEST_1872,339.7657425742574
TEST_1873,350.5580198019802
TEST_1874,555.0946534653466
TEST_1875,650.2790099009903
TEST_1876,773.300396039604
TEST_1877,38.31435643564357
TEST_1878,150.86445544554454
TEST_1879,581.2001980198021
TEST_1880,231.52851485148523
TEST_1881,252.73841584158419
TEST_1882,555.261188118812
TEST_1883,145.7341584158416
TEST_1884,743.8296039603958
TEST_1885,514.3816831683166
TEST_1886,649.9701980198021
TEST_1887,235.5777227722772
TEST_1888,242.04554455445532
TEST_1889,662.1989108910888
TEST_1890,564.1484158415842
TEST_1891,44.776633663366326
TEST_1892,241.75326732673273
TEST_1893,231.32594059405955
TEST_1894,354.88881188118813
TEST_1895,637.1294059405941
TEST_1896,654.0004950495047
TEST_1897,65.22326732673267
TEST_1898,352.5694059405942
TEST_1899,650.6070297029703
TEST_1900,346.4556435643564
TEST_1901,647.4113861386139
TEST_1902,418.3029702970297
TEST_1903,510.69198019801985
TEST_1904,252.55821782178225
TEST_1905,267.65534653465335
TEST_1906,538.8150495049503
TEST_1907,555.4277227722773
TEST_1908,646.7329702970297
TEST_1909,572.0895049504951
TEST_1910,48.228415841584145
TEST_1911,450.8559405940593
TEST_1912,647.5346534653463
TEST_1913,253.53643564356432
TEST_1914,752.0462376237626
TEST_1915,537.2757425742575
TEST_1916,358.3873267326733
TEST_1917,351.00069306930715
TEST_1918,344.90702970297036
TEST_1919,54.0349504950495
TEST_1920,681.0657425742576
TEST_1921,159.97128712871285
TEST_1922,744.8676237623762
TEST_1923,39.93237623762376
TEST_1924,553.1369306930693
TEST_1925,461.27277227722766
TEST_1926,556.2251485148515
TEST_1927,542.2117821782176
TEST_1928,50.880792079207936
TEST_1929,455.28772277227733
TEST_1930,24.713663366336636
TEST_1931,38.48821782178217
TEST_1932,553.709900990099
TEST_1933,273.98871287128713
TEST_1934,339.9843564356435
TEST_1935,468.86465346534646
TEST_1936,351.178712871287
TEST_1937,572.4773267326738
TEST_1938,460.92950495049496
TEST_1939,232.08910891089118
TEST_1940,49.60118811881188
TEST_1941,411.16564356435646
TEST_1942,655.4057425742579
TEST_1943,555.8839603960397
TEST_1944,357.1851485148515
TEST_1945,451.8872277227723
TEST_1946,46.92059405940596
TEST_1947,203.69029702970286
TEST_1948,253.3678217821782
TEST_1949,451.10851485148504
TEST_1950,451.9627722772277
TEST_1951,656.0180198019802
TEST_1952,243.04386138613864
TEST_1953,140.01673267326728
TEST_1954,760.6657425742576
TEST_1955,538.4940594059404
TEST_1956,452.3267326732673
TEST_1957,454.88415841584145
TEST_1958,593.1324752475249
TEST_1959,35.7909900990099
TEST_1960,153.96069306930693
TEST_1961,346.72792079207926
TEST_1962,557.7077227722771
TEST_1963,262.9848514851485
TEST_1964,41.62366336633663
TEST_1965,17.533960396039603
TEST_1966,551.3521782178217
TEST_1967,586.8858415841585
TEST_1968,749.6182178217822
TEST_1969,362.21990099009884
TEST_1970,155.73346534653462
TEST_1971,131.9659405940594
TEST_1972,548.820495049505
TEST_1973,115.73980198019804
TEST_1974,637.2378217821782
TEST_1975,324.74881188118815
TEST_1976,511.2605940594059
TEST_1977,770.164455445545
TEST_1978,146.10821782178218
TEST_1979,752.9826732673267
TEST_1980,436.55059405940597
TEST_1981,454.83752475247513
TEST_1982,682.0130693069308
TEST_1983,561.8225742574255
TEST_1984,341.0822772277226
TEST_1985,145.77485148514853
TEST_1986,360.929900990099
TEST_1987,159.16099009900987
TEST_1988,354.5816831683169
TEST_1989,748.5231683168317
TEST_1990,721.9746534653467
TEST_1991,236.55138613861388
TEST_1992,23.819801980198022
TEST_1993,352.2761386138613
TEST_1994,420.253366336634
TEST_1995,252.23633663366343
TEST_1996,39.899702970297035
TEST_1997,345.45900990099017
TEST_1998,348.10059405940603
TEST_1999,552.0792079207919
TEST_2000,234.9436633663367
TEST_2001,651.6677227722771
TEST_2002,190.45663366336626
TEST_2003,753.8965346534653
TEST_2004,384.4521782178219
TEST_2005,330.1325742574258
TEST_2006,243.7683168316832
TEST_2007,136.84930693069302
TEST_2008,250.28881188118805
TEST_2009,458.91425742574256
TEST_2010,653.2280198019803
TEST_2011,646.2158415841582
TEST_2012,551.509801980198
TEST_2013,523.8350495049503
TEST_2014,229.06940594059398
TEST_2015,361.0640594059407
TEST_2016,237.0758415841585
TEST_2017,227.76188118811874
TEST_2018,532.6811881188119
TEST_2019,346.78732673267314
TEST_2020,448.86207920792066
TEST_2021,643.6717821782178
TEST_2022,146.2058415841584
TEST_2023,459.170099009901
TEST_2024,448.148910891089
TEST_2025,340.5275247524753
TEST_2026,712.5881188118813
TEST_2027,114.4168316831683
TEST_2028,148.41623762376238
TEST_2029,685.0950495049506
TEST_2030,35.903168316831696
TEST_2031,448.65019801980196
TEST_2032,189.1735643564356
TEST_2033,255.31851485148513
TEST_2034,168.32920792079207
TEST_2035,334.7718811881188
TEST_2036,157.5942574257425
TEST_2037,190.1214851485148
TEST_2038,280.45772277227707
TEST_2039,654.6895049504948
TEST_2040,450.1418811881186
TEST_2041,142.99089108910889
TEST_2042,266.6336633663366
TEST_2043,212.5005940594058
TEST_2044,552.0399009900989
TEST_2045,601.2069306930692
TEST_2046,113.50712871287126
TEST_2047,528.2016831683171
TEST_2048,294.63643564356437
TEST_2049,255.24900990099005
TEST_2050,756.3244554455443
TEST_2051,435.56435643564356
TEST_2052,569.9623762376236
TEST_2053,642.5916831683168
TEST_2054,441.9631683168316
TEST_2055,359.1519801980197
TEST_2056,256.03980198019804
TEST_2057,157.03198019801982
TEST_2058,540.2539603960396
TEST_2059,692.5164356435644
TEST_2060,135.34435643564356
TEST_2061,353.4773267326732
TEST_2062,648.9301980198018
TEST_2063,745.1965346534653
TEST_2064,647.8888118811882
TEST_2065,547.0215841584159
TEST_2066,536.2930693069309
TEST_2067,237.99287128712862
TEST_2068,456.832079207921
TEST_2069,379.6123762376239
TEST_2070,355.02673267326713
TEST_2071,240.61267326732664
TEST_2072,626.2654455445545
TEST_2073,761.5337623762377
TEST_2074,446.3668316831682
TEST_2075,468.88881188118813
TEST_2076,453.73801980198004
TEST_2077,538.8573267326735
TEST_2078,358.8946534653465
TEST_2079,290.1841584158416
TEST_2080,545.6665346534653
TEST_2081,353.32722772277236
TEST_2082,657.9177227722772
TEST_2083,33.88940594059407
TEST_2084,342.47871287128703
TEST_2085,153.0831683168317
TEST_2086,339.65574257425726
TEST_2087,138.20108910891082
TEST_2088,37.63940594059407
TEST_2089,745.8684158415841
TEST_2090,52.62346534653466
TEST_2091,636.6147524752474
TEST_2092,746.109207920792
TEST_2093,343.81722772277215
TEST_2094,240.34752475247535
TEST_2095,261.1075247524752
TEST_2096,549.8840594059407
TEST_2097,536.4869306930693
TEST_2098,755.1618811881186
TEST_2099,140.27594059405934
TEST_2100,240.8082178217822
TEST_2101,247.19267326732663
TEST_2102,449.1886138613861
TEST_2103,442.7241584158417
TEST_2104,749.0588118811881
TEST_2105,350.9134653465348
TEST_2106,199.4152475247525
TEST_2107,260.10237623762373
TEST_2108,339.83326732673254
TEST_2109,448.1273267326733
TEST_2110,151.62396039603965
TEST_2111,224.75188118811872
TEST_2112,646.8847524752476
TEST_2113,736.8560396039609
TEST_2114,649.0575247524753
TEST_2115,365.86861386138617
TEST_2116,644.3702970297029
TEST_2117,657.9927722772279
TEST_2118,111.09603960396036
TEST_2119,27.3060396039604
TEST_2120,547.6610891089113
TEST_2121,147.1225742574257
TEST_2122,557.0436633663364
TEST_2123,447.7848514851486
TEST_2124,565.0892079207921
TEST_2125,536.8367326732673
TEST_2126,656.4548514851481
TEST_2127,668.6209900990098
TEST_2128,342.6563366336636
TEST_2129,457.4858415841586
TEST_2130,162.15198019801983
TEST_2131,550.2287128712869
TEST_2132,564.2131683168317
TEST_2133,27.30980198019802
TEST_2134,249.98782178217823
TEST_2135,649.463366336634
TEST_2136,211.03059405940598
TEST_2137,591.0899999999999
TEST_2138,29.79000000000001
TEST_2139,680.18
TEST_2140,343.03495049504966
TEST_2141,421.0750495049503
TEST_2142,550.9467326732673
TEST_2143,447.97910891089117
TEST_2144,266.6905940594057
TEST_2145,361.02584158415834
TEST_2146,67.0562376237624
TEST_2147,352.8128712871288
TEST_2148,448.2720792079209
TEST_2149,149.5722772277228
TEST_2150,407.55821782178236
TEST_2151,147.29227722772276
TEST_2152,645.8335643564358
TEST_2153,141.81772277227722
TEST_2154,154.15435643564354
TEST_2155,345.82455445544565
TEST_2156,344.8433663366337
TEST_2157,756.8358415841581
TEST_2158,58.22346534653468
TEST_2159,742.5902970297026
TEST_2160,329.57574257425745
TEST_2161,345.40039603960383
TEST_2162,452.85148514851505
TEST_2163,649.2783168316829
TEST_2164,265.149504950495
TEST_2165,531.5596039603963
TEST_2166,150.11950495049507
TEST_2167,41.01584158415843
TEST_2168,321.72594059405924
TEST_2169,447.1147524752475
TEST_2170,345.09554455445533
TEST_2171,636.9764356435644
TEST_2172,635.1133663366337
TEST_2173,357.52762376237627
TEST_2174,150.2009900990099
TEST_2175,141.51009900990098
TEST_2176,450.78881188118794
TEST_2177,150.91514851485144
TEST_2178,691.1114851485147
TEST_2179,564.3553465346534
TEST_2180,554.2298019801981
TEST_2181,242.85415841584177
TEST_2182,452.4573267326732
TEST_2183,251.48059405940592
TEST_2184,767.8713861386138
TEST_2185,647.0356435643564
TEST_2186,35.63900990099011
TEST_2187,464.3990099009901
TEST_2188,752.4438613861385
TEST_2189,449.6765346534655
TEST_2190,758.6336633663368
TEST_2191,144.92653465346532
TEST_2192,646.6717821782175
TEST_2193,549.749603960396
TEST_2194,255.72584158415847
TEST_2195,250.04257425742577
TEST_2196,455.82782178217803
TEST_2197,444.58158415841575
TEST_2198,353.53960396039616
TEST_2199,647.7716831683168
TEST_2200,167.699900990099
TEST_2201,627.8329702970296
TEST_2202,543.3976237623764
TEST_2203,757.4811881188118
TEST_2204,315.34782178217824
TEST_2205,362.9863366336635
TEST_2206,243.85603960396054
TEST_2207,121.63108910891087
