,Date,Close,Open,High,Low,Volume,Change,Inv_case
0,2018-08-10,2282.79,2295.21,2295.62,2277.89,286160000.0,-0.0091,1
7,2018-08-22,2273.33,2273.68,2280.31,2268.91,269270000.0,0.0014,1
9,2018-08-24,2293.21,2276.16,2295.22,2271.35,347290000.0,0.0046,1
10,2018-08-27,2299.3,2297.32,2302.87,2289.41,307040000.0,0.0027,1
11,2018-08-28,2303.12,2312.14,2314.6,2299.45,276890000.0,0.0017,1
12,2018-08-29,2309.03,2304.66,2309.88,2300.21,268210000.0,0.0026,1
13,2018-08-30,2307.35,2313.11,2320.85,2305.46,286930000.0,-0.0007,1
14,2018-08-31,2322.88,2298.13,2322.88,2295.72,255910000.0,0.0067,1
15,2018-09-03,2307.03,2317.93,2318.72,2302.17,230510000.0,-0.0068,1
16,2018-09-04,2315.72,2308.96,2317.74,2302.17,277010000.0,0.0038,1
17,2018-09-05,2291.77,2310.9,2315.43,2288.01,358190000.0,-0.0103,1
18,2018-09-06,2287.61,2288.8,2298.47,2284.5,387510000.0,-0.0018,1
19,2018-09-07,2281.58,2278.08,2286.82,2264.9,357560000.0,-0.0026,1
20,2018-09-10,2288.66,2277.35,2289.38,2276.6,312610000.0,0.0031,1
22,2018-09-12,2282.92,2286.28,2289.66,2271.0,336830000.0,-0.0001,1
23,2018-09-13,2286.23,2285.28,2291.51,2281.63,301310000.0,0.0014,1
24,2018-09-14,2318.25,2304.7,2318.65,2304.15,292240000.0,0.0139999999999999,1
25,2018-09-17,2303.01,2314.55,2314.55,2295.26,343170000.0,-0.0066,1
26,2018-09-18,2308.98,2287.73,2310.97,2287.42,309240000.0,0.0026,1
27,2018-09-19,2308.46,2319.22,2319.22,2301.79,350950000.0,-0.0002,1
28,2018-09-20,2323.45,2314.41,2334.04,2311.56,289080000.0,0.0065,1
34,2018-10-04,2274.49,2311.06,2311.06,2270.22,309500000.0,-0.0152,1
39,2018-10-12,2161.85,2131.66,2173.01,2129.13,292570000.0,0.0151,1
42,2018-10-17,2167.51,2169.44,2182.77,2159.37,275160000.0,0.0104,1
44,2018-10-19,2156.26,2130.06,2158.78,2117.62,351770000.0,0.0037,1
45,2018-10-22,2161.71,2143.08,2163.21,2136.92,308740000.0,0.0025,1
47,2018-10-24,2097.58,2119.19,2121.36,2092.1,399730000.0,-0.004,1
52,2018-10-31,2029.69,2022.84,2030.5,2006.63,373030000.0,0.0074,1
55,2018-11-05,2076.92,2079.81,2080.49,2052.67,361300000.0,-0.0091,1
56,2018-11-06,2089.62,2085.81,2092.61,2068.59,315820000.0,0.0060999999999999,1
57,2018-11-07,2078.69,2090.32,2107.63,2072.48,485220000.0,-0.0052,1
58,2018-11-08,2092.63,2109.97,2120.88,2092.36,328030000.0,0.0067,1
61,2018-11-13,2071.23,2047.62,2072.03,2032.05,383420000.0,-0.0044,1
62,2018-11-14,2068.05,2071.41,2075.12,2060.86,339050000.0,-0.0015,1
63,2018-11-15,2088.06,2061.47,2088.61,2058.73,351040000.0,0.0097,1
64,2018-11-16,2092.4,2097.94,2103.11,2086.54,301600000.0,0.0021,1
65,2018-11-19,2100.56,2096.13,2111.39,2089.37,273200000.0,0.0039,1
66,2018-11-20,2082.58,2074.67,2089.54,2074.67,281680000.0,-0.0086,1
68,2018-11-22,2069.95,2079.01,2081.75,2066.2,242500000.0,-0.0032,1
70,2018-11-26,2083.02,2060.17,2083.96,2060.17,237710000.0,0.0124,1
72,2018-11-28,2108.22,2104.13,2108.65,2094.32,300080000.0,0.0042,1
73,2018-11-29,2114.1,2133.95,2136.74,2108.9,307230000.0,0.0028,1
74,2018-11-30,2096.86,2116.83,2122.33,2093.83,427350000.0,-0.0081999999999999,1
76,2018-12-04,2114.35,2125.67,2128.94,2105.45,507520000.0,-0.0081999999999999,1
77,2018-12-05,2101.31,2086.57,2107.69,2086.57,492720000.0,-0.0062,1
80,2018-12-10,2053.79,2048.45,2061.78,2043.21,344160000.0,-0.0106,1
81,2018-12-11,2052.97,2058.16,2060.94,2047.17,273930000.0,-0.0004,1
83,2018-12-13,2095.55,2087.43,2104.43,2084.37,379820000.0,0.0062,1
85,2018-12-17,2071.09,2071.21,2075.93,2065.51,444520000.0,0.0008,1
86,2018-12-18,2062.11,2057.39,2074.31,2054.26,429530000.0,-0.0043,1
89,2018-12-21,2061.49,2052.7,2061.51,2049.76,311390000.0,0.0007,1
90,2018-12-24,2055.01,2050.38,2059.94,2046.18,285280000.0,-0.0031,1
91,2018-12-26,2028.01,2028.81,2037.83,2014.28,321500000.0,-0.0131,1
93,2018-12-28,2041.04,2036.7,2046.97,2035.41,352680000.0,0.0062,1
95,2019-01-03,1993.7,2011.81,2014.72,1991.65,427980000.0,-0.0081,1
96,2019-01-04,2010.25,1992.4,2011.56,1984.53,408990000.0,0.0083,1
97,2019-01-07,2037.1,2034.24,2048.06,2030.9,440190000.0,0.0134,1
98,2019-01-08,2025.27,2038.68,2042.7,2023.59,397830000.0,-0.0058,1
99,2019-01-09,2064.71,2034.19,2068.23,2034.19,386250000.0,0.0195,1
100,2019-01-10,2063.28,2065.73,2072.81,2057.16,382880000.0,-0.0007,1
102,2019-01-14,2064.52,2070.49,2073.94,2059.46,432890000.0,-0.0053,1
104,2019-01-16,2106.1,2098.65,2106.35,2091.92,500080000.0,0.0043,1
105,2019-01-17,2107.06,2110.14,2117.43,2101.7,475880000.0,0.0005,1
106,2019-01-18,2124.28,2116.43,2124.5,2113.44,456740000.0,0.0081999999999999,1
108,2019-01-22,2117.77,2126.03,2129.37,2108.91,419440000.0,-0.0032,1
109,2019-01-23,2127.78,2108.72,2131.05,2106.74,408600000.0,0.0046999999999999,1
110,2019-01-24,2145.03,2127.88,2145.08,2125.48,413650000.0,0.0081,1
111,2019-01-25,2177.73,2147.92,2178.01,2146.64,410000000.0,0.0152,1
112,2019-01-28,2177.3,2184.41,2188.15,2169.17,371620000.0,-0.0002,1
113,2019-01-29,2183.36,2172.83,2183.36,2162.53,552590000.0,0.0028,1
114,2019-01-30,2206.2,2183.49,2206.2,2177.88,480390000.0,0.0105,1
115,2019-01-31,2204.85,2222.88,2222.88,2201.22,545250000.0,-0.0006,1
116,2019-02-01,2203.46,2211.93,2218.78,2201.41,479380000.0,-0.0006,1
117,2019-02-07,2203.42,2215.77,2215.79,2196.77,427840000.0,-0.0,1
118,2019-02-08,2177.05,2192.01,2192.48,2171.96,391030000.0,-0.012,1
120,2019-02-12,2190.47,2182.71,2195.05,2178.59,429940000.0,0.0045,1
121,2019-02-13,2201.48,2200.0,2203.71,2194.75,421990000.0,0.005,1
122,2019-02-14,2225.85,2195.92,2225.85,2186.09,573360000.0,0.0111,1
123,2019-02-15,2196.09,2210.94,2210.94,2187.71,400590000.0,-0.0134,1
124,2019-02-18,2210.89,2207.36,2217.32,2203.0,314370000.0,0.0067,1
125,2019-02-19,2205.63,2208.96,2213.87,2193.34,389090000.0,-0.0024,1
133,2019-03-04,2190.66,2210.97,2216.02,2188.56,373170000.0,-0.0022,1
135,2019-03-06,2175.6,2177.11,2179.01,2168.46,328940000.0,-0.0017,1
136,2019-03-07,2165.79,2173.19,2181.19,2155.19,292580000.0,-0.0045,1
137,2019-03-08,2137.44,2152.8,2159.67,2137.44,313310000.0,-0.0131,1
138,2019-03-11,2138.1,2140.29,2145.31,2125.54,272100000.0,0.0003,1
140,2019-03-13,2148.41,2152.66,2154.11,2134.16,285600000.0,-0.0040999999999999,1
141,2019-03-14,2155.68,2154.35,2158.34,2142.31,341010000.0,0.0034,1
142,2019-03-15,2176.11,2152.96,2181.77,2152.59,387140000.0,0.0095,1
145,2019-03-20,2177.1,2171.41,2177.19,2152.21,317610000.0,-0.0002,1
146,2019-03-21,2184.88,2183.11,2200.32,2173.7,342750000.0,0.0036,1
147,2019-03-22,2186.95,2192.72,2195.42,2178.77,333620000.0,0.0009,1
149,2019-03-26,2148.8,2152.98,2153.9,2143.63,301250000.0,0.0018,1
151,2019-03-28,2128.1,2131.25,2136.4,2120.93,288040000.0,-0.0081999999999999,1
152,2019-03-29,2140.67,2138.45,2143.3,2124.07,364620000.0,0.0059,1
153,2019-04-01,2168.28,2153.31,2171.49,2153.31,263310000.0,0.0129,1
156,2019-04-04,2206.53,2201.04,2216.15,2198.66,431010000.0,0.0015,1
157,2019-04-05,2209.61,2206.36,2214.82,2205.26,517150000.0,0.0014,1
158,2019-04-08,2210.6,2217.66,2217.87,2202.49,347910000.0,0.0004,1
159,2019-04-09,2213.56,2212.32,2221.62,2203.54,414810000.0,0.0013,1
160,2019-04-10,2224.39,2206.2,2225.02,2203.82,399690000.0,0.0049,1
167,2019-04-19,2216.15,2223.42,2225.37,2215.58,525260000.0,0.0011,1
168,2019-04-22,2216.65,2218.5,2227.94,2207.25,493980000.0,0.0002,1
169,2019-04-23,2220.51,2217.61,2223.92,2212.14,481180000.0,0.0017,1
171,2019-04-25,2190.5,2195.47,2200.89,2187.44,441140000.0,-0.0048,1
172,2019-04-26,2179.31,2178.13,2186.52,2168.15,570170000.0,-0.0051,1
173,2019-04-29,2216.43,2183.41,2216.43,2181.82,380820000.0,0.017,1
174,2019-04-30,2203.59,2213.43,2215.77,2186.33,381410000.0,-0.0058,1
175,2019-05-02,2212.75,2192.94,2217.03,2191.3,369060000.0,0.0042,1
176,2019-05-03,2196.32,2209.44,2211.36,2192.36,617880000.0,-0.0074,1
177,2019-05-07,2176.99,2172.39,2179.51,2160.44,484100000.0,-0.0088,1
182,2019-05-14,2081.84,2060.24,2093.41,2056.74,696200000.0,0.0014,1
183,2019-05-15,2092.78,2081.92,2100.01,2076.46,577790000.0,0.0053,1
184,2019-05-16,2067.69,2094.88,2095.58,2062.44,745160000.0,-0.012,1
186,2019-05-20,2055.71,2066.53,2077.1,2051.69,640200000.0,-0.0,1
187,2019-05-21,2061.25,2056.95,2076.47,2053.69,526860000.0,0.0027,1
190,2019-05-24,2045.31,2047.3,2057.38,2035.98,480650000.0,-0.0069,1
191,2019-05-27,2044.21,2044.25,2055.13,2035.87,351620000.0,-0.0005,1
192,2019-05-28,2048.83,2044.77,2058.42,2038.52,494480000.0,0.0023,1
194,2019-05-30,2038.8,2024.33,2040.66,2023.91,461850000.0,0.0077,1
195,2019-05-31,2041.74,2029.03,2048.9,2022.97,439180000.0,0.0014,1
202,2019-06-12,2108.75,2111.66,2118.89,2104.41,693510000.0,-0.0014,1
204,2019-06-14,2095.41,2096.32,2103.02,2087.47,473370000.0,-0.0037,1
205,2019-06-17,2090.73,2091.71,2103.59,2087.25,561550000.0,-0.0022,1
206,2019-06-18,2098.71,2089.31,2103.02,2089.31,600960000.0,0.0038,1
207,2019-06-19,2124.78,2119.54,2126.74,2117.64,862980000.0,0.0124,1
208,2019-06-20,2131.29,2121.78,2131.77,2120.42,1010000000.0,0.0031,1
211,2019-06-25,2121.64,2125.74,2136.24,2115.11,643000000.0,-0.0022,1
213,2019-06-27,2134.32,2120.73,2141.27,2118.22,644900000.0,0.0059,1
214,2019-06-28,2130.62,2135.06,2139.24,2123.97,537270000.0,-0.0017,1
216,2019-07-02,2122.02,2122.07,2130.86,2112.52,460830000.0,-0.0036,1
217,2019-07-03,2096.02,2120.75,2127.71,2093.32,522710000.00000006,-0.0123,1
218,2019-07-04,2108.73,2102.36,2108.8,2088.97,446930000.0,0.0060999999999999,1
221,2019-07-09,2052.03,2070.35,2075.3,2052.03,440120000.0,-0.0059,1
222,2019-07-10,2058.78,2061.55,2068.2,2056.48,355680000.0,0.0033,1
224,2019-07-12,2086.66,2083.53,2090.43,2077.35,403940000.0,0.0029,1
225,2019-07-15,2082.48,2083.39,2088.34,2073.1,463520000.0,-0.002,1
227,2019-07-17,2072.92,2079.91,2080.01,2063.49,761630000.0,-0.0091,1
229,2019-07-19,2094.36,2080.21,2096.73,2076.51,394900000.0,0.0135,1
230,2019-07-22,2093.34,2090.35,2099.34,2087.51,332630000.0,-0.0005,1
231,2019-07-23,2101.45,2095.76,2106.39,2095.38,648120000.0,0.0039,1
234,2019-07-26,2066.26,2063.35,2068.16,2054.64,589070000.0,-0.004,1
237,2019-07-31,2024.55,2036.46,2041.16,2010.95,589390000.0,-0.0069,1
238,2019-08-01,2017.34,2015.09,2032.23,2009.33,461740000.0,-0.0036,1
239,2019-08-02,1998.13,1995.31,2005.31,1987.12,438540000.0,-0.0095,1
240,2019-08-05,1946.98,1985.93,1987.64,1945.39,639600000.0,-0.0256,1
242,2019-08-07,1909.71,1925.33,1929.29,1901.61,760780000.0,-0.0040999999999999,1
247,2019-08-14,1938.37,1946.18,1952.22,1937.23,699590000.0,0.0065,1
248,2019-08-16,1927.17,1921.49,1927.7,1911.72,421680000.0,-0.0058,1
251,2019-08-21,1964.65,1954.57,1971.12,1954.47,391570000.0,0.0022,1
253,2019-08-23,1948.3,1942.42,1953.85,1940.6,381090000.0,-0.0014,1
254,2019-08-26,1916.31,1915.34,1924.49,1909.92,324850000.0,-0.0163999999999999,1
258,2019-08-30,1967.79,1951.66,1971.21,1951.3,317730000.0,0.0178,1
259,2019-09-02,1969.19,1961.19,1973.25,1958.59,262150000.0,0.0007,1
262,2019-09-05,2004.75,1993.62,2015.39,1992.51,488070000.0,0.0081999999999999,1
265,2019-09-10,2032.08,2024.79,2034.28,2021.58,504390000.0,0.0062,1
266,2019-09-11,2049.2,2043.72,2050.8,2040.04,429080000.0,0.0084,1
267,2019-09-16,2062.22,2056.26,2062.22,2044.8,493520000.0,0.0064,1
268,2019-09-17,2062.33,2058.72,2066.33,2055.17,508000000.0,0.0001,1
269,2019-09-18,2070.73,2064.42,2075.63,2058.52,613150000.0,0.0040999999999999,1
270,2019-09-19,2080.35,2070.53,2089.81,2070.53,493040000.0,0.0046,1
271,2019-09-20,2091.52,2080.86,2092.37,2077.3,589920000.0,0.0054,1
272,2019-09-23,2091.7,2087.7,2095.54,2085.6,420950000.0,0.0001,1
273,2019-09-24,2101.04,2090.19,2101.63,2085.91,535770000.0,0.0045,1
274,2019-09-25,2073.39,2093.47,2095.27,2072.41,651550000.0,-0.0132,1
276,2019-09-27,2049.93,2066.96,2066.96,2044.75,285940000.0,-0.0118999999999999,1
277,2019-09-30,2063.05,2045.77,2064.99,2042.01,327620000.0,0.0064,1
278,2019-10-01,2072.42,2062.44,2077.48,2057.91,389340000.0,0.0045,1
279,2019-10-02,2031.91,2058.23,2058.23,2031.91,414460000.0,-0.0195,1
280,2019-10-04,2020.69,2028.4,2039.43,2020.69,402940000.0,-0.0055,1
283,2019-10-10,2028.15,2030.13,2040.88,2010.9,445850000.0,-0.0088,1
284,2019-10-11,2044.61,2048.08,2053.94,2040.48,381150000.0,0.0081,1
285,2019-10-14,2067.4,2068.13,2075.1,2065.53,511220000.0,0.0111,1
287,2019-10-16,2082.83,2080.92,2090.01,2073.8,524540000.0,0.0070999999999999,1
288,2019-10-17,2077.94,2081.76,2087.15,2072.49,314180000.0,-0.0023,1
291,2019-10-22,2088.86,2076.29,2093.81,2073.08,504060000.0,0.0116,1
292,2019-10-23,2080.62,2086.81,2088.25,2074.88,429450000.0,-0.0039,1
294,2019-10-25,2087.89,2091.16,2091.24,2079.3,348690000.0,0.0011,1
295,2019-10-28,2093.6,2096.67,2104.39,2089.76,269230000.0,0.0027,1
296,2019-10-29,2092.69,2103.92,2105.17,2088.04,357660000.0,-0.0004,1
297,2019-10-30,2080.27,2093.51,2093.51,2075.54,415550000.0,-0.0059,1
299,2019-11-01,2100.2,2084.79,2100.42,2081.53,418310000.0,0.008,1
300,2019-11-04,2130.24,2111.32,2130.83,2111.32,476260000.0,0.0143,1
301,2019-11-05,2142.64,2133.66,2143.12,2128.7,400640000.0,0.0058,1
302,2019-11-06,2144.15,2142.69,2156.23,2138.83,410080000.0,0.0007,1
303,2019-11-07,2144.29,2141.05,2147.01,2135.45,425660000.0,0.0001,1
305,2019-11-11,2124.09,2139.07,2139.07,2119.07,617270000.0,-0.0060999999999999,1
306,2019-11-12,2140.92,2131.26,2140.94,2121.8,610430000.0,0.0079,1
308,2019-11-14,2139.23,2127.54,2139.23,2121.32,521110000.0,0.0079,1
309,2019-11-15,2162.18,2137.96,2165.02,2135.26,556250000.0,0.0107,1
311,2019-11-19,2153.24,2151.04,2154.41,2137.01,826880000.0,-0.0034,1
312,2019-11-20,2125.32,2140.06,2145.97,2123.8,581060000.0,-0.013,1
313,2019-11-21,2096.6,2123.65,2125.36,2088.19,579550000.0,-0.0135,1
314,2019-11-22,2101.96,2098.89,2106.42,2093.99,519850000.0,0.0026,1
316,2019-11-26,2121.35,2129.27,2139.64,2120.85,532600000.0,-0.001,1
317,2019-11-27,2127.85,2134.47,2136.3,2118.07,367800000.0,0.0031,1
318,2019-11-28,2118.6,2116.93,2127.75,2116.58,335230000.0,-0.0043,1
320,2019-12-02,2091.92,2097.55,2103.87,2088.92,385340000.0,0.0019,1
324,2019-12-06,2081.85,2072.44,2084.44,2070.17,440190000.0,0.0102,1
325,2019-12-09,2088.65,2091.94,2093.81,2084.31,393130000.0,0.0033,1
327,2019-12-11,2105.62,2098.28,2109.22,2092.48,668730000.0,0.0036,1
328,2019-12-12,2137.35,2120.13,2138.93,2120.13,584640000.0,0.0151,1
329,2019-12-13,2170.25,2164.63,2170.25,2159.45,540030000.0,0.0154,1
331,2019-12-17,2195.68,2179.4,2196.01,2171.09,599530000.0,0.0127,1
332,2019-12-18,2194.76,2194.92,2204.04,2187.32,591110000.0,-0.0004,1
333,2019-12-19,2196.56,2199.42,2204.73,2186.59,643140000.0,0.0008,1
334,2019-12-20,2204.18,2205.57,2206.82,2194.8,646680000.0,0.0034999999999999,1
335,2019-12-23,2203.71,2208.22,2209.2,2196.43,502030000.0,-0.0002,1
336,2019-12-24,2190.08,2206.23,2206.23,2187.58,569970000.0,-0.0062,1
337,2019-12-26,2197.93,2192.22,2198.01,2183.9,571310000.0,0.0036,1
338,2019-12-27,2204.21,2183.7,2215.55,2177.4,490170000.0,0.0029,1
339,2019-12-30,2197.67,2202.62,2208.04,2195.65,416400000.0,-0.003,1
340,2020-01-02,2175.17,2201.21,2202.32,2171.84,494680000.0,-0.0102,1
341,2020-01-03,2176.46,2192.58,2203.38,2165.39,631560000.0,0.0006,1
343,2020-01-07,2175.54,2166.6,2181.62,2164.27,568240000.0,0.0095,1
345,2020-01-09,2186.45,2182.2,2186.45,2172.16,592600000.0,0.0163,1
346,2020-01-10,2206.39,2189.48,2206.92,2188.1,594540000.0,0.0091,1
356,2020-01-28,2176.72,2192.22,2199.93,2166.23,808880000.0,-0.0308999999999999,1
360,2020-02-03,2118.88,2086.61,2126.73,2082.74,836700000.0,-0.0001,1
361,2020-02-04,2157.9,2121.22,2162.32,2120.53,624640000.0,0.0184,1
362,2020-02-05,2165.63,2177.26,2181.52,2154.88,574400000.0,0.0036,1
364,2020-02-07,2211.95,2221.49,2223.92,2198.14,800340000.0,-0.0072,1
365,2020-02-10,2201.07,2185.63,2203.39,2180.51,609570000.0,-0.0049,1
372,2020-02-19,2210.34,2222.51,2226.0,2191.2,591160000.0,0.0007,1
373,2020-02-20,2195.5,2223.55,2228.18,2186.72,709560000.0,-0.0067,1
374,2020-02-21,2162.84,2165.65,2184.43,2160.28,635470000.0,-0.0149,1
375,2020-02-24,2079.04,2114.04,2120.06,2079.03,948620000.0,-0.0387,1
377,2020-02-26,2076.77,2064.07,2089.64,2059.13,810940000.0,-0.0128,1
379,2020-02-28,1987.01,2020.17,2031.01,1980.82,671550000.0,-0.033,1
380,2020-03-02,2002.51,1997.03,2017.07,1969.34,528100000.0,0.0078,1
381,2020-03-03,2014.15,2051.85,2051.85,2009.39,615690000.0,0.0058,1
384,2020-03-06,2040.22,2053.09,2062.57,2032.13,865590000.0,-0.0216,1
391,2020-03-17,1672.44,1640.84,1722.97,1637.88,649780000.0,-0.0247,1
393,2020-03-19,1457.64,1626.09,1626.09,1439.43,977670000.0,-0.0839,1
394,2020-03-20,1566.15,1498.49,1566.82,1466.48,817020000.0,0.0744,1
395,2020-03-23,1482.46,1474.45,1516.75,1458.41,647530000.0,-0.0533999999999999,1
397,2020-03-25,1704.76,1668.19,1707.64,1645.28,872810000.0,0.0588999999999999,1
398,2020-03-26,1686.24,1699.11,1735.75,1679.23,992470000.0,-0.0109,1
404,2020-04-03,1725.44,1731.17,1743.91,1706.68,1000000000.0,0.0003,1
406,2020-04-07,1823.6,1826.72,1838.97,1791.92,951740000.0,0.0177,1
407,2020-04-08,1807.14,1815.75,1842.16,1801.8,907490000.0,-0.009,1
408,2020-04-09,1836.21,1838.09,1839.33,1818.3,920570000.0,0.0161,1
409,2020-04-10,1860.7,1835.76,1861.1,1824.43,992550000.0,0.0133,1
410,2020-04-13,1825.76,1853.3,1853.3,1825.76,1020000000.0,-0.0187999999999999,1
411,2020-04-14,1857.08,1846.41,1864.46,1837.17,886770000.0,0.0172,1
412,2020-04-16,1857.07,1839.51,1862.23,1828.13,878340000.0,-0.0,1
416,2020-04-22,1896.15,1855.51,1897.9,1844.85,820360000.0,0.0089,1
418,2020-04-24,1889.01,1906.07,1908.29,1880.71,933920000.0,-0.0134,1
425,2020-05-08,1945.82,1944.94,1956.89,1942.54,784770000.0,0.0089,1
426,2020-05-11,1935.4,1953.51,1960.46,1932.87,591280000.0,-0.0054,1
427,2020-05-12,1922.17,1938.62,1938.62,1905.17,799930000.0,-0.0068,1
429,2020-05-14,1924.96,1922.44,1931.43,1913.49,760650000.0,-0.008,1
430,2020-05-15,1927.28,1937.63,1938.59,1913.21,866360000.0,0.0012,1
431,2020-05-18,1937.11,1934.51,1943.07,1921.14,761690000.0,0.0051,1
433,2020-05-20,1989.64,1972.12,1992.2,1972.12,699450000.0,0.0046,1
434,2020-05-21,1998.31,2003.2,2004.95,1993.0,601200000.0,0.0044,1
435,2020-05-22,1970.13,2001.6,2002.65,1961.4,847470000.0,-0.0141,1
436,2020-05-25,1994.6,1980.51,1994.9,1967.84,641460000.0,0.0124,1
437,2020-05-26,2029.78,2001.0,2029.89,1997.94,1020000000.0,0.0176,1
440,2020-05-29,2029.6,2018.37,2038.89,2006.62,1090000000.0,0.0005,1
441,2020-06-01,2065.08,2037.04,2065.38,2035.63,997350000.0,0.0175,1
442,2020-06-02,2087.19,2061.45,2089.43,2059.14,1000000000.0,0.0107,1
446,2020-06-08,2184.29,2215.6,2217.21,2174.96,854040000.0,0.0011,1
447,2020-06-09,2188.92,2206.23,2212.17,2166.01,817080000.0,0.0021,1
448,2020-06-10,2195.69,2187.91,2200.68,2178.12,706290000.0,0.0031,1
452,2020-06-16,2138.05,2091.09,2138.08,2079.02,973640000.0,0.0528,1
453,2020-06-17,2141.05,2133.18,2154.37,2105.26,927520000.0,0.0014,1
458,2020-06-24,2161.51,2145.93,2171.86,2143.91,913900000.0,0.0141999999999999,1
459,2020-06-25,2112.37,2130.45,2143.33,2112.37,1020000000.0,-0.0227,1
460,2020-06-26,2134.65,2137.47,2142.04,2115.25,761040000.0,0.0105,1
461,2020-06-29,2093.48,2105.54,2120.5,2087.84,643160000.0,-0.0192999999999999,1
467,2020-07-07,2164.17,2202.04,2206.79,2164.03,847430000.0,-0.0109,1
469,2020-07-09,2167.9,2171.15,2181.48,2166.74,619370000.0,0.0042,1
471,2020-07-13,2186.06,2170.51,2188.8,2163.07,650230000.0,0.0167,1
472,2020-07-14,2183.61,2176.43,2183.61,2165.6,810950000.0,-0.0011,1
473,2020-07-15,2201.88,2208.73,2216.97,2190.66,830270000.0,0.0084,1
474,2020-07-16,2183.76,2203.3,2207.34,2177.82,784640000.0,-0.0081999999999999,1
475,2020-07-17,2201.19,2187.85,2204.2,2187.85,569300000.0,0.008,1
476,2020-07-20,2198.2,2209.59,2209.59,2183.83,686820000.0,-0.0014,1
479,2020-07-23,2216.19,2227.24,2227.24,2202.99,934540000.0,-0.0056,1
480,2020-07-24,2200.44,2196.73,2219.57,2195.49,1000000000.0,-0.0070999999999999,1
489,2020-08-06,2342.61,2322.64,2352.48,2322.64,797150000.0,0.0133,1
493,2020-08-12,2432.35,2414.78,2432.35,2393.27,763730000.0,0.0056999999999999,1
495,2020-08-14,2407.49,2427.85,2435.0,2383.69,968120000.0,-0.0123,1
496,2020-08-18,2348.24,2405.84,2419.65,2336.78,909750000.0,-0.0246,1
497,2020-08-19,2360.54,2370.87,2380.1,2353.17,637960000.0,0.0052,1
502,2020-08-26,2369.32,2367.74,2374.68,2336.98,956480000.0,0.0011,1
503,2020-08-27,2344.45,2371.95,2373.36,2344.38,913920000.0,-0.0105,1
512,2020-09-09,2375.81,2372.53,2388.85,2369.12,946250000.0,-0.0109,1
514,2020-09-11,2396.69,2389.76,2397.56,2374.0,882880000.0,0.0001,1
515,2020-09-14,2427.91,2418.33,2429.07,2410.79,963080000.0,0.013,1
528,2020-10-06,2365.9,2369.17,2378.28,2355.39,861750000.0,0.0034,1
541,2020-10-26,2343.91,2366.5,2374.5,2342.58,822270000.0,-0.0072,1
544,2020-10-29,2326.67,2312.34,2330.17,2299.91,509770000.0,-0.0079,1
545,2020-10-30,2267.15,2319.56,2320.2,2266.93,795590000.0,-0.0256,1
547,2020-11-03,2343.31,2315.81,2344.77,2315.3,887440000.0,0.0187999999999999,1
558,2020-11-18,2545.64,2548.85,2553.95,2536.78,923500000.0,0.0026,1
559,2020-11-19,2547.42,2536.89,2548.95,2529.53,976480000.0,0.0007,1
561,2020-11-23,2602.59,2560.04,2605.58,2553.7,1650000000.0,0.0192,1
562,2020-11-24,2617.76,2616.28,2628.52,2605.03,1360000000.0,0.0058,1
563,2020-11-25,2601.54,2637.34,2642.26,2583.41,1410000000.0,-0.0062,1
564,2020-11-26,2625.91,2605.73,2625.97,2592.43,1390000000.0,0.0093999999999999,1
565,2020-11-27,2633.45,2624.8,2635.0,2618.47,1200000000.0,0.0029,1
566,2020-11-30,2591.34,2648.05,2648.66,2591.34,1310000000.0,-0.016,1
567,2020-12-01,2634.25,2613.42,2638.87,2611.67,1150000000.0,0.0166,1
568,2020-12-02,2675.9,2645.88,2677.26,2644.53,1080000000.0,0.0158,1
569,2020-12-03,2696.22,2686.38,2696.22,2672.85,817070000.0,0.0076,1
570,2020-12-04,2731.45,2705.34,2742.77,2705.34,1780000000.0,0.0131,1
571,2020-12-07,2745.44,2738.11,2754.01,2711.42,1500000000.0,0.0051,1
572,2020-12-08,2700.93,2745.13,2747.45,2700.92,1420000000.0,-0.0162,1
573,2020-12-09,2755.47,2703.3,2755.47,2703.3,1250000000.0,0.0202,1
574,2020-12-10,2746.46,2750.34,2765.46,2718.7,1230000000.0,-0.0033,1
575,2020-12-11,2770.06,2754.16,2781.04,2754.16,1220000000.0,0.0086,1
576,2020-12-14,2762.2,2769.43,2782.79,2755.29,1110000000.0,-0.0028,1
577,2020-12-15,2756.82,2763.65,2769.37,2735.08,1090000000.0,-0.0019,1
578,2020-12-16,2771.79,2763.64,2781.08,2761.5,1170000000.0,0.0054,1
579,2020-12-17,2770.43,2769.89,2772.71,2742.25,1020000000.0,-0.0005,1
580,2020-12-18,2772.18,2770.95,2782.15,2762.8,1060000000.0,0.0006,1
581,2020-12-21,2778.65,2771.98,2780.24,2747.09,1140000000.0,0.0023,1
582,2020-12-22,2733.68,2772.03,2774.22,2733.64,1260000000.0,-0.0162,1
583,2020-12-23,2759.82,2737.74,2769.08,2716.28,1120000000.0,0.0096,1
584,2020-12-24,2806.86,2762.6,2812.16,2762.6,1030000000.0,0.017,1
585,2020-12-28,2808.6,2820.95,2834.59,2799.56,1010000000.0,0.0006,1
586,2020-12-29,2820.51,2810.55,2823.44,2792.06,1050000000.0,0.0042,1
587,2020-12-30,2873.47,2820.36,2878.21,2809.35,1070000000.0,0.0187999999999999,1
588,2021-01-04,2944.45,2874.5,2946.54,2869.11,1030000000.0,0.0247,1
589,2021-01-05,2990.57,2943.67,2990.57,2921.84,1520000000.0,0.0157,1
590,2021-01-06,2968.21,2993.34,3027.16,2961.37,1790000000.0,-0.0075,1
591,2021-01-07,3031.68,2980.75,3055.28,2980.75,1520000000.0,0.0214,1
592,2021-01-08,3152.18,3040.11,3161.11,3040.11,1300000000.0,0.0397,1
593,2021-01-11,3148.45,3161.9,3266.23,3096.19,1710000000.0,-0.0012,1
594,2021-01-12,3125.95,3145.87,3154.79,3047.56,1390000000.0,-0.0070999999999999,1
595,2021-01-13,3148.29,3128.26,3164.37,3109.63,1580000000.0,0.0070999999999999,1
596,2021-01-14,3149.93,3148.65,3159.03,3128.72,1230000000.0,0.0005,1
597,2021-01-15,3085.9,3153.84,3189.9,3085.9,1330000000.0,-0.0203,1
598,2021-01-18,3013.93,3079.9,3079.9,3003.89,1470000000.0,-0.0233,1
599,2021-01-19,3092.66,3013.05,3107.0,3011.32,1350000000.0,0.0260999999999999,1
600,2021-01-20,3114.55,3115.04,3145.01,3077.15,1190000000.0,0.0070999999999999,1
601,2021-01-21,3160.84,3123.27,3163.21,3123.27,1360000000.0,0.0149,1
602,2021-01-22,3140.63,3163.83,3185.26,3140.6,1110000000.0,-0.0064,1
603,2021-01-25,3208.99,3144.01,3212.22,3142.8,1090000000.0,0.0218,1
604,2021-01-26,3140.31,3203.96,3209.18,3132.67,873020000.0,-0.0214,1
605,2021-01-27,3122.56,3143.46,3182.53,3118.89,924580000.0,-0.0056999999999999,1
606,2021-01-28,3069.05,3114.98,3114.98,3046.64,1310000000.0,-0.0171,1
607,2021-01-29,2976.21,3078.73,3100.22,2962.7,995070000.0,-0.0302999999999999,1
608,2021-02-01,3056.53,2976.81,3056.87,2947.24,969260000.0,0.027,1
609,2021-02-02,3096.81,3065.56,3138.95,3065.56,887310000.0,0.0132,1
610,2021-02-03,3129.68,3108.42,3142.26,3091.85,901790000.0,0.0106,1
611,2021-02-04,3087.55,3135.02,3135.02,3068.46,1460000000.0,-0.0135,1
612,2021-02-05,3120.63,3098.49,3124.62,3081.78,1190000000.0,0.0107,1
613,2021-02-08,3091.24,3113.63,3128.54,3085.59,1280000000.0,-0.0093999999999999,1
614,2021-02-09,3084.67,3102.25,3129.66,3084.67,2150000000.0,-0.0021,1
615,2021-02-10,3100.58,3088.13,3111.88,3064.25,2150000000.0,0.0052,1
616,2021-02-15,3147.0,3108.7,3156.56,3108.7,1600000000.0,0.015,1
617,2021-02-16,3163.25,3151.85,3180.94,3145.84,1940000000.0,0.0052,1
618,2021-02-17,3133.73,3162.95,3162.95,3115.48,1780000000.0,-0.0093,1
619,2021-02-18,3086.66,3131.74,3140.4,3086.66,1860000000.0,-0.015,1
620,2021-02-19,3107.62,3089.96,3109.67,3040.28,3460000000.0,0.0068,1
621,2021-02-22,3079.75,3114.03,3142.48,3079.16,1830000000.0,-0.009,1
622,2021-02-23,3070.09,3069.26,3094.29,3035.46,2360000000.0,-0.0031,1
623,2021-02-24,2994.98,3070.58,3092.05,2993.46,1560000000.0,-0.0245,1
624,2021-02-25,3099.69,3026.47,3099.8,3026.47,1280000000.0,0.035,1
625,2021-02-26,3012.95,3089.49,3089.49,2988.28,1360000000.0,-0.0279999999999999,1
626,2021-03-02,3043.87,3021.68,3096.5,3020.74,1750000000.0,0.0103,1
627,2021-03-03,3082.99,3041.2,3083.04,3029.37,2240000000.0,0.0129,1
628,2021-03-04,3043.49,3076.88,3076.88,3022.54,1280000000.0,-0.0128,1
629,2021-03-05,3026.26,3036.16,3036.98,2982.45,1190000000.0,-0.0056999999999999,1
630,2021-03-08,2996.11,3031.99,3055.65,2992.64,1930000000.0,-0.01,1
631,2021-03-09,2976.12,2989.96,3000.49,2929.36,1530000000.0,-0.0067,1
632,2021-03-10,2958.12,2980.76,3013.95,2951.53,905650000.0,-0.006,1
633,2021-03-11,3013.7,2964.3,3028.37,2964.3,1350000000.0,0.0187999999999999,1
634,2021-03-12,3054.39,3030.73,3061.43,3030.73,1670000000.0,0.0135,1
635,2021-03-15,3045.71,3057.06,3065.17,3036.14,1160000000.0,-0.0028,1
636,2021-03-16,3067.17,3049.23,3071.54,3049.23,1120000000.0,0.0069999999999999,1
637,2021-03-17,3047.5,3067.76,3069.57,3027.2,814990000.0,-0.0064,1
638,2021-03-18,3066.01,3054.93,3090.19,3054.93,1230000000.0,0.0060999999999999,1
639,2021-03-19,3039.53,3063.01,3063.01,3022.49,1070000000.0,-0.0086,1
640,2021-03-22,3035.46,3040.01,3048.11,3019.6,915740000.0,-0.0013,1
641,2021-03-23,3004.74,3038.25,3058.79,3003.05,1330000000.0,-0.0101,1
642,2021-03-24,2996.35,2996.32,3006.54,2971.04,978430000.0,-0.0028,1
643,2021-03-25,3008.33,2995.67,3024.63,2987.83,940350000.0,0.004,1
644,2021-03-26,3041.01,3012.79,3041.86,3012.79,1040000000.0,0.0109,1
645,2021-03-29,3036.04,3047.71,3054.21,3025.39,1290000000.0,-0.0016,1
646,2021-03-30,3070.0,3038.44,3074.57,3038.44,1020000000.0,0.0112,1
647,2021-03-31,3061.42,3073.39,3093.89,3061.4,1150000000.0,-0.0028,1
648,2021-04-01,3087.4,3073.77,3090.88,3069.68,922680000.0,0.0085,1
649,2021-04-02,3112.8,3104.72,3121.58,3101.6,792700000.0,0.0081999999999999,1
650,2021-04-05,3120.83,3121.23,3127.2,3101.86,1080000000.0,0.0026,1
651,2021-04-06,3127.08,3123.8,3139.29,3110.19,1280000000.0,0.002,1
652,2021-04-07,3137.41,3129.07,3146.19,3125.33,1980000000.0,0.0033,1
653,2021-04-08,3143.26,3137.25,3145.81,3122.09,1360000000.0,0.0019,1
654,2021-04-09,3131.88,3146.51,3156.04,3125.24,1820000000.0,-0.0036,1
655,2021-04-12,3135.59,3134.88,3147.27,3127.91,1050000000.0,0.0012,1
656,2021-04-13,3169.08,3138.21,3173.26,3136.99,1740000000.0,0.0107,1
657,2021-04-14,3182.38,3169.95,3188.32,3162.12,1780000000.0,0.0042,1
658,2021-04-15,3194.33,3180.73,3204.48,3178.99,1310000000.0,0.0038,1
659,2021-04-16,3198.62,3194.08,3206.76,3185.67,985280000.0,0.0013,1
660,2021-04-19,3198.84,3201.11,3214.45,3193.4,1060000000.0,0.0001,1
661,2021-04-20,3220.7,3198.31,3220.82,3195.96,1300000000.0,0.0068,1
662,2021-04-21,3171.66,3214.24,3214.24,3165.49,1770000000.0,-0.0152,1
663,2021-04-22,3177.52,3174.52,3196.97,3174.52,1750000000.0,0.0018,1
664,2021-04-23,3186.1,3173.47,3188.7,3146.54,2250000000.0,0.0027,1
665,2021-04-26,3217.53,3191.34,3217.53,3191.34,1300000000.0,0.0098999999999999,1
666,2021-04-27,3215.42,3218.3,3223.05,3203.25,1530000000.0,-0.0007,1
667,2021-04-28,3181.47,3217.21,3219.69,3176.55,1410000000.0,-0.0106,1
668,2021-04-29,3174.07,3184.75,3200.41,3161.06,1220000000.0,-0.0023,1
669,2021-04-30,3147.86,3176.43,3179.43,3143.38,1360000000.0,-0.0083,1
670,2021-05-03,3127.2,3149.05,3174.26,3120.7,1040000000.0,-0.0066,1
671,2021-05-04,3147.37,3131.39,3147.38,3109.78,1280000000.0,0.0064,1
672,2021-05-06,3178.74,3147.72,3178.74,3133.64,1240000000.0,0.01,1
673,2021-05-07,3197.2,3179.63,3205.11,3179.63,989680000.0,0.0058,1
674,2021-05-10,3249.3,3201.46,3255.9,3201.46,1010000000.0,0.0163,1
675,2021-05-11,3209.43,3239.92,3239.92,3192.25,1100000000.0,-0.0123,1
676,2021-05-12,3161.66,3209.36,3212.83,3138.04,1420000000.0,-0.0149,1
677,2021-05-13,3122.11,3146.97,3161.93,3103.88,1100000000.0,-0.0125,1
678,2021-05-14,3153.32,3131.35,3162.31,3131.35,836400000.0,0.01,1
679,2021-05-17,3134.52,3163.21,3173.01,3121.32,771310000.0,-0.006,1
680,2021-05-18,3173.05,3135.38,3176.4,3135.38,786140000.0,0.0123,1
681,2021-05-20,3162.28,3174.53,3174.53,3140.48,774250000.0,-0.0034,1
682,2021-05-21,3156.42,3171.91,3198.01,3149.46,797260000.0,-0.0019,1
683,2021-05-24,3144.3,3155.91,3163.27,3137.81,587970000.0,-0.0038,1
684,2021-05-25,3171.32,3152.93,3173.1,3148.3,612980000.0,0.0086,1
685,2021-05-26,3168.43,3171.91,3183.97,3160.3,1270000000.0,-0.0009,1
686,2021-05-27,3165.51,3170.84,3173.86,3142.37,1080000000.0,-0.0009,1
687,2021-05-28,3188.73,3172.09,3198.66,3171.85,966370000.0,0.0073,1
688,2021-05-31,3203.92,3192.06,3204.29,3179.87,1120000000.0,0.0048,1
689,2021-06-01,3221.87,3207.12,3233.17,3199.18,1470000000.0,0.0056,1
690,2021-06-02,3224.23,3224.4,3241.07,3216.1,1500000000.0,0.0007,1
691,2021-06-03,3247.43,3224.96,3258.5,3224.96,1580000000.0,0.0072,1
692,2021-06-04,3240.08,3246.17,3246.19,3218.67,1390000000.0,-0.0023,1
693,2021-06-07,3252.12,3244.59,3264.41,3233.4,1730000000.0,0.0037,1
694,2021-06-08,3247.83,3251.83,3264.67,3242.56,1950000000.0,-0.0013,1
695,2021-06-09,3216.18,3245.08,3246.49,3216.18,1960000000.0,-0.0097,1
696,2021-06-10,3224.64,3216.94,3235.39,3210.31,1900000000.0,0.0026,1
697,2021-06-11,3249.32,3226.98,3251.58,3226.98,1650000000.0,0.0077,1
698,2021-06-14,3252.13,3249.6,3254.49,3238.51,1660000000.0,0.0009,1
699,2021-06-15,3258.63,3253.17,3262.8,3247.9,1730000000.0,0.002,1
700,2021-06-16,3278.68,3259.06,3281.96,3256.68,2350000000.0,0.0062,1
701,2021-06-17,3264.96,3276.2,3276.2,3251.32,1850000000.0,-0.0042,1
702,2021-06-18,3267.93,3265.68,3275.76,3262.58,1630000000.0,0.0009,1
703,2021-06-21,3240.79,3264.18,3264.18,3225.56,1510000000.0,-0.0083,1
704,2021-06-22,3263.88,3245.79,3267.63,3245.79,1670000000.0,0.0070999999999999,1
705,2021-06-23,3276.19,3265.73,3281.88,3263.07,1070000000.0,0.0038,1
706,2021-06-24,3286.1,3281.47,3292.27,3277.85,1300000000.0,0.003,1
707,2021-06-25,3302.84,3289.18,3316.08,3289.18,1200000000.0,0.0051,1
708,2021-06-28,3301.89,3305.46,3311.69,3291.3,1430000000.0,-0.0003,1
709,2021-06-29,3286.68,3305.26,3305.42,3276.63,1210000000.0,-0.0046,1
710,2021-06-30,3296.68,3288.63,3305.73,3288.63,1610000000.0,0.003,1
711,2021-07-01,3282.06,3297.92,3300.12,3278.1,1160000000.0,-0.0044,1
712,2021-07-02,3281.78,3282.81,3295.68,3278.19,1020000000.0,-0.0001,1
713,2021-07-05,3293.21,3285.29,3298.93,3285.29,850410000.0,0.0034999999999999,1
714,2021-07-06,3305.21,3295.44,3313.51,3295.44,1030000000.0,0.0036,1
715,2021-07-07,3285.34,3303.59,3303.59,3277.66,1150000000.0,-0.006,1
716,2021-07-08,3252.68,3287.68,3295.71,3252.41,1520000000.0,-0.0098999999999999,1
717,2021-07-09,3217.95,3245.52,3245.52,3188.8,1310000000.0,-0.0107,1
718,2021-07-12,3246.47,3227.51,3251.45,3227.51,1140000000.0,0.0089,1
719,2021-07-13,3271.38,3253.24,3273.9,3253.24,1150000000.0,0.0077,1
720,2021-07-14,3264.81,3270.09,3270.09,3250.45,908950000.0,-0.002,1
721,2021-07-15,3286.22,3269.33,3286.58,3263.09,1170000000.0,0.0066,1
722,2021-07-16,3276.91,3282.89,3282.89,3259.32,1070000000.0,-0.0028,1
723,2021-07-19,3244.04,3258.87,3258.87,3236.39,1100000000.0,-0.01,1
724,2021-07-20,3232.7,3223.24,3234.8,3214.42,979670000.0,-0.0034999999999999,1
725,2021-07-21,3215.91,3251.13,3252.25,3215.91,990330000.0,-0.0052,1
726,2021-07-22,3250.21,3235.17,3253.75,3235.17,712980000.0,0.0107,1
727,2021-07-23,3254.42,3253.44,3264.01,3246.09,805050000.0,0.0013,1
728,2021-07-26,3224.95,3265.99,3265.99,3224.95,826070000.0,-0.0091,1
729,2021-07-27,3232.53,3244.43,3252.85,3230.75,991940000.0,0.0024,1
730,2021-07-28,3236.86,3226.06,3243.21,3210.9,868600000.0,0.0013,1
731,2021-07-29,3242.65,3248.49,3252.26,3232.5,694820000.0,0.0018,1
732,2021-07-30,3202.32,3234.37,3234.66,3202.32,687860000.0,-0.0124,1
733,2021-08-02,3223.04,3218.42,3223.04,3194.0,561000000.0,0.0065,1
734,2021-08-03,3237.14,3221.57,3237.14,3213.2,653510000.0,0.0044,1
735,2021-08-04,3280.38,3246.65,3283.14,3237.55,632240000.0,0.0134,1
736,2021-08-05,3276.13,3283.25,3296.17,3273.33,680940000.0,-0.0013,1
737,2021-08-06,3270.36,3277.06,3288.17,3261.93,941360000.0,-0.0018,1
738,2021-08-09,3260.42,3258.1,3275.15,3251.74,707650000.0,-0.003,1
739,2021-08-10,3243.19,3272.44,3272.44,3232.46,730350000.0,-0.0053,1
740,2021-08-11,3220.62,3235.36,3250.21,3217.65,618090000.0,-0.0069999999999999,1
741,2021-08-12,3208.38,3213.58,3229.59,3202.11,643280000.0,-0.0038,1
742,2021-08-13,3171.29,3205.75,3209.72,3146.76,696470000.0,-0.0116,1
743,2021-08-17,3143.09,3169.74,3179.49,3134.48,690840000.0,-0.0089,1
744,2021-08-18,3158.93,3141.98,3175.88,3124.56,622790000.0,0.005,1
745,2021-08-19,3097.83,3140.01,3158.0,3097.83,655630000.0,-0.0192999999999999,1
746,2021-08-20,3060.51,3111.1,3122.09,3049.03,672090000.0,-0.012,1
747,2021-08-23,3090.21,3086.81,3111.81,3064.65,570980000.0,0.0097,1
748,2021-08-24,3138.3,3119.7,3142.58,3115.23,586530000.0,0.0156,1
749,2021-08-25,3146.81,3148.13,3161.0,3124.25,624690000.0,0.0027,1
750,2021-08-26,3128.53,3151.3,3159.37,3121.04,727720000.0,-0.0058,1
751,2021-08-27,3133.9,3116.29,3143.01,3106.97,520670000.0,0.0017,1
752,2021-08-30,3144.19,3160.87,3164.87,3132.77,602860000.0,0.0033,1
753,2021-08-31,3199.27,3144.49,3199.89,3130.3,661220000.0,0.0175,1
754,2021-09-01,3207.02,3195.67,3215.13,3185.8,746710000.0,0.0024,1
755,2021-09-02,3175.85,3198.03,3204.01,3171.78,757860000.0,-0.0097,1
756,2021-09-03,3201.06,3189.71,3203.08,3181.64,641510000.0,0.0079,1
757,2021-09-06,3203.33,3196.3,3206.25,3186.79,726190000.0,0.0007,1
758,2021-09-07,3187.42,3200.07,3201.76,3176.81,760160000.0,-0.005,1
759,2021-09-08,3162.99,3178.74,3187.55,3157.07,859890000.0,-0.0077,1
760,2021-09-09,3114.7,3146.64,3158.6,3111.49,927370000.0,-0.0153,1
761,2021-09-10,3125.76,3121.09,3131.54,3103.38,723080000.0,0.0036,1
762,2021-09-13,3127.86,3117.35,3139.13,3109.01,732270000.0,0.0007,1
763,2021-09-14,3148.83,3137.32,3164.31,3137.32,713230000.0,0.0067,1
764,2021-09-15,3153.4,3147.21,3164.01,3138.8,616560000.0,0.0015,1
765,2021-09-16,3130.09,3165.38,3167.68,3126.65,612870000.0,-0.0074,1
766,2021-09-17,3140.51,3127.75,3142.13,3112.51,589240000.0,0.0033,1
767,2021-09-23,3127.58,3123.64,3131.63,3107.98,623840000.0,-0.0040999999999999,1
768,2021-09-24,3125.24,3140.73,3146.86,3119.4,753220000.0,-0.0007,1
769,2021-09-27,3133.64,3121.7,3146.35,3119.26,883230000.0,0.0027,1
770,2021-09-28,3097.92,3133.4,3134.46,3095.72,894910000.0,-0.0113999999999999,1
771,2021-09-29,3060.27,3055.5,3069.04,3030.6,821560000.0,-0.0121999999999999,1
772,2021-09-30,3068.82,3054.87,3079.43,3046.43,885820000.0,0.0028,1
773,2021-10-01,3019.18,3056.21,3062.6,3015.01,855480000.0,-0.0162,1
774,2021-10-05,2962.17,2998.17,2998.17,2940.59,840560000.0,-0.0189,1
775,2021-10-06,2908.31,2986.06,2993.47,2908.3,901720000.0,-0.0182,1
776,2021-10-07,2959.46,2936.87,2961.53,2927.6,595380000.0,0.0176,1
777,2021-10-08,2956.3,2977.82,2978.08,2949.01,668950000.0,-0.0011,1
778,2021-10-12,2916.38,2950.22,2950.94,2901.51,660180000.0,-0.0135,1
779,2021-10-13,2944.41,2913.34,2953.33,2909.47,752130000.0,0.0096,1
780,2021-10-14,2988.64,2968.87,2988.97,2962.33,617170000.0,0.015,1
781,2021-10-15,3015.06,3012.62,3021.9,2999.33,857800000.0,0.0088,1
782,2021-10-18,3006.68,3017.48,3021.17,2990.44,926370000.0,-0.0028,1
783,2021-10-19,3029.04,3022.23,3034.53,3014.19,845700000.0,0.0074,1
784,2021-10-20,3013.13,3043.13,3047.24,3012.97,680330000.0,-0.0053,1
785,2021-10-21,3007.33,3012.28,3025.88,3002.74,887370000.0,-0.0019,1
786,2021-10-22,3006.16,3005.36,3018.7,2996.26,695270000.0,-0.0004,1
787,2021-10-25,3020.54,3001.1,3025.27,2983.29,791800000.0,0.0048,1
788,2021-10-26,3049.08,3039.82,3051.65,3030.53,564560000.0,0.0093999999999999,1
789,2021-10-27,3025.49,3045.83,3049.02,3019.0,607880000.0,-0.0077,1
790,2021-10-28,3009.55,3023.17,3034.42,3009.55,617260000.0,-0.0053,1
791,2021-10-29,2970.68,3025.67,3030.17,2965.4,545830000.0,-0.0129,1
792,2021-11-01,2978.94,2984.18,2991.81,2976.87,475380000.0,0.0028,1
793,2021-11-02,3013.49,2995.58,3034.3,2995.58,525850000.0,0.0116,1
794,2021-11-03,2975.71,3020.36,3020.87,2969.01,658650000.0,-0.0125,1
795,2021-11-04,2983.22,3000.92,3011.56,2978.07,772020000.0,0.0025,1
796,2021-11-05,2969.27,3003.53,3003.53,2953.96,688030000.0,-0.0046999999999999,1
797,2021-11-08,2960.2,2965.36,2968.18,2930.9,560200000.0,-0.0031,1
798,2021-11-09,2962.46,2958.15,2987.28,2949.17,708770000.0,0.0008,1
799,2021-11-10,2930.17,2947.46,2958.61,2924.36,570930000.0,-0.0109,1
800,2021-11-11,2924.92,2911.41,2925.19,2903.72,572860000.0,-0.0018,1
801,2021-11-12,2968.8,2945.95,2973.84,2938.27,665730000.0,0.015,1
802,2021-11-15,2999.52,2989.68,3003.71,2979.96,639400000.0,0.0103,1
803,2021-11-16,2997.21,2995.68,3011.88,2985.34,579650000.0,-0.0008,1
804,2021-11-17,2962.42,3004.02,3004.67,2957.7,541490000.0,-0.0116,1
805,2021-11-18,2947.38,2959.26,2964.48,2937.53,541650000.0,-0.0051,1
806,2021-11-19,2971.02,2951.06,2974.64,2948.07,657090000.0,0.008,1
807,2021-11-22,3013.25,2983.38,3018.01,2980.73,530960000.00000006,0.0141999999999999,1
808,2021-11-23,2997.33,3013.16,3016.36,2992.14,524230000.0,-0.0053,1
809,2021-11-24,2994.29,3006.34,3017.9,2981.02,556640000.0,-0.001,1
810,2021-11-25,2980.27,2996.74,2996.74,2973.24,595970000.0,-0.0046999999999999,1
811,2021-11-26,2936.44,2973.04,2985.77,2930.31,595600000.0,-0.0147,1
812,2021-11-29,2909.32,2906.15,2930.22,2890.78,844400000.0,-0.0092,1
813,2021-11-30,2839.01,2932.71,2942.93,2822.73,983560000.0,-0.0242,1
814,2021-12-01,2899.72,2860.12,2905.74,2837.03,563930000.0,0.0214,1
815,2021-12-02,2945.27,2874.64,2945.27,2874.64,534460000.00000006,0.0157,1
816,2021-12-03,2968.33,2935.93,2975.44,2927.55,486750000.0,0.0078,1
817,2021-12-06,2973.25,2954.82,2983.5,2932.49,479910000.0,0.0017,1
818,2021-12-07,2991.72,2973.84,2992.31,2960.9,541370000.0,0.0062,1
819,2021-12-08,3001.8,3017.93,3036.13,2995.34,488250000.0,0.0034,1
820,2021-12-09,3029.57,3007.0,3029.57,3001.55,513440000.00000006,0.0093,1
821,2021-12-10,3010.23,3008.7,3017.64,2998.29,451600000.0,-0.0064,1
822,2021-12-13,3001.66,3019.67,3043.83,3000.51,375830000.0,-0.0028,1
823,2021-12-14,2987.95,2983.95,3001.7,2976.16,581570000.0,-0.0046,1
824,2021-12-15,2989.39,2979.83,2992.3,2973.0,432870000.0,0.0005,1
825,2021-12-16,3006.41,3013.26,3018.2,2989.63,402820000.0,0.0056999999999999,1
826,2021-12-17,3017.73,2985.2,3017.73,2984.19,451820000.0,0.0038,1
827,2021-12-20,2963.0,3001.33,3001.33,2962.07,377580000.0,-0.0181,1
828,2021-12-21,2975.03,2981.67,2984.56,2955.9,410980000.0,0.0040999999999999,1
829,2021-12-22,2984.48,2993.5,3000.79,2976.65,461760000.0,0.0032,1
830,2021-12-23,2998.17,2998.02,3000.7,2980.91,483840000.0,0.0046,1
831,2021-12-24,3012.43,3009.48,3025.77,3009.48,537550000.0,0.0048,1
832,2021-12-27,2999.55,3013.94,3017.31,2999.3,475360000.0,-0.0043,1
833,2021-12-28,3020.24,3006.77,3020.29,2991.55,607050000.0,0.0069,1
834,2021-12-29,2993.29,3002.9,3007.72,2988.67,545830000.0,-0.0089,1
835,2021-12-30,2977.65,2999.75,3005.36,2975.74,461040000.0,-0.0052,1
836,2022-01-03,2988.77,2998.32,3010.77,2979.42,435820000.0,0.0037,1
837,2022-01-04,2989.24,2991.97,2995.25,2973.08,621550000.0,0.0002,1
838,2022-01-05,2953.97,2984.05,2986.2,2936.73,787350000.0,-0.0118,1
839,2022-01-06,2920.53,2925.4,2952.54,2915.38,786040000.0,-0.0113,1
840,2022-01-07,2954.89,2933.78,2959.03,2933.1,546170000.0,0.0118,1
841,2022-01-10,2926.72,2947.37,2951.12,2910.9,477400000.0,-0.0095,1
842,2022-01-11,2927.38,2930.93,2943.57,2909.82,566170000.0,0.0002,1
843,2022-01-12,2972.48,2950.78,2972.58,2950.31,519500000.0,0.0154,1
844,2022-01-13,2962.09,2979.91,2982.14,2958.39,604870000.0,-0.0034999999999999,1
845,2022-01-14,2921.92,2937.61,2944.97,2914.73,532670000.0,-0.0136,1
846,2022-01-17,2890.1,2918.55,2919.67,2875.98,593260000.0,-0.0109,1
847,2022-01-18,2864.24,2898.98,2902.79,2857.26,554040000.0,-0.0089,1
848,2022-01-19,2842.28,2840.34,2871.79,2832.18,463830000.0,-0.0077,1
849,2022-01-20,2862.68,2842.28,2862.7,2830.97,395670000.0,0.0072,1
850,2022-01-21,2834.29,2837.49,2847.95,2817.11,532750000.0,-0.0098999999999999,1
851,2022-01-24,2792.0,2823.76,2828.11,2780.68,473990000.0,-0.0149,1
852,2022-01-25,2720.39,2786.41,2789.62,2703.99,639960000.0,-0.0256,1
853,2022-01-26,2709.24,2729.75,2744.14,2708.1,472650000.0,-0.0040999999999999,1
854,2022-01-27,2614.49,2709.24,2722.86,2614.49,487730000.0,-0.035,1
855,2022-01-28,2663.34,2617.87,2668.59,2591.53,434190000.0,0.0187,1
856,2022-02-03,2707.82,2706.34,2735.34,2702.78,435710000.0,0.0167,1
857,2022-02-04,2750.26,2714.83,2751.8,2712.87,536150000.0,0.0157,1
858,2022-02-07,2745.06,2750.7,2750.7,2718.94,417840000.0,-0.0019,1
859,2022-02-08,2746.47,2767.76,2779.85,2726.72,560530000.0,0.0005,1
860,2022-02-09,2768.85,2772.63,2773.38,2753.51,539120000.0,0.0081,1
861,2022-02-10,2771.93,2787.44,2788.27,2761.76,509610000.0,0.0011,1
862,2022-02-11,2747.71,2739.14,2766.7,2735.08,480520000.0,-0.0087,1
863,2022-02-14,2704.48,2715.1,2724.72,2688.24,616340000.0,-0.0157,1
864,2022-02-15,2676.54,2712.45,2716.45,2665.47,589040000.0,-0.0103,1
865,2022-02-16,2729.68,2719.61,2730.43,2711.34,422370000.0,0.0199,1
866,2022-02-17,2744.09,2735.11,2770.66,2711.99,611420000.0,0.0053,1
867,2022-02-18,2744.52,2714.52,2747.08,2711.88,513520000.0,0.0002,1
868,2022-02-21,2743.8,2706.65,2746.62,2694.9,495300000.0,-0.0003,1
869,2022-02-22,2706.79,2705.08,2721.84,2690.09,648400000.0,-0.0135,1
870,2022-02-23,2719.53,2727.43,2729.56,2705.31,537840000.0,0.0046999999999999,1
871,2022-02-24,2648.8,2689.28,2694.55,2642.63,926400000.0,-0.026,1
872,2022-02-25,2676.76,2678.47,2694.81,2665.96,664350000.0,0.0106,1
873,2022-02-28,2699.18,2663.0,2699.18,2658.25,613470000.0,0.0084,1
874,2022-03-02,2703.52,2698.31,2716.46,2692.24,527950000.00000006,0.0016,1
875,2022-03-03,2747.08,2729.86,2748.21,2726.35,614510000.0,0.0161,1
876,2022-03-04,2713.43,2736.58,2736.58,2702.34,765680000.0,-0.0121999999999999,1
877,2022-03-07,2651.31,2680.17,2680.17,2644.1,571560000.0,-0.0229,1
878,2022-03-08,2622.4,2617.33,2647.18,2605.81,540370000.0,-0.0109,1
879,2022-03-10,2680.32,2660.86,2682.79,2660.86,613810000.0,0.0220999999999999,1
880,2022-03-11,2661.28,2665.95,2672.62,2647.28,797030000.0,-0.0070999999999999,1
881,2022-03-14,2645.65,2654.93,2661.76,2633.31,636320000.0,-0.0059,1
882,2022-03-15,2621.53,2630.31,2641.97,2615.08,604180000.0,-0.0091,1
883,2022-03-16,2659.23,2649.85,2659.9,2630.03,736350000.0,0.0144,1
884,2022-03-17,2694.51,2703.27,2714.0,2694.51,546080000.0,0.0133,1
885,2022-03-18,2707.02,2695.64,2708.16,2688.71,644020000.0,0.0046,1
886,2022-03-21,2686.05,2717.81,2717.81,2683.69,502400000.0,-0.0077,1
887,2022-03-22,2710.0,2686.68,2712.14,2686.58,489440000.0,0.0089,1
888,2022-03-23,2735.05,2727.12,2742.27,2720.83,883370000.0,0.0092,1
889,2022-03-24,2729.66,2716.25,2729.66,2705.14,960900000.0,-0.002,1
890,2022-03-25,2729.98,2740.83,2740.95,2722.36,602770000.0,0.0001,1
891,2022-03-28,2729.56,2721.22,2737.46,2707.74,768040000.0,-0.0002,1
892,2022-03-29,2741.07,2745.62,2754.18,2733.22,732160000.0,0.0042,1
893,2022-03-30,2746.74,2758.31,2760.6,2740.02,824510.0,0.0021,1
894,2022-03-31,2757.65,2743.24,2765.2,2743.2,1030000000.0,0.004,1
895,2022-04-01,2739.85,2745.85,2745.85,2729.68,1310000000.0,-0.0065,1
896,2022-04-04,2757.9,2729.86,2758.38,2722.45,1020000000.0,0.0066,1
897,2022-04-05,2759.2,2765.5,2769.18,2750.5,1610000000.0,0.0005,1
898,2022-04-06,2735.03,2739.07,2747.85,2730.66,1320000000.0,-0.0088,1
899,2022-04-07,2695.86,2714.7,2718.5,2693.36,999280000.0,-0.0143,1
900,2022-04-08,2700.39,2706.64,2712.0,2685.52,948360000.0,0.0017,1
901,2022-04-11,2693.1,2687.54,2711.02,2683.96,742600000.0,-0.0027,1
902,2022-04-12,2666.76,2674.17,2685.08,2658.4,870970000.0,-0.0098,1
903,2022-04-13,2716.49,2677.53,2717.63,2672.6,733240000.0,0.0186,1
904,2022-04-14,2716.71,2719.34,2720.3,2702.61,665350000.0,0.0001,1
905,2022-04-15,2696.06,2695.52,2705.41,2685.01,693720000.0,-0.0076,1
906,2022-04-18,2693.21,2685.04,2701.11,2681.37,1020000000.0,-0.0011,1
907,2022-04-19,2718.89,2707.76,2723.98,2705.32,1260000000.0,0.0095,1
908,2022-04-20,2718.69,2718.49,2724.46,2702.84,1740000000.0,-0.0001,1
909,2022-04-21,2728.21,2725.71,2737.54,2725.04,1000000000.0,0.0034999999999999,1
910,2022-04-22,2704.71,2704.72,2708.58,2690.48,1240000000.0,-0.0086,1
911,2022-04-25,2657.13,2676.67,2680.35,2657.04,988350.0,-0.0176,1
912,2022-04-26,2668.31,2674.0,2678.05,2663.83,889940000.0,0.0042,1
913,2022-04-27,2639.06,2630.58,2641.82,2615.5,1070000000.0,-0.011,1
914,2022-04-28,2667.49,2656.54,2667.49,2638.37,899170000.0,0.0108,1
915,2022-04-29,2695.05,2669.18,2696.1,2664.06,962400.0,0.0103,1
916,2022-05-02,2687.45,2669.21,2689.91,2667.85,873720000.0,-0.0028,1
917,2022-05-03,2680.46,2690.16,2702.1,2680.46,883400000.0,-0.0026,1
918,2022-05-04,2677.57,2690.45,2696.03,2667.23,1180000000.0,-0.0011,1
919,2022-05-06,2644.51,2650.89,2652.51,2635.97,1330000000.0,-0.0123,1
920,2022-05-09,2610.81,2634.32,2642.75,2606.08,892650000.0,-0.0127,1
921,2022-05-10,2596.56,2590.13,2602.75,2553.01,841460000.0,-0.0055,1
922,2022-05-11,2592.27,2586.52,2599.11,2579.09,679510000.0,-0.0017,1
923,2022-05-12,2550.08,2569.5,2591.57,2546.8,900330000.0,-0.0163,1
924,2022-05-13,2604.24,2570.01,2605.84,2565.96,788540000.0,0.0212,1
925,2022-05-16,2596.58,2624.69,2629.2,2593.61,780200000.0,-0.0029,1
926,2022-05-17,2620.44,2603.58,2621.84,2603.58,873520000.0,0.0092,1
927,2022-05-18,2625.98,2634.75,2644.13,2618.0,870270000.0,0.0021,1
928,2022-05-19,2592.34,2576.24,2597.79,2568.54,677600000.0,-0.0128,1
929,2022-05-20,2639.29,2605.78,2641.68,2605.38,755650000.0,0.0181,1
930,2022-05-23,2647.38,2651.63,2653.87,2634.29,644200000.0,0.0031,1
931,2022-05-24,2605.87,2638.94,2646.99,2605.87,851240000.0,-0.0157,1
932,2022-05-25,2617.22,2621.75,2630.17,2602.94,712610000.0,0.0044,1
933,2022-05-26,2612.45,2616.99,2641.91,2602.01,595850000.0,-0.0018,1
934,2022-05-27,2638.05,2640.75,2644.71,2631.49,590810000.0,0.0098,1
935,2022-05-30,2669.66,2662.31,2672.74,2654.18,469800000.0,0.012,1
936,2022-05-31,2685.9,2666.88,2685.9,2654.32,671680000.0,0.0060999999999999,1
937,2022-06-02,2658.99,2670.74,2674.0,2653.59,525260000.0,-0.01,1
938,2022-06-03,2670.65,2679.57,2681.51,2663.0,562470000.0,0.0044,1
939,2022-06-07,2626.34,2659.27,2662.04,2622.78,524710000.00000006,-0.0166,1
940,2022-06-08,2626.15,2633.53,2639.52,2621.96,576390000.0,-0.0001,1
941,2022-06-09,2625.44,2618.92,2627.88,2606.61,814880000.0,-0.0003,1
942,2022-06-10,2595.87,2596.37,2602.8,2583.74,724090000.0,-0.0113,1
947,2022-06-17,2440.93,2409.72,2441.34,2396.47,634900000.0,-0.0043,1
949,2022-06-21,2408.93,2402.99,2423.48,2385.6,479680000.0,0.0075,1
953,2022-06-27,2401.92,2383.2,2418.94,2365.86,510590000.0,0.0149,1
955,2022-06-29,2377.99,2387.1,2393.25,2375.45,422130000.0,-0.0182,1
958,2022-07-04,2300.34,2310.73,2318.31,2276.63,467960000.0,-0.0022,1
959,2022-07-05,2341.78,2322.11,2344.08,2309.62,323900000.0,0.018,1
961,2022-07-07,2334.27,2308.97,2344.14,2307.9,340170000.0,0.0184,1
966,2022-07-14,2322.32,2316.41,2338.29,2307.69,349140000.0,-0.0027,1
968,2022-07-18,2375.25,2350.48,2376.5,2344.12,324360000.0,0.019,1
969,2022-07-19,2370.97,2367.52,2372.74,2359.59,339380000.0,-0.0018,1
972,2022-07-22,2393.14,2405.37,2417.91,2391.48,381600000.0,-0.0066,1
976,2022-07-28,2435.27,2437.57,2443.43,2429.07,491070000.0,0.0081999999999999,1
980,2022-08-03,2461.45,2438.56,2461.45,2433.12,475300000.0,0.0089,1
981,2022-08-04,2473.11,2478.44,2478.95,2465.32,399960000.0,0.0046999999999999,1
983,2022-08-08,2493.1,2481.17,2494.0,2477.76,418230000.0,0.0009,1
985,2022-08-10,2480.88,2493.7,2494.15,2478.21,479470000.0,-0.009,1
986,2022-08-11,2523.78,2507.74,2523.78,2506.41,505240000.0,0.0173,1
988,2022-08-16,2533.52,2543.05,2546.35,2532.2,398340000.0,0.0022,1
990,2022-08-18,2508.05,2499.3,2515.37,2488.09,381630000.0,-0.0033,1
991,2022-08-19,2492.69,2510.72,2510.72,2492.69,459830000.0,-0.0060999999999999,1
992,2022-08-22,2462.5,2467.38,2475.77,2457.08,422550000.0,-0.0121,1
995,2022-08-25,2477.26,2459.79,2477.26,2455.32,426230000.0,0.0121999999999999,1
997,2022-08-29,2426.89,2432.06,2432.89,2417.01,448750000.0,-0.0218,1
