,Date,Volume,Open,High,Low,Close,pred
0,2018-08-10,286160000.0,2295.21,2295.62,2277.89,2282.79,2295.3699075610543
1,2018-08-13,335380000.0,2266.43,2271.82,2238.55,2248.45,2282.5425991491734
2,2018-08-14,255220000.0,2249.86,2262.52,2247.37,2258.91,2250.0203831335552
3,2018-08-16,312520000.0,2233.05,2244.08,2218.09,2240.8,2259.4223717395967
6,2018-08-21,294340000.0,2248.04,2272.86,2244.59,2270.06,2254.4314073603396
12,2018-08-29,268210000.0,2304.66,2309.88,2300.21,2309.03,2304.8484738950274
14,2018-08-31,255910000.0,2298.13,2322.88,2295.72,2322.88,2314.3597678035276
15,2018-09-03,230510000.0,2317.93,2318.72,2302.17,2307.03,2318.420673205866
17,2018-09-05,358190000.0,2310.9,2315.43,2288.01,2291.77,2311.789305422215
18,2018-09-06,387510000.0,2288.8,2298.47,2284.5,2287.61,2297.5786474201277
19,2018-09-07,357560000.0,2278.08,2286.82,2264.9,2281.58,2294.33631640447
21,2018-09-11,368210000.0,2286.91,2295.76,2275.13,2283.2,2287.7002286008114
25,2018-09-17,343170000.0,2314.55,2314.55,2295.26,2303.01,2316.8981552727746
26,2018-09-18,309240000.0,2287.73,2310.97,2287.42,2308.98,2300.0058031480444
30,2018-09-27,279230000.0,2331.7,2355.43,2331.7,2355.43,2333.315986224703
33,2018-10-02,287870000.0,2338.28,2341.55,2308.9,2309.57,2339.5617239005455
34,2018-10-04,309500000.0,2311.06,2311.06,2270.22,2274.49,2318.8450634495125
35,2018-10-05,282140000.0,2269.94,2278.12,2250.99,2267.52,2279.9107782695964
36,2018-10-08,214640000.0,2258.73,2273.71,2253.83,2253.83,2262.8700290380166
37,2018-10-10,365680000.0,2256.03,2257.52,2222.95,2228.61,2268.480892703027
38,2018-10-11,411920000.0,2176.16,2186.69,2129.67,2129.67,2232.1743565838187
39,2018-10-12,292570000.0,2131.66,2173.01,2129.13,2161.85,2149.946063528378
40,2018-10-15,259180000.0,2155.34,2159.23,2141.28,2145.12,2166.4978531757533
43,2018-10-18,321760000.0,2158.8,2168.01,2146.61,2148.31,2173.751410388702
44,2018-10-19,351770000.0,2130.06,2158.78,2117.62,2156.26,2157.844959080089
45,2018-10-22,308740000.0,2143.08,2163.21,2136.92,2161.71,2146.123139567149
46,2018-10-23,373470000.0,2147.3,2148.8,2094.69,2106.1,2156.402927074188
48,2018-10-25,376010000.0,2046.67,2066.06,2033.81,2063.3,2100.546252389835
51,2018-10-30,441580000.0,1985.95,2028.84,1985.95,2014.69,2018.4672180971763
52,2018-10-31,373030000.0,2022.84,2030.5,2006.63,2029.69,2024.0965089818055
55,2018-11-05,361300000.0,2079.81,2080.49,2052.67,2076.92,2089.7588614424512
59,2018-11-09,298070000.0,2093.89,2101.92,2082.47,2086.09,2106.337323936058
60,2018-11-12,295530000.0,2065.92,2087.24,2065.52,2080.44,2092.4843618970367
61,2018-11-13,383420000.0,2047.62,2072.03,2032.05,2071.23,2084.727661304844
63,2018-11-15,351040000.0,2061.47,2088.61,2058.73,2088.06,2066.8646110439013
66,2018-11-20,281680000.0,2074.67,2089.54,2074.67,2082.58,2104.691809912563
67,2018-11-21,267900000.0,2057.07,2077.49,2049.76,2076.55,2088.0957969755946
74,2018-11-30,427350000.0,2116.83,2122.33,2093.83,2096.86,2117.4220070933197
77,2018-12-05,492720000.0,2086.57,2107.69,2086.57,2101.31,2113.2939270311535
78,2018-12-06,537410000.0,2094.62,2094.62,2064.0,2068.69,2105.517336618477
80,2018-12-10,344160000.0,2048.45,2061.78,2043.21,2053.79,2074.169940535825
84,2018-12-14,448240000.0,2095.64,2095.64,2061.4,2069.38,2100.381134418249
86,2018-12-18,429530000.0,2057.39,2074.31,2054.26,2062.11,2071.296241700655
87,2018-12-19,418800000.0,2068.95,2080.65,2063.01,2078.84,2070.2175066483055
88,2018-12-20,421060000.0,2063.7,2071.08,2047.52,2060.12,2075.007666438945
89,2018-12-21,311390000.0,2052.7,2061.51,2049.76,2061.49,2058.0570914930527
90,2018-12-24,285280000.0,2050.38,2059.94,2046.18,2055.01,2058.5152201051087
91,2018-12-26,321500000.0,2028.81,2037.83,2014.28,2028.01,2055.884997423166
95,2019-01-03,427980000.0,2011.81,2014.72,1991.65,1993.7,2017.7599770889958
96,2019-01-04,408990000.0,1992.4,2011.56,1984.53,2010.25,1999.1560420272997
98,2019-01-08,397830000.0,2038.68,2042.7,2023.59,2025.27,2044.1707225826215
102,2019-01-14,432890000.0,2070.49,2073.94,2059.46,2064.52,2071.6125179966107
109,2019-01-23,408600000.0,2108.72,2131.05,2106.74,2127.78,2116.1009093698235
113,2019-01-29,552590000.0,2172.83,2183.36,2162.53,2183.36,2176.282346419985
118,2019-02-08,391030000.0,2192.01,2192.48,2171.96,2177.05,2201.4668650614126
122,2019-02-14,573360000.0,2195.92,2225.85,2186.09,2225.85,2199.545247959684
123,2019-02-15,400590000.0,2210.94,2210.94,2187.71,2196.09,2215.07171278283
125,2019-02-19,389090000.0,2208.96,2213.87,2193.34,2205.63,2213.100632104716
127,2019-02-21,382510000.0,2224.26,2234.31,2213.19,2228.66,2230.639821682878
128,2019-02-22,409310000.0,2222.32,2230.5,2217.08,2230.5,2224.9132018885753
132,2019-02-28,510020000.0,2231.58,2233.93,2195.44,2195.44,2232.840053248123
134,2019-03-05,313140000.0,2183.35,2185.74,2171.33,2179.23,2198.4745682674225
137,2019-03-08,313310000.0,2152.8,2159.67,2137.44,2137.44,2166.690505619693
138,2019-03-11,272100000.0,2140.29,2145.31,2125.54,2138.1,2147.337846764998
140,2019-03-13,285600000.0,2152.66,2154.11,2134.16,2148.41,2158.3569280567813
145,2019-03-20,317610000.0,2171.41,2177.19,2152.21,2177.1,2174.756880532149
148,2019-03-25,307070000.0,2158.8,2159.25,2143.7,2144.86,2184.6676917259515
151,2019-03-28,288040000.0,2131.25,2136.4,2120.93,2128.1,2141.169618688648
155,2019-04-03,358640000.0,2176.81,2203.29,2172.83,2203.27,2177.0595004797706
157,2019-04-05,517150000.0,2206.36,2214.82,2205.26,2209.61,2212.853295874171
160,2019-04-10,399690000.0,2206.2,2225.02,2203.82,2224.39,2214.076786182452
162,2019-04-12,449630000.0,2221.1,2233.45,2212.88,2233.45,2222.309386766464
164,2019-04-16,569060000.0,2241.06,2249.89,2235.72,2248.63,2248.931701858136
168,2019-04-22,493980000.0,2218.5,2227.94,2207.25,2216.65,2219.4216990396485
169,2019-04-23,481180000.0,2217.61,2223.92,2212.14,2220.51,2218.4803308128116
171,2019-04-25,441140000.0,2195.47,2200.89,2187.44,2190.5,2199.6712274284782
172,2019-04-26,570170000.0,2178.13,2186.52,2168.15,2179.31,2194.3823608359053
175,2019-05-02,369060000.0,2192.94,2217.03,2191.3,2212.75,2194.9308284216795
176,2019-05-03,617880000.0,2209.44,2211.36,2192.36,2196.32,2213.242549714694
177,2019-05-07,484100000.0,2172.39,2179.51,2160.44,2176.99,2198.299038373283
178,2019-05-08,456330000.0,2151.34,2179.34,2151.34,2168.01,2169.782601894794
179,2019-05-09,743510000.0,2159.79,2164.98,2102.01,2102.01,2176.3571949314864
180,2019-05-10,714770000.0,2118.42,2124.92,2090.39,2108.04,2120.17847870544
181,2019-05-13,505750000.0,2091.8,2101.09,2077.72,2079.01,2102.8832607617737
182,2019-05-14,696200000.0,2060.24,2093.41,2056.74,2081.84,2089.4639854304246
183,2019-05-15,577790000.0,2081.92,2100.01,2076.46,2092.78,2087.1271603156615
187,2019-05-21,526860000.0,2056.95,2076.47,2053.69,2061.25,2064.7417172090436
188,2019-05-22,509970000.0,2068.65,2070.8,2048.01,2064.86,2071.9744858066215
190,2019-05-24,480650000.0,2047.3,2057.38,2035.98,2045.31,2053.209885561776
191,2019-05-27,351620000.0,2044.25,2055.13,2035.87,2044.21,2047.785044945862
192,2019-05-28,494480000.0,2044.77,2058.42,2038.52,2048.83,2047.7011001616934
193,2019-05-29,380890000.0,2046.71,2046.71,2016.25,2023.32,2052.3110172977804
195,2019-05-31,439180000.0,2029.03,2048.9,2022.97,2041.74,2038.725162526981
196,2019-06-03,387140000.0,2031.03,2070.58,2029.17,2067.85,2042.2017997127207
199,2019-06-07,368390000.0,2070.78,2081.16,2057.97,2072.33,2072.3124422528094
203,2019-06-13,553390000.0,2104.46,2108.01,2081.92,2103.15,2112.7766387500083
205,2019-06-17,561550000.0,2091.71,2103.59,2087.25,2090.73,2095.7277562477097
206,2019-06-18,600960000.0,2089.31,2103.02,2089.31,2098.71,2099.072728652835
208,2019-06-20,1010000000.0,2121.78,2131.77,2120.42,2131.29,2124.758689601243
211,2019-06-25,643000000.0,2125.74,2136.24,2115.11,2121.64,2129.352256252734
212,2019-06-26,736850000.0,2120.2,2128.25,2115.72,2121.85,2127.1356371659804
213,2019-06-27,644900000.0,2120.73,2141.27,2118.22,2134.32,2124.176070274623
214,2019-06-28,537270000.0,2135.06,2139.24,2123.97,2130.62,2137.2384954649483
216,2019-07-02,460830000.0,2122.07,2130.86,2112.52,2122.02,2131.8609279305883
217,2019-07-03,522710000.00000006,2120.75,2127.71,2093.32,2096.02,2122.7824597562108
218,2019-07-04,446930000.0,2102.36,2108.8,2088.97,2108.73,2106.0743328998183
220,2019-07-08,515950000.00000006,2091.91,2092.54,2063.78,2064.17,2103.844048294091
221,2019-07-09,440120000.0,2070.35,2075.3,2052.03,2052.03,2071.1098743658185
224,2019-07-12,403940000.0,2083.53,2090.43,2077.35,2086.66,2086.178742497595
225,2019-07-15,463520000.0,2083.39,2088.34,2073.1,2082.48,2085.1683833909506
227,2019-07-17,761630000.0,2079.91,2080.01,2063.49,2072.92,2091.147274658261
230,2019-07-22,332630000.0,2090.35,2099.34,2087.51,2093.34,2092.2449297445314
231,2019-07-23,648120000.0,2095.76,2106.39,2095.38,2101.45,2096.403029896296
232,2019-07-24,851390000.0,2097.16,2105.68,2080.66,2082.3,2105.166892132417
233,2019-07-25,598630000.0,2085.67,2088.81,2061.08,2074.48,2092.293087917239
234,2019-07-26,589070000.0,2063.35,2068.16,2054.64,2066.26,2069.814369989921
235,2019-07-29,608670000.0,2059.13,2063.13,2025.01,2029.48,2061.201585638087
236,2019-07-30,547030000.0,2035.32,2044.59,2032.61,2038.68,2036.6899406444147
237,2019-07-31,589390000.0,2036.46,2041.16,2010.95,2024.55,2041.726337975176
238,2019-08-01,461740000.0,2015.09,2032.23,2009.33,2017.34,2021.269776401112
239,2019-08-02,438540000.0,1995.31,2005.31,1987.12,1998.13,2026.0850796745474
240,2019-08-05,639600000.0,1985.93,1987.64,1945.39,1946.98,1998.1328509804912
241,2019-08-06,739590000.0,1900.36,1948.53,1891.81,1917.5,1956.522218060875
242,2019-08-07,760780000.0,1925.33,1929.29,1901.61,1909.71,1936.584941107848
245,2019-08-12,427140000.0,1941.53,1949.19,1933.25,1942.29,1943.4266727788292
246,2019-08-13,660040000.0,1928.76,1937.68,1923.58,1925.83,1942.2171678240773
248,2019-08-16,421680000.0,1921.49,1927.7,1911.72,1927.17,1944.9320581220586
251,2019-08-21,391570000.0,1954.57,1971.12,1954.47,1964.65,1957.7690369633565
252,2019-08-22,435560000.0,1966.6,1967.96,1951.01,1951.01,1969.4009836294674
253,2019-08-23,381090000.0,1942.42,1953.85,1940.6,1948.3,1956.0986225773045
254,2019-08-26,324850000.0,1915.34,1924.49,1909.92,1916.31,1951.4084290364303
259,2019-09-02,262150000.0,1961.19,1973.25,1958.59,1969.19,1968.934278433856
260,2019-09-03,342080000.0,1966.5,1976.37,1960.15,1965.69,1970.1294276099984
261,2019-09-04,348720000.0,1962.43,1988.53,1962.08,1988.53,1970.6213755743295
265,2019-09-10,504390000.0,2024.79,2034.28,2021.58,2032.08,2028.1025986045256
271,2019-09-20,589920000.0,2080.86,2092.37,2077.3,2091.52,2087.8536965978333
272,2019-09-23,420950000.0,2087.7,2095.54,2085.6,2091.7,2088.5904608463125
273,2019-09-24,535770000.0,2090.19,2101.63,2085.91,2101.04,2093.311882505464
274,2019-09-25,651550000.0,2093.47,2095.27,2072.41,2073.39,2097.3022734667543
276,2019-09-27,285940000.0,2066.96,2066.96,2044.75,2049.93,2072.9786263868536
277,2019-09-30,327620000.0,2045.77,2064.99,2042.01,2063.05,2050.156059684528
279,2019-10-02,414460000.0,2058.23,2058.23,2031.91,2031.91,2072.5290978743005
280,2019-10-04,402940000.0,2028.4,2039.43,2020.69,2020.69,2038.2638736576619
281,2019-10-07,322180000.0,2031.53,2034.94,2016.19,2021.73,2032.5010242416504
283,2019-10-10,445850000.0,2030.13,2040.88,2010.9,2028.15,2041.4151656312065
286,2019-10-15,464530000.0,2064.78,2073.21,2064.34,2068.17,2072.591884438961
288,2019-10-17,314180000.0,2081.76,2087.15,2072.49,2077.94,2083.77038940033
290,2019-10-21,606110000.0,2067.97,2067.97,2059.33,2064.84,2069.360254832082
292,2019-10-23,429450000.0,2086.81,2088.25,2074.88,2080.62,2089.588498244531
299,2019-11-01,418310000.0,2084.79,2100.42,2081.53,2100.2,2097.8951479602338
303,2019-11-07,425660000.0,2141.05,2147.01,2135.45,2144.29,2151.9754105047523
305,2019-11-11,617270000.0,2139.07,2139.07,2119.07,2124.09,2140.313449382319
307,2019-11-13,664360000.0,2132.48,2133.37,2118.67,2122.45,2132.8327085896676
311,2019-11-19,826880000.0,2151.04,2154.41,2137.01,2153.24,2158.0942304481673
312,2019-11-20,581060000.0,2140.06,2145.97,2123.8,2125.32,2143.5339263954397
313,2019-11-21,579550000.0,2123.65,2125.36,2088.19,2096.6,2133.067017765714
318,2019-11-28,335230000.0,2116.93,2127.75,2116.58,2118.6,2123.761980410117
319,2019-11-29,433260000.0,2125.53,2125.53,2085.1,2087.96,2126.5167661224955
321,2019-12-03,450040000.0,2075.02,2085.71,2066.6,2084.07,2096.788844030731
322,2019-12-04,347000000.0,2070.84,2072.91,2057.45,2068.89,2078.277274084345
326,2019-12-10,500060000.0,2081.22,2100.48,2080.16,2098.0,2088.0238894988233
338,2019-12-27,490170000.0,2183.7,2215.55,2177.4,2204.21,2191.2400058688227
339,2019-12-30,416400000.0,2202.62,2208.04,2195.65,2197.67,2207.2617430711243
340,2020-01-02,494680000.0,2201.21,2202.32,2171.84,2175.17,2202.348377409047
342,2020-01-06,592670000.0,2154.97,2164.42,2149.95,2155.07,2181.482961587676
344,2020-01-08,913830000.0,2156.27,2162.32,2137.72,2151.31,2178.3763857760246
349,2020-01-15,746160000.0,2229.8,2238.21,2223.39,2230.98,2242.415867567244
350,2020-01-16,808330000.0,2231.93,2249.09,2225.41,2248.05,2232.6104516328946
353,2020-01-21,770320000.0,2259.81,2266.31,2238.25,2239.69,2273.1380299014454
354,2020-01-22,608510000.0,2238.53,2269.27,2235.13,2267.25,2249.264747941393
355,2020-01-23,509610000.0,2254.54,2260.63,2241.94,2246.13,2263.3530306752773
356,2020-01-28,808880000.0,2192.22,2199.93,2166.23,2176.72,2250.526734327202
358,2020-01-30,602840000.0,2181.54,2187.45,2139.72,2148.0,2182.7082480924787
360,2020-02-03,836700000.0,2086.61,2126.73,2082.74,2118.88,2134.731519007543
364,2020-02-07,800340000.0,2221.49,2223.92,2198.14,2211.95,2223.0459598098014
365,2020-02-10,609570000.0,2185.63,2203.39,2180.51,2201.07,2205.9751706842712
367,2020-02-12,632460000.0,2225.95,2242.24,2214.77,2238.38,2229.5722500701804
369,2020-02-14,597220000.0,2232.71,2251.5,2221.9,2243.59,2242.7847598457406
371,2020-02-18,470420000.0,2225.98,2232.93,2205.21,2208.88,2239.6777873911337
374,2020-02-21,635470000.0,2165.65,2184.43,2160.28,2162.84,2199.586643695808
375,2020-02-24,948620000.0,2114.04,2120.06,2079.03,2079.04,2178.403452322275
376,2020-02-25,1570000000.0,2075.55,2105.49,2071.5,2103.61,2092.7104069938173
377,2020-02-26,810940000.0,2064.07,2089.64,2059.13,2076.77,2099.196734670719
378,2020-02-27,562770000.0,2073.87,2085.4,2049.15,2054.89,2083.147740997898
379,2020-02-28,671550000.0,2020.17,2031.01,1980.82,1987.01,2065.3136919124645
380,2020-03-02,528100000.0,1997.03,2017.07,1969.34,2002.51,1999.7353065158657
382,2020-03-04,606290000.0,2005.81,2063.59,2005.81,2059.33,2019.4556592647602
384,2020-03-06,865590000.0,2053.09,2062.57,2032.13,2040.22,2074.1490817781
385,2020-03-09,666870000.0,1981.02,1989.5,1946.9,1954.77,2045.6327633766623
386,2020-03-10,638560000.0,1942.85,1968.17,1934.72,1962.93,1962.531603987918
388,2020-03-12,850340000.0,1887.97,1897.23,1808.56,1834.33,1915.850456205871
389,2020-03-13,1040000000.0,1722.68,1809.31,1680.6,1771.44,1835.2787936681514
391,2020-03-17,649780000.0,1640.84,1722.97,1637.88,1672.44,1735.5930386471955
392,2020-03-18,728010000.0,1686.12,1693.95,1591.12,1591.2,1711.317906582516
395,2020-03-23,647530000.0,1474.45,1516.75,1458.41,1482.46,1534.4137597142199
400,2020-03-30,767780000.0,1670.34,1729.63,1659.95,1717.12,1691.3327162630299
402,2020-04-01,1240000000.0,1737.28,1762.44,1685.37,1685.46,1743.109121427443
403,2020-04-02,766310000.0,1693.53,1726.76,1664.13,1724.86,1719.8124107623607
412,2020-04-16,878340000.0,1839.51,1862.23,1828.13,1857.07,1855.5368807746468
414,2020-04-20,1090000000.0,1908.34,1925.25,1893.17,1898.36,1922.4261234043015
415,2020-04-21,1170000000.0,1886.78,1898.32,1841.66,1879.38,1911.9017857305269
416,2020-04-22,820360000.0,1855.51,1897.9,1844.85,1896.15,1862.5312994430888
418,2020-04-24,933920000.0,1906.07,1908.29,1880.71,1889.01,1913.1153684925534
422,2020-05-04,1150000000.0,1906.42,1918.66,1894.29,1895.37,1953.4584515310137
426,2020-05-11,591280000.0,1953.51,1960.46,1932.87,1935.4,1953.9552110869715
427,2020-05-12,799930000.0,1938.62,1938.62,1905.17,1922.17,1944.0542339407357
428,2020-05-13,618780000.0,1897.5,1940.42,1897.24,1940.42,1913.1708024594332
429,2020-05-14,760650000.0,1922.44,1931.43,1913.49,1924.96,1935.4763670295574
433,2020-05-20,699450000.0,1972.12,1992.2,1972.12,1989.64,1976.5090590784246
440,2020-05-29,1090000000.0,2018.37,2038.89,2006.62,2029.6,2020.5987466445138
445,2020-06-05,854590000.0,2151.17,2187.25,2138.18,2181.87,2157.920377618472
449,2020-06-11,827380000.0,2184.36,2200.72,2148.51,2176.78,2191.959601060343
450,2020-06-12,689900000.0,2088.24,2137.12,2084.63,2132.3,2171.502335116111
451,2020-06-15,1070000000.0,2114.41,2129.67,2030.82,2030.82,2128.9015283159183
459,2020-06-25,1020000000.0,2130.45,2143.33,2112.37,2112.37,2167.5814795872816
461,2020-06-29,643160000.0,2105.54,2120.5,2087.84,2093.48,2124.7094763396162
468,2020-07-08,677810000.0,2166.76,2173.83,2150.89,2158.88,2177.277736782962
470,2020-07-10,886990000.0,2171.44,2171.52,2140.29,2150.25,2177.1885808287943
472,2020-07-14,810950000.0,2176.43,2183.61,2165.6,2183.61,2181.237022673215
478,2020-07-22,856220000.0,2228.2,2238.86,2221.62,2228.66,2229.5665237933763
479,2020-07-23,934540000.0,2227.24,2227.24,2202.99,2216.19,2232.8682937746366
480,2020-07-24,1000000000.0,2196.73,2219.57,2195.49,2200.44,2208.8932619066613
481,2020-07-27,928620000.0,2203.48,2231.25,2203.48,2217.86,2216.261408707004
483,2020-07-29,899490000.0,2258.35,2276.79,2252.24,2263.16,2262.3023901983865
486,2020-08-03,648460000.0,2251.65,2254.38,2237.04,2251.04,2258.2572537949027
490,2020-08-07,812590000.0,2349.25,2362.24,2333.62,2351.67,2349.2983217322812
493,2020-08-12,763730000.0,2414.78,2432.35,2393.27,2432.35,2425.7804645828164
498,2020-08-20,903740000.0,2339.91,2357.08,2270.85,2274.22,2365.705672072359
506,2020-09-01,1090000000.0,2340.19,2355.9,2331.23,2349.55,2342.031363636447
509,2020-09-04,1350000000.0,2332.68,2371.02,2332.68,2368.25,2399.1475917477555
512,2020-09-09,946250000.0,2372.53,2388.85,2369.12,2375.81,2398.6745262441223
514,2020-09-11,882880000.0,2389.76,2397.56,2374.0,2396.69,2394.2738488368923
518,2020-09-17,853740000.0,2430.77,2437.02,2398.69,2406.17,2440.10100190781
521,2020-09-22,1050000000.0,2388.14,2388.49,2323.58,2332.59,2400.3091260098445
523,2020-09-24,714880000.0,2295.62,2309.74,2268.88,2272.7,2304.3967696498366
529,2020-10-07,737990000.0,2350.82,2387.45,2347.82,2386.94,2366.9282506879154
534,2020-10-15,1170000000.0,2375.91,2376.73,2348.74,2361.21,2383.9597703429195
537,2020-10-20,874290000.0,2333.56,2358.41,2322.06,2358.41,2356.976423106488
539,2020-10-22,815610000.0,2355.61,2360.22,2339.73,2355.05,2365.880636064526
542,2020-10-27,666940000.0,2328.66,2349.33,2321.23,2330.84,2355.4649465158795
543,2020-10-28,705770000.0,2324.18,2345.46,2316.47,2345.26,2341.4998616988078
544,2020-10-29,509770000.0,2312.34,2330.17,2299.91,2326.67,2337.343523962345
546,2020-11-02,678500000.0,2276.61,2302.64,2267.95,2300.16,2279.909648557494
554,2020-11-12,1280000000.0,2482.68,2488.79,2467.04,2475.62,2485.0332878796594
555,2020-11-13,1070000000.0,2470.12,2495.77,2460.96,2493.87,2476.377744726253
559,2020-11-19,976480000.0,2536.89,2548.95,2529.53,2547.42,2544.3963413954316
571,2020-12-07,1500000000.0,2738.11,2754.01,2711.42,2745.44,2738.7421154946114
573,2020-12-09,1250000000.0,2703.3,2755.47,2703.3,2755.47,2713.4855182768288
576,2020-12-14,1110000000.0,2769.43,2782.79,2755.29,2762.2,2778.2364418358443
577,2020-12-15,1090000000.0,2763.65,2769.37,2735.08,2756.82,2770.6818302445963
579,2020-12-17,1020000000.0,2769.89,2772.71,2742.25,2770.43,2777.738663629343
581,2020-12-21,1140000000.0,2771.98,2780.24,2747.09,2778.65,2774.909737384425
583,2020-12-23,1120000000.0,2737.74,2769.08,2716.28,2759.82,2744.749950813484
586,2020-12-29,1050000000.0,2810.55,2823.44,2792.06,2820.51,2816.860860805938
591,2021-01-07,1520000000.0,2980.75,3055.28,2980.75,3031.68,2998.935094367291
592,2021-01-08,1300000000.0,3040.11,3161.11,3040.11,3152.18,3046.8787817831394
594,2021-01-12,1390000000.0,3145.87,3154.79,3047.56,3125.95,3203.701657007362
598,2021-01-18,1470000000.0,3079.9,3079.9,3003.89,3013.93,3133.6853702262297
599,2021-01-19,1350000000.0,3013.05,3107.0,3011.32,3092.66,3021.720398590087
603,2021-01-25,1090000000.0,3144.01,3212.22,3142.8,3208.99,3165.2096480900796
605,2021-01-27,924580000.0,3143.46,3182.53,3118.89,3122.56,3154.0037716970755
606,2021-01-28,1310000000.0,3114.98,3114.98,3046.64,3069.05,3159.3607414222834
608,2021-02-01,969260000.0,2976.81,3056.87,2947.24,3056.53,3008.655830346074
610,2021-02-03,901790000.0,3108.42,3142.26,3091.85,3129.68,3130.6625378900794
614,2021-02-09,2150000000.0,3102.25,3129.66,3084.67,3084.67,3105.5567715323937
615,2021-02-10,2150000000.0,3088.13,3111.88,3064.25,3100.58,3113.294363216867
618,2021-02-17,1780000000.0,3162.95,3162.95,3115.48,3133.73,3173.2845686544792
620,2021-02-19,3460000000.0,3089.96,3109.67,3040.28,3107.62,3105.04646162027
622,2021-02-23,2360000000.0,3069.26,3094.29,3035.46,3070.09,3112.6589214037485
624,2021-02-25,1280000000.0,3026.47,3099.8,3026.47,3099.69,3030.487797807637
625,2021-02-26,1360000000.0,3089.49,3089.49,2988.28,3012.95,3091.5328257643637
627,2021-03-03,2240000000.0,3041.2,3083.04,3029.37,3082.99,3087.350125951472
631,2021-03-09,1530000000.0,2989.96,3000.49,2929.36,2976.12,3022.9428200748534
633,2021-03-11,1350000000.0,2964.3,3028.37,2964.3,3013.7,2987.8774810634786
635,2021-03-15,1160000000.0,3057.06,3065.17,3036.14,3045.71,3058.2015718729026
637,2021-03-17,814990000.0,3067.76,3069.57,3027.2,3047.5,3069.280732514331
639,2021-03-19,1070000000.0,3063.01,3063.01,3022.49,3039.53,3086.4087122419123
642,2021-03-24,978430000.0,2996.32,3006.54,2971.04,2996.35,3029.6261033441187
644,2021-03-26,1040000000.0,3012.79,3041.86,3012.79,3041.01,3015.53816676201
648,2021-04-01,922680000.0,3073.77,3090.88,3069.68,3087.4,3082.607964390775
653,2021-04-08,1360000000.0,3137.25,3145.81,3122.09,3143.26,3141.6950408518396
655,2021-04-12,1050000000.0,3134.88,3147.27,3127.91,3135.59,3138.9278635581495
656,2021-04-13,1740000000.0,3138.21,3173.26,3136.99,3169.08,3140.8098264834016
659,2021-04-16,985280000.0,3194.08,3206.76,3185.67,3198.62,3200.7215650251233
661,2021-04-20,1300000000.0,3198.31,3220.82,3195.96,3220.7,3207.310182878889
662,2021-04-21,1770000000.0,3214.24,3214.24,3165.49,3171.66,3216.7379097529197
663,2021-04-22,1750000000.0,3174.52,3196.97,3174.52,3177.52,3177.078777272171
664,2021-04-23,2250000000.0,3173.47,3188.7,3146.54,3186.1,3194.721402624164
668,2021-04-29,1220000000.0,3184.75,3200.41,3161.06,3174.07,3188.456451671803
669,2021-04-30,1360000000.0,3176.43,3179.43,3143.38,3147.86,3180.689980658739
670,2021-05-03,1040000000.0,3149.05,3174.26,3120.7,3127.2,3153.9953238540525
671,2021-05-04,1280000000.0,3131.39,3147.38,3109.78,3147.37,3149.816284335312
674,2021-05-10,1010000000.0,3201.46,3255.9,3201.46,3249.3,3202.476465932302
675,2021-05-11,1100000000.0,3239.92,3239.92,3192.25,3209.43,3249.854762036197
677,2021-05-13,1100000000.0,3146.97,3161.93,3103.88,3122.11,3157.8572163481417
680,2021-05-18,786140000.0,3135.38,3176.4,3135.38,3173.05,3139.9408286813714
683,2021-05-24,587970000.0,3155.91,3163.27,3137.81,3144.3,3177.9989659585885
686,2021-05-27,1080000000.0,3170.84,3173.86,3142.37,3165.51,3173.9830032871073
688,2021-05-31,1120000000.0,3192.06,3204.29,3179.87,3203.92,3195.7119907916203
691,2021-06-03,1580000000.0,3224.96,3258.5,3224.96,3247.43,3233.1000777708164
692,2021-06-04,1390000000.0,3246.17,3246.19,3218.67,3240.08,3254.939708371179
694,2021-06-08,1950000000.0,3251.83,3264.67,3242.56,3247.83,3253.851271416477
695,2021-06-09,1960000000.0,3245.08,3246.49,3216.18,3216.18,3256.421550425348
696,2021-06-10,1900000000.0,3216.94,3235.39,3210.31,3224.64,3224.4644442307654
697,2021-06-11,1650000000.0,3226.98,3251.58,3226.98,3249.32,3228.51146982231
701,2021-06-17,1850000000.0,3276.2,3276.2,3251.32,3264.96,3277.849415549332
703,2021-06-21,1510000000.0,3264.18,3264.18,3225.56,3240.79,3272.5793080274716
708,2021-06-28,1430000000.0,3305.46,3311.69,3291.3,3301.89,3313.2903285573047
711,2021-07-01,1160000000.0,3297.92,3300.12,3278.1,3282.06,3304.110406098463
712,2021-07-02,1020000000.0,3282.81,3295.68,3278.19,3281.78,3284.9694486802805
713,2021-07-05,850410000.0,3285.29,3298.93,3285.29,3293.21,3290.9774550014704
714,2021-07-06,1030000000.0,3295.44,3313.51,3295.44,3305.21,3297.690121396206
715,2021-07-07,1150000000.0,3303.59,3303.59,3277.66,3285.34,3311.7549477756756
717,2021-07-09,1310000000.0,3245.52,3245.52,3188.8,3217.95,3267.981475206858
720,2021-07-14,908950000.0,3270.09,3270.09,3250.45,3264.81,3271.842776133827
723,2021-07-19,1100000000.0,3258.87,3258.87,3236.39,3244.04,3265.105673627484
724,2021-07-20,979670000.0,3223.24,3234.8,3214.42,3232.7,3241.9258303858655
730,2021-07-28,868600000.0,3226.06,3243.21,3210.9,3236.86,3241.6891909074347
732,2021-07-30,687860000.0,3234.37,3234.66,3202.32,3202.32,3239.856626548767
737,2021-08-06,941360000.0,3277.06,3288.17,3261.93,3270.36,3287.3655911364053
738,2021-08-09,707650000.0,3258.1,3275.15,3251.74,3260.42,3275.574143881403
740,2021-08-11,618090000.0,3235.36,3250.21,3217.65,3220.62,3241.9993898459643
741,2021-08-12,643280000.0,3213.58,3229.59,3202.11,3208.38,3235.172315020137
742,2021-08-13,696470000.0,3205.75,3209.72,3146.76,3171.29,3219.2235829262336
744,2021-08-18,622790000.0,3141.98,3175.88,3124.56,3158.93,3151.532196512327
745,2021-08-19,655630000.0,3140.01,3158.0,3097.83,3097.83,3158.817781469341
746,2021-08-20,672090000.0,3111.1,3122.09,3049.03,3060.51,3123.737146087986
751,2021-08-27,520670000.0,3116.29,3143.01,3106.97,3133.9,3135.463329822742
755,2021-09-02,757860000.0,3198.03,3204.01,3171.78,3175.85,3205.592970372419
759,2021-09-08,859890000.0,3178.74,3187.55,3157.07,3162.99,3184.001305908949
760,2021-09-09,927370000.0,3146.64,3158.6,3111.49,3114.7,3170.180207912137
761,2021-09-10,723080000.0,3121.09,3131.54,3103.38,3125.76,3130.4744588352296
764,2021-09-15,616560000.0,3147.21,3164.01,3138.8,3153.4,3161.486981101652
766,2021-09-17,589240000.0,3127.75,3142.13,3112.51,3140.51,3137.9236855411264
767,2021-09-23,623840000.0,3123.64,3131.63,3107.98,3127.58,3129.0462966923055
769,2021-09-27,883230000.0,3121.7,3146.35,3119.26,3133.64,3130.0628923177424
770,2021-09-28,894910000.0,3133.4,3134.46,3095.72,3097.92,3141.92857784873
771,2021-09-29,821560000.0,3055.5,3069.04,3030.6,3060.27,3105.6681926907554
773,2021-10-01,855480000.0,3056.21,3062.6,3015.01,3019.18,3070.3943265172284
774,2021-10-05,840560000.0,2998.17,2998.17,2940.59,2962.17,3030.464050391512
778,2021-10-12,660180000.0,2950.22,2950.94,2901.51,2916.38,2956.203309775962
779,2021-10-13,752130000.0,2913.34,2953.33,2909.47,2944.41,2913.6755011202845
785,2021-10-21,887370000.0,3012.28,3025.88,3002.74,3007.33,3023.871913864813
786,2021-10-22,695270000.0,3005.36,3018.7,2996.26,3006.16,3017.2872275594277
787,2021-10-25,791800000.0,3001.1,3025.27,2983.29,3020.54,3010.469586303079
790,2021-10-28,617260000.0,3023.17,3034.42,3009.55,3009.55,3028.323433124323
794,2021-11-03,658650000.0,3020.36,3020.87,2969.01,2975.71,3030.0831190768276
797,2021-11-08,560200000.0,2965.36,2968.18,2930.9,2960.2,2965.6904695086864
799,2021-11-10,570930000.0,2947.46,2958.61,2924.36,2930.17,2977.280076289563
800,2021-11-11,572860000.0,2911.41,2925.19,2903.72,2924.92,2939.844668453147
805,2021-11-18,541650000.0,2959.26,2964.48,2937.53,2947.38,2969.252517380436
810,2021-11-25,595970000.0,2996.74,2996.74,2973.24,2980.27,2997.377241462884
811,2021-11-26,595600000.0,2973.04,2985.77,2930.31,2936.44,2978.983073375939
812,2021-11-29,844400000.0,2906.15,2930.22,2890.78,2909.32,2951.695806105215
815,2021-12-02,534460000.00000006,2874.64,2945.27,2874.64,2945.27,2882.9168054724573
816,2021-12-03,486750000.0,2935.93,2975.44,2927.55,2968.33,2937.2887741441223
817,2021-12-06,479910000.0,2954.82,2983.5,2932.49,2973.25,2964.670122754448
820,2021-12-09,513440000.00000006,3007.0,3029.57,3001.55,3029.57,3016.925908546272
821,2021-12-10,451600000.0,3008.7,3017.64,2998.29,3010.23,3023.0573454445403
823,2021-12-14,581570000.0,2983.95,3001.7,2976.16,2987.95,3026.5621154300165
824,2021-12-15,432870000.0,2979.83,2992.3,2973.0,2989.39,2993.9542890880234
826,2021-12-17,451820000.0,2985.2,3017.73,2984.19,3017.73,2999.754110777294
827,2021-12-20,377580000.0,3001.33,3001.33,2962.07,2963.0,3013.461423469273
832,2021-12-27,475360000.0,3013.94,3017.31,2999.3,2999.55,3024.1975281987297
834,2021-12-29,545830000.0,3002.9,3007.72,2988.67,2993.29,3007.3198794215377
837,2022-01-04,621550000.0,2991.97,2995.25,2973.08,2989.24,2995.084077083979
839,2022-01-06,786040000.0,2925.4,2952.54,2915.38,2920.53,2949.843677077789
840,2022-01-07,546170000.0,2933.78,2959.03,2933.1,2954.89,2941.9751264445968
841,2022-01-10,477400000.0,2947.37,2951.12,2910.9,2926.72,2955.8755213639606
845,2022-01-14,532670000.0,2937.61,2944.97,2914.73,2921.92,2965.645580142704
846,2022-01-17,593260000.0,2918.55,2919.67,2875.98,2890.1,2926.819129977707
848,2022-01-19,463830000.0,2840.34,2871.79,2832.18,2842.28,2870.54138875398
849,2022-01-20,395670000.0,2842.28,2862.7,2830.97,2862.68,2862.135678147012
850,2022-01-21,532750000.0,2837.49,2847.95,2817.11,2834.29,2851.9162081784143
851,2022-01-24,473990000.0,2823.76,2828.11,2780.68,2792.0,2831.3567783571607
852,2022-01-25,639960000.0,2786.41,2789.62,2703.99,2720.39,2794.744569386576
854,2022-01-27,487730000.0,2709.24,2722.86,2614.49,2614.49,2726.0994679046826
855,2022-01-28,434190000.0,2617.87,2668.59,2591.53,2663.34,2648.5886090306176
857,2022-02-04,536150000.0,2714.83,2751.8,2712.87,2750.26,2729.513312070092
862,2022-02-11,480520000.0,2739.14,2766.7,2735.08,2747.71,2768.725800601865
863,2022-02-14,616340000.0,2715.1,2724.72,2688.24,2704.48,2760.660481073875
867,2022-02-18,513520000.0,2714.52,2747.08,2711.88,2744.52,2748.9982942837382
868,2022-02-21,495300000.0,2706.65,2746.62,2694.9,2743.8,2741.54569898886
869,2022-02-22,648400000.0,2705.08,2721.84,2690.09,2706.79,2733.192455345884
871,2022-02-24,926400000.0,2689.28,2694.55,2642.63,2648.8,2712.604601769012
873,2022-02-28,613470000.0,2663.0,2699.18,2658.25,2699.18,2683.5871916954607
876,2022-03-04,765680000.0,2736.58,2736.58,2702.34,2713.43,2743.684344035628
877,2022-03-07,571560000.0,2680.17,2680.17,2644.1,2651.31,2710.5461937643713
878,2022-03-08,540370000.0,2617.33,2647.18,2605.81,2622.4,2652.717292829776
880,2022-03-11,797030000.0,2665.95,2672.62,2647.28,2661.28,2680.544556765422
881,2022-03-14,636320000.0,2654.93,2661.76,2633.31,2645.65,2657.7952498814525
882,2022-03-15,604180000.0,2630.31,2641.97,2615.08,2621.53,2644.6372335678407
885,2022-03-18,644020000.0,2695.64,2708.16,2688.71,2707.02,2706.324074083188
887,2022-03-22,489440000.0,2686.68,2712.14,2686.58,2710.0,2691.8583619370966
889,2022-03-24,960900000.0,2716.25,2729.66,2705.14,2729.66,2735.9893858111327
891,2022-03-28,768040000.0,2721.22,2737.46,2707.74,2729.56,2727.046533768807
894,2022-03-31,1030000000.0,2743.24,2765.2,2743.2,2757.65,2746.557862483614
895,2022-04-01,1310000000.0,2745.85,2745.85,2729.68,2739.85,2762.938138917371
896,2022-04-04,1020000000.0,2729.86,2758.38,2722.45,2757.9,2733.758958860105
898,2022-04-06,1320000000.0,2739.07,2747.85,2730.66,2735.03,2757.568365001083
899,2022-04-07,999280000.0,2714.7,2718.5,2693.36,2695.86,2740.7031893049966
901,2022-04-11,742600000.0,2687.54,2711.02,2683.96,2693.1,2695.4488487722037
902,2022-04-12,870970000.0,2674.17,2685.08,2658.4,2666.76,2705.8391760581735
905,2022-04-15,693720000.0,2695.52,2705.41,2685.01,2696.06,2707.639777102155
906,2022-04-18,1020000000.0,2685.04,2701.11,2681.37,2693.21,2696.4899373690137
908,2022-04-20,1740000000.0,2718.49,2724.46,2702.84,2718.69,2720.5528476865074
910,2022-04-22,1240000000.0,2704.72,2708.58,2690.48,2704.71,2735.984974192241
911,2022-04-25,988350.0,2676.67,2680.35,2657.04,2657.13,2697.5171588078197
913,2022-04-27,1070000000.0,2630.58,2641.82,2615.5,2639.06,2670.0867249418443
916,2022-05-02,873720000.0,2669.21,2689.91,2667.85,2687.45,2689.299333742853
918,2022-05-04,1180000000.0,2690.45,2696.03,2667.23,2677.57,2693.5692255597296
919,2022-05-06,1330000000.0,2650.89,2652.51,2635.97,2644.51,2677.8429428008412
920,2022-05-09,892650000.0,2634.32,2642.75,2606.08,2610.81,2641.188842869619
921,2022-05-10,841460000.0,2590.13,2602.75,2553.01,2596.56,2620.3469192835946
923,2022-05-12,900330000.0,2569.5,2591.57,2546.8,2550.08,2592.2407945503383
924,2022-05-13,788540000.0,2570.01,2605.84,2565.96,2604.24,2571.8259880890723
926,2022-05-17,873520000.0,2603.58,2621.84,2603.58,2620.44,2605.066333152295
928,2022-05-19,677600000.0,2576.24,2597.79,2568.54,2592.34,2630.4668694977736
931,2022-05-24,851240000.0,2638.94,2646.99,2605.87,2605.87,2640.586004279571
937,2022-06-02,525260000.0,2670.74,2674.0,2653.59,2658.99,2674.322712784736
939,2022-06-07,524710000.00000006,2659.27,2662.04,2622.78,2626.34,2668.852502805583
940,2022-06-08,576390000.0,2633.53,2639.52,2621.96,2626.15,2633.9348419428698
941,2022-06-09,814880000.0,2618.92,2627.88,2606.61,2625.44,2630.2365930635406
942,2022-06-10,724090000.0,2596.37,2602.8,2583.74,2595.87,2617.6847241998908
943,2022-06-13,660310000.0,2550.21,2550.32,2504.51,2504.51,2592.6522937043674
944,2022-06-14,671760000.0,2472.96,2503.17,2457.39,2492.97,2515.4338246346247
947,2022-06-17,634900000.0,2409.72,2441.34,2396.47,2440.93,2472.0381437656206
951,2022-06-23,749660000.0,2347.84,2361.23,2306.48,2314.32,2361.0215571582853
952,2022-06-24,654440000.0,2327.11,2373.48,2319.99,2366.6,2328.1193967026807
955,2022-06-29,422130000.0,2387.1,2393.25,2375.45,2377.99,2411.777360392629
956,2022-06-30,515400000.0,2368.57,2368.57,2332.59,2332.64,2383.8725979259925
958,2022-07-04,467960000.0,2310.73,2318.31,2276.63,2300.34,2314.2504404388687
960,2022-07-06,410730000.0,2330.11,2332.14,2290.33,2292.01,2332.1852212630815
963,2022-07-11,377110000.0,2357.43,2363.26,2337.82,2340.27,2363.4635487401742
964,2022-07-12,379310000.0,2330.88,2333.02,2303.74,2317.76,2347.784754946011
966,2022-07-14,349140000.0,2316.41,2338.29,2307.69,2322.32,2330.3194834265432
969,2022-07-19,339380000.0,2367.52,2372.74,2359.59,2370.97,2368.851811083408
971,2022-07-21,295620000.0,2387.91,2411.96,2387.91,2409.16,2391.722477001825
972,2022-07-22,381600000.0,2405.37,2417.91,2391.48,2393.14,2409.4443224322695
973,2022-07-25,323090000.0,2385.65,2412.47,2385.65,2403.69,2406.0527204789328
974,2022-07-26,415670000.0,2397.27,2415.39,2395.17,2412.96,2409.6287975530563
978,2022-08-01,487160000.0,2444.05,2461.4,2437.13,2452.25,2453.380532449133
979,2022-08-02,549920000.0,2451.0,2451.07,2428.76,2439.62,2454.3511319307913
983,2022-08-08,418230000.0,2481.17,2494.0,2477.76,2493.1,2494.939313785451
985,2022-08-10,479470000.0,2493.7,2494.15,2478.21,2480.88,2495.8878058639275
987,2022-08-12,445550000.0,2519.66,2533.2,2514.31,2527.94,2521.195151100746
989,2022-08-17,418050000.0,2536.57,2543.15,2512.01,2516.47,2537.928942301869
990,2022-08-18,381630000.0,2499.3,2515.37,2488.09,2508.05,2523.7797176358845
992,2022-08-22,422550000.0,2467.38,2475.77,2457.08,2462.5,2497.1571188672924
993,2022-08-23,471170000.0,2449.31,2454.55,2431.83,2435.34,2467.1712985042595
997,2022-08-29,448750000.0,2432.06,2432.89,2417.01,2426.89,2487.5281861668955
999,2022-08-31,397290.0,2433.47,2473.75,2426.14,2472.05,2446.767072426555
