Index,topic_idx
45655,1
45656,3
45657,2
45658,1
45659,3
45660,3
45661,5
45662,3
45663,4
45664,4
45665,4
45666,6
45667,4
45668,5
45669,6
45670,1
45671,3
45672,2
45673,4
45674,1
45675,2
45676,2
45677,0
45678,3
45679,0
45680,3
45681,6
45682,0
45683,5
45684,2
45685,3
45686,4
45687,4
45688,5
45689,2
45690,4
45691,5
45692,4
45693,6
45694,5
45695,5
45696,5
45697,5
45698,3
45699,0
45700,5
45701,3
45702,6
45703,1
45704,3
45705,1
45706,4
45707,6
45708,4
45709,5
45710,1
45711,4
45712,4
45713,3
45714,3
45715,4
45716,4
45717,6
45718,3
45719,3
45720,1
45721,3
45722,5
45723,2
45724,3
45725,3
45726,1
45727,3
45728,3
45729,1
45730,5
45731,1
45732,1
45733,1
45734,2
45735,6
45736,1
45737,5
45738,4
45739,6
45740,5
45741,6
45742,1
45743,6
45744,1
45745,5
45746,5
45747,4
45748,4
45749,4
45750,2
45751,6
45752,4
45753,0
45754,1
45755,5
45756,5
45757,2
45758,4
45759,5
45760,4
45761,3
45762,2
45763,1
45764,3
45765,2
45766,2
45767,2
45768,4
45769,3
45770,5
45771,3
45772,6
45773,0
45774,4
45775,0
45776,3
45777,6
45778,1
45779,2
45780,1
45781,5
45782,3
45783,0
45784,4
45785,0
45786,2
45787,6
45788,4
45789,4
45790,1
45791,6
45792,2
45793,1
45794,4
45795,3
45796,2
45797,3
45798,3
45799,4
45800,4
45801,1
45802,2
45803,3
45804,6
45805,1
45806,1
45807,4
45808,4
45809,6
45810,3
45811,2
45812,3
45813,0
45814,6
45815,1
45816,2
45817,3
45818,5
45819,5
45820,3
45821,6
45822,1
45823,2
45824,4
45825,1
45826,2
45827,6
45828,1
45829,3
45830,4
45831,2
45832,3
45833,6
45834,2
45835,5
45836,1
45837,5
45838,1
45839,5
45840,1
45841,6
45842,0
45843,3
45844,0
45845,2
45846,1
45847,0
45848,4
45849,2
45850,2
45851,6
45852,1
45853,0
45854,0
45855,1
45856,5
45857,4
45858,6
45859,5
45860,3
45861,5
45862,5
45863,5
45864,1
45865,1
45866,1
45867,3
45868,1
45869,1
45870,0
45871,4
45872,0
45873,6
45874,2
45875,4
45876,3
45877,5
45878,1
45879,1
45880,5
45881,0
45882,3
45883,4
45884,1
45885,6
45886,0
45887,3
45888,6
45889,4
45890,4
45891,5
45892,2
45893,2
45894,1
45895,5
45896,5
45897,2
45898,4
45899,1
45900,4
45901,5
45902,4
45903,6
45904,6
45905,4
45906,5
45907,1
45908,5
45909,5
45910,4
45911,5
45912,4
45913,2
45914,4
45915,5
45916,4
45917,0
45918,3
45919,3
45920,2
45921,0
45922,4
45923,5
45924,5
45925,4
45926,1
45927,0
45928,3
45929,4
45930,0
45931,3
45932,6
45933,5
45934,4
45935,6
45936,1
45937,6
45938,4
45939,4
45940,6
45941,3
45942,6
45943,3
45944,3
45945,2
45946,2
45947,2
45948,4
45949,5
45950,6
45951,4
45952,6
45953,3
45954,1
45955,6
45956,6
45957,0
45958,4
45959,0
45960,6
45961,3
45962,2
45963,4
45964,6
45965,5
45966,0
45967,5
45968,1
45969,0
45970,1
45971,3
45972,5
45973,2
45974,6
45975,5
45976,4
45977,1
45978,2
45979,2
45980,2
45981,1
45982,1
45983,4
45984,5
45985,0
45986,2
45987,4
45988,1
45989,6
45990,1
45991,0
45992,1
45993,4
45994,3
45995,3
45996,5
45997,1
45998,3
45999,3
46000,1
46001,4
46002,1
46003,4
46004,1
46005,1
46006,4
46007,4
46008,4
46009,0
46010,3
46011,5
46012,2
46013,2
46014,4
46015,2
46016,2
46017,4
46018,1
46019,4
46020,1
46021,1
46022,6
46023,6
46024,5
46025,1
46026,1
46027,6
46028,2
46029,2
46030,3
46031,6
46032,2
46033,5
46034,4
46035,4
46036,1
46037,3
46038,6
46039,2
46040,0
46041,1
46042,3
46043,5
46044,4
46045,3
46046,4
46047,1
46048,4
46049,4
46050,0
46051,5
46052,0
46053,6
46054,5
46055,4
46056,6
46057,3
46058,4
46059,5
46060,4
46061,4
46062,6
46063,0
46064,5
46065,5
46066,3
46067,5
46068,2
46069,5
46070,6
46071,5
46072,1
46073,5
46074,3
46075,5
46076,5
46077,4
46078,6
46079,6
46080,6
46081,6
46082,5
46083,4
46084,1
46085,4
46086,1
46087,4
46088,3
46089,5
46090,3
46091,5
46092,4
46093,6
46094,2
46095,1
46096,1
46097,5
46098,3
46099,6
46100,2
46101,3
46102,3
46103,3
46104,6
46105,2
46106,1
46107,1
46108,1
46109,4
46110,1
46111,5
46112,0
46113,3
46114,3
46115,5
46116,1
46117,3
46118,1
46119,1
46120,6
46121,1
46122,5
46123,3
46124,0
46125,1
46126,1
46127,3
46128,5
46129,5
46130,4
46131,5
46132,5
46133,0
46134,0
46135,5
46136,3
46137,1
46138,6
46139,6
46140,3
46141,4
46142,6
46143,0
46144,5
46145,4
46146,2
46147,2
46148,3
46149,1
46150,6
46151,6
46152,4
46153,6
46154,6
46155,4
46156,0
46157,5
46158,1
46159,2
46160,4
46161,0
46162,0
46163,0
46164,2
46165,1
46166,1
46167,6
46168,3
46169,2
46170,1
46171,1
46172,1
46173,6
46174,2
46175,1
46176,1
46177,1
46178,0
46179,4
46180,3
46181,5
46182,6
46183,2
46184,6
46185,1
46186,1
46187,1
46188,5
46189,4
46190,6
46191,1
46192,1
46193,6
46194,1
46195,1
46196,6
46197,6
46198,0
46199,4
46200,0
46201,1
46202,5
46203,6
46204,5
46205,6
46206,5
46207,1
46208,6
46209,1
46210,6
46211,6
46212,5
46213,2
46214,5
46215,1
46216,2
46217,6
46218,5
46219,0
46220,5
46221,2
46222,4
46223,1
46224,1
46225,4
46226,1
46227,6
46228,6
46229,1
46230,1
46231,2
46232,5
46233,6
46234,4
46235,4
46236,5
46237,3
46238,2
46239,3
46240,1
46241,6
46242,2
46243,5
46244,0
46245,3
46246,1
46247,5
46248,4
46249,6
46250,2
46251,1
46252,6
46253,6
46254,6
46255,1
46256,1
46257,5
46258,1
46259,4
46260,4
46261,4
46262,1
46263,3
46264,1
46265,0
46266,5
46267,1
46268,1
46269,6
46270,1
46271,1
46272,4
46273,6
46274,1
46275,6
46276,5
46277,2
46278,4
46279,1
46280,3
46281,4
46282,5
46283,2
46284,5
46285,6
46286,4
46287,6
46288,4
46289,5
46290,5
46291,0
46292,3
46293,2
46294,3
46295,6
46296,0
46297,6
46298,1
46299,4
46300,1
46301,3
46302,0
46303,1
46304,1
46305,4
46306,4
46307,1
46308,3
46309,5
46310,6
46311,0
46312,1
46313,5
46314,1
46315,0
46316,5
46317,6
46318,1
46319,0
46320,2
46321,2
46322,3
46323,4
46324,2
46325,0
46326,6
46327,4
46328,1
46329,6
46330,4
46331,1
46332,5
46333,4
46334,5
46335,2
46336,1
46337,5
46338,1
46339,6
46340,1
46341,4
46342,3
46343,3
46344,5
46345,4
46346,4
46347,5
46348,4
46349,2
46350,1
46351,4
46352,0
46353,5
46354,2
46355,3
46356,6
46357,5
46358,6
46359,6
46360,0
46361,3
46362,6
46363,4
46364,1
46365,2
46366,6
46367,3
46368,1
46369,3
46370,1
46371,3
46372,5
46373,5
46374,6
46375,6
46376,1
46377,4
46378,3
46379,1
46380,0
46381,6
46382,3
46383,5
46384,6
46385,4
46386,6
46387,6
46388,5
46389,2
46390,5
46391,0
46392,5
46393,6
46394,2
46395,1
46396,1
46397,6
46398,5
46399,5
46400,6
46401,6
46402,6
46403,2
46404,3
46405,3
46406,1
46407,6
46408,5
46409,5
46410,6
46411,6
46412,6
46413,4
46414,4
46415,4
46416,5
46417,0
46418,0
46419,3
46420,6
46421,4
46422,3
46423,2
46424,6
46425,3
46426,0
46427,1
46428,3
46429,6
46430,1
46431,3
46432,1
46433,1
46434,3
46435,4
46436,3
46437,2
46438,3
46439,3
46440,4
46441,5
46442,2
46443,4
46444,1
46445,1
46446,1
46447,1
46448,6
46449,6
46450,4
46451,2
46452,4
46453,6
46454,0
46455,2
46456,5
46457,4
46458,6
46459,6
46460,6
46461,1
46462,3
46463,5
46464,5
46465,5
46466,0
46467,3
46468,3
46469,2
46470,6
46471,1
46472,4
46473,3
46474,3
46475,5
46476,2
46477,2
46478,2
46479,6
46480,6
46481,3
46482,4
46483,2
46484,1
46485,0
46486,3
46487,5
46488,5
46489,0
46490,4
46491,4
46492,1
46493,0
46494,4
46495,6
46496,4
46497,2
46498,3
46499,5
46500,1
46501,5
46502,0
46503,6
46504,4
46505,6
46506,6
46507,2
46508,3
46509,4
46510,0
46511,4
46512,3
46513,1
46514,1
46515,0
46516,0
46517,1
46518,3
46519,1
46520,6
46521,4
46522,1
46523,1
46524,2
46525,3
46526,4
46527,1
46528,0
46529,4
46530,6
46531,0
46532,2
46533,3
46534,2
46535,1
46536,2
46537,1
46538,0
46539,2
46540,3
46541,0
46542,4
46543,1
46544,0
46545,3
46546,0
46547,2
46548,6
46549,1
46550,6
46551,6
46552,5
46553,4
46554,1
46555,0
46556,4
46557,4
46558,6
46559,5
46560,5
46561,1
46562,3
46563,6
46564,1
46565,6
46566,5
46567,2
46568,4
46569,6
46570,1
46571,4
46572,3
46573,0
46574,4
46575,1
46576,1
46577,2
46578,4
46579,0
46580,5
46581,5
46582,1
46583,5
46584,5
46585,6
46586,5
46587,6
46588,5
46589,4
46590,5
46591,6
46592,2
46593,0
46594,4
46595,3
46596,6
46597,4
46598,1
46599,3
46600,5
46601,6
46602,3
46603,3
46604,6
46605,0
46606,4
46607,6
46608,2
46609,4
46610,2
46611,2
46612,3
46613,1
46614,0
46615,6
46616,6
46617,5
46618,3
46619,1
46620,3
46621,1
46622,4
46623,6
46624,5
46625,4
46626,1
46627,5
46628,5
46629,0
46630,6
46631,6
46632,5
46633,0
46634,3
46635,6
46636,4
46637,3
46638,4
46639,2
46640,6
46641,5
46642,1
46643,1
46644,5
46645,1
46646,0
46647,3
46648,3
46649,4
46650,2
46651,1
46652,5
46653,2
46654,0
46655,2
46656,1
46657,1
46658,6
46659,2
46660,6
46661,6
46662,5
46663,5
46664,5
46665,0
46666,2
46667,5
46668,4
46669,6
46670,6
46671,1
46672,5
46673,3
46674,3
46675,5
46676,6
46677,4
46678,3
46679,6
46680,4
46681,6
46682,1
46683,6
46684,1
46685,5
46686,4
46687,5
46688,1
46689,1
46690,1
46691,0
46692,3
46693,6
46694,2
46695,1
46696,0
46697,6
46698,4
46699,4
46700,4
46701,5
46702,4
46703,4
46704,6
46705,0
46706,5
46707,6
46708,6
46709,5
46710,0
46711,2
46712,5
46713,5
46714,2
46715,2
46716,5
46717,0
46718,4
46719,6
46720,6
46721,3
46722,6
46723,2
46724,5
46725,5
46726,1
46727,5
46728,1
46729,6
46730,1
46731,3
46732,3
46733,5
46734,4
46735,2
46736,4
46737,4
46738,2
46739,2
46740,2
46741,6
46742,0
46743,6
46744,0
46745,2
46746,0
46747,1
46748,4
46749,1
46750,2
46751,6
46752,6
46753,3
46754,5
46755,2
46756,3
46757,4
46758,6
46759,6
46760,2
46761,3
46762,5
46763,6
46764,4
46765,5
46766,2
46767,0
46768,1
46769,2
46770,5
46771,4
46772,1
46773,6
46774,2
46775,6
46776,5
46777,5
46778,6
46779,4
46780,3
46781,6
46782,4
46783,4
46784,6
46785,2
46786,0
46787,1
46788,3
46789,4
46790,4
46791,0
46792,4
46793,4
46794,5
46795,4
46796,1
46797,6
46798,6
46799,4
46800,4
46801,1
46802,2
46803,1
46804,3
46805,3
46806,1
46807,6
46808,2
46809,5
46810,0
46811,6
46812,1
46813,3
46814,5
46815,6
46816,4
46817,5
46818,2
46819,4
46820,5
46821,2
46822,3
46823,2
46824,2
46825,4
46826,3
46827,4
46828,2
46829,4
46830,2
46831,5
46832,6
46833,5
46834,0
46835,6
46836,6
46837,4
46838,0
46839,3
46840,5
46841,4
46842,5
46843,6
46844,6
46845,3
46846,2
46847,3
46848,6
46849,1
46850,4
46851,6
46852,3
46853,1
46854,6
46855,5
46856,4
46857,2
46858,6
46859,3
46860,1
46861,0
46862,1
46863,6
46864,4
46865,1
46866,1
46867,1
46868,1
46869,6
46870,5
46871,1
46872,5
46873,6
46874,4
46875,1
46876,6
46877,2
46878,3
46879,5
46880,3
46881,4
46882,4
46883,1
46884,4
46885,3
46886,3
46887,5
46888,6
46889,1
46890,6
46891,2
46892,5
46893,6
46894,1
46895,0
46896,5
46897,2
46898,2
46899,1
46900,5
46901,5
46902,3
46903,6
46904,1
46905,2
46906,1
46907,4
46908,3
46909,1
46910,1
46911,6
46912,6
46913,6
46914,4
46915,5
46916,4
46917,3
46918,3
46919,5
46920,5
46921,6
46922,1
46923,1
46924,1
46925,6
46926,5
46927,3
46928,0
46929,1
46930,1
46931,4
46932,4
46933,0
46934,5
46935,0
46936,3
46937,5
46938,0
46939,1
46940,1
46941,4
46942,5
46943,3
46944,5
46945,3
46946,4
46947,1
46948,1
46949,3
46950,3
46951,3
46952,3
46953,4
46954,0
46955,2
46956,1
46957,1
46958,1
46959,3
46960,1
46961,5
46962,5
46963,1
46964,5
46965,0
46966,3
46967,4
46968,4
46969,4
46970,4
46971,5
46972,1
46973,1
46974,3
46975,0
46976,5
46977,1
46978,4
46979,4
46980,4
46981,2
46982,5
46983,1
46984,1
46985,5
46986,2
46987,4
46988,1
46989,1
46990,1
46991,1
46992,3
46993,3
46994,6
46995,6
46996,0
46997,5
46998,6
46999,4
47000,6
47001,2
47002,4
47003,4
47004,1
47005,1
47006,4
47007,6
47008,2
47009,5
47010,2
47011,2
47012,2
47013,5
47014,0
47015,4
47016,4
47017,0
47018,1
47019,1
47020,1
47021,4
47022,1
47023,0
47024,6
47025,3
47026,2
47027,0
47028,5
47029,6
47030,2
47031,4
47032,2
47033,0
47034,6
47035,6
47036,1
47037,5
47038,2
47039,6
47040,1
47041,2
47042,1
47043,1
47044,6
47045,3
47046,5
47047,2
47048,3
47049,5
47050,2
47051,6
47052,4
47053,5
47054,1
47055,4
47056,5
47057,4
47058,2
47059,4
47060,1
47061,5
47062,1
47063,4
47064,0
47065,1
47066,1
47067,0
47068,4
47069,2
47070,1
47071,4
47072,0
47073,6
47074,1
47075,4
47076,4
47077,5
47078,1
47079,6
47080,4
47081,4
47082,3
47083,6
47084,1
47085,5
47086,3
47087,6
47088,5
47089,0
47090,4
47091,4
47092,1
47093,1
47094,5
47095,3
47096,3
47097,3
47098,5
47099,1
47100,0
47101,1
47102,1
47103,1
47104,5
47105,1
47106,1
47107,4
47108,4
47109,0
47110,4
47111,6
47112,6
47113,6
47114,2
47115,5
47116,6
47117,2
47118,5
47119,1
47120,0
47121,4
47122,3
47123,3
47124,4
47125,5
47126,1
47127,4
47128,4
47129,4
47130,2
47131,4
47132,4
47133,6
47134,1
47135,4
47136,5
47137,3
47138,1
47139,6
47140,0
47141,4
47142,2
47143,5
47144,4
47145,1
47146,1
47147,4
47148,2
47149,6
47150,5
47151,1
47152,0
47153,1
47154,0
47155,4
47156,2
47157,1
47158,1
47159,5
47160,1
47161,4
47162,2
47163,6
47164,4
47165,6
47166,4
47167,5
47168,3
47169,3
47170,3
47171,1
47172,6
47173,6
47174,0
47175,3
47176,4
47177,4
47178,2
47179,2
47180,3
47181,5
47182,3
47183,6
47184,3
47185,4
47186,1
47187,6
47188,0
47189,5
47190,3
47191,3
47192,3
47193,6
47194,4
47195,0
47196,6
47197,4
47198,5
47199,4
47200,6
47201,1
47202,1
47203,5
47204,6
47205,6
47206,6
47207,2
47208,3
47209,6
47210,6
47211,0
47212,4
47213,5
47214,5
47215,4
47216,1
47217,1
47218,3
47219,4
47220,2
47221,4
47222,0
47223,5
47224,1
47225,4
47226,1
47227,2
47228,5
47229,3
47230,2
47231,2
47232,5
47233,0
47234,6
47235,6
47236,6
47237,1
47238,6
47239,1
47240,1
47241,4
47242,5
47243,5
47244,2
47245,6
47246,3
47247,2
47248,5
47249,5
47250,2
47251,6
47252,6
47253,1
47254,5
47255,2
47256,5
47257,6
47258,2
47259,5
47260,1
47261,6
47262,5
47263,4
47264,1
47265,1
47266,3
47267,1
47268,6
47269,1
47270,0
47271,5
47272,6
47273,1
47274,3
47275,1
47276,1
47277,2
47278,6
47279,1
47280,3
47281,3
47282,2
47283,6
47284,2
47285,6
47286,6
47287,6
47288,5
47289,4
47290,3
47291,2
47292,0
47293,2
47294,6
47295,0
47296,6
47297,0
47298,4
47299,2
47300,5
47301,6
47302,6
47303,5
47304,3
47305,0
47306,5
47307,6
47308,1
47309,5
47310,1
47311,2
47312,1
47313,5
47314,4
47315,4
47316,4
47317,5
47318,3
47319,6
47320,1
47321,1
47322,4
47323,1
47324,4
47325,1
47326,2
47327,1
47328,0
47329,5
47330,3
47331,2
47332,5
47333,0
47334,3
47335,0
47336,1
47337,1
47338,4
47339,3
47340,0
47341,1
47342,0
47343,6
47344,4
47345,1
47346,6
47347,5
47348,1
47349,3
47350,1
47351,5
47352,1
47353,2
47354,5
47355,4
47356,0
47357,6
47358,4
47359,1
47360,1
47361,5
47362,3
47363,0
47364,4
47365,3
47366,1
47367,1
47368,0
47369,6
47370,5
47371,5
47372,3
47373,4
47374,6
47375,3
47376,5
47377,3
47378,0
47379,1
47380,6
47381,6
47382,6
47383,3
47384,5
47385,1
47386,2
47387,1
47388,4
47389,2
47390,6
47391,2
47392,1
47393,1
47394,4
47395,6
47396,1
47397,1
47398,0
47399,1
47400,6
47401,0
47402,6
47403,3
47404,1
47405,1
47406,4
47407,1
47408,2
47409,4
47410,4
47411,5
47412,5
47413,3
47414,2
47415,6
47416,1
47417,1
47418,4
47419,6
47420,2
47421,2
47422,5
47423,6
47424,3
47425,2
47426,1
47427,5
47428,5
47429,4
47430,6
47431,6
47432,5
47433,4
47434,3
47435,2
47436,4
47437,5
47438,2
47439,5
47440,1
47441,6
47442,4
47443,1
47444,0
47445,6
47446,3
47447,3
47448,0
47449,5
47450,6
47451,4
47452,5
47453,4
47454,5
47455,4
47456,3
47457,6
47458,5
47459,6
47460,4
47461,1
47462,4
47463,2
47464,3
47465,4
47466,6
47467,4
47468,2
47469,6
47470,5
47471,4
47472,1
47473,0
47474,4
47475,2
47476,1
47477,6
47478,4
47479,4
47480,5
47481,6
47482,4
47483,3
47484,4
47485,3
47486,2
47487,5
47488,6
47489,2
47490,1
47491,3
47492,1
47493,6
47494,2
47495,5
47496,4
47497,4
47498,4
47499,5
47500,3
47501,2
47502,1
47503,0
47504,3
47505,1
47506,6
47507,4
47508,3
47509,5
47510,5
47511,4
47512,1
47513,3
47514,3
47515,5
47516,6
47517,5
47518,3
47519,5
47520,3
47521,1
47522,4
47523,1
47524,1
47525,4
47526,1
47527,5
47528,5
47529,5
47530,5
47531,4
47532,5
47533,1
47534,0
47535,5
47536,5
47537,3
47538,1
47539,6
47540,0
47541,1
47542,3
47543,0
47544,6
47545,5
47546,3
47547,6
47548,1
47549,4
47550,6
47551,4
47552,6
47553,0
47554,6
47555,1
47556,5
47557,2
47558,5
47559,3
47560,1
47561,6
47562,5
47563,0
47564,2
47565,2
47566,1
47567,1
47568,2
47569,6
47570,0
47571,3
47572,6
47573,4
47574,1
47575,1
47576,5
47577,6
47578,6
47579,6
47580,3
47581,5
47582,6
47583,5
47584,6
47585,5
47586,6
47587,6
47588,4
47589,3
47590,1
47591,0
47592,1
47593,1
47594,5
47595,1
47596,0
47597,0
47598,2
47599,6
47600,6
47601,4
47602,0
47603,2
47604,3
47605,4
47606,2
47607,3
47608,5
47609,6
47610,5
47611,2
47612,4
47613,4
47614,5
47615,0
47616,3
47617,0
47618,4
47619,2
47620,6
47621,4
47622,3
47623,4
47624,5
47625,6
47626,1
47627,6
47628,1
47629,2
47630,3
47631,1
47632,3
47633,2
47634,3
47635,5
47636,6
47637,5
47638,1
47639,4
47640,0
47641,0
47642,1
47643,2
47644,5
47645,4
47646,0
47647,0
47648,4
47649,0
47650,6
47651,5
47652,5
47653,4
47654,3
47655,1
47656,5
47657,2
47658,3
47659,6
47660,6
47661,2
47662,6
47663,0
47664,6
47665,5
47666,6
47667,3
47668,4
47669,1
47670,6
47671,4
47672,2
47673,0
47674,5
47675,2
47676,4
47677,6
47678,1
47679,1
47680,4
47681,4
47682,4
47683,2
47684,1
47685,4
47686,1
47687,4
47688,1
47689,6
47690,6
47691,6
47692,6
47693,6
47694,2
47695,6
47696,2
47697,5
47698,1
47699,0
47700,6
47701,3
47702,1
47703,6
47704,4
47705,4
47706,3
47707,0
47708,5
47709,3
47710,0
47711,4
47712,0
47713,6
47714,4
47715,1
47716,1
47717,1
47718,6
47719,4
47720,1
47721,4
47722,1
47723,3
47724,0
47725,5
47726,5
47727,5
47728,3
47729,4
47730,0
47731,3
47732,6
47733,4
47734,5
47735,6
47736,2
47737,2
47738,5
47739,2
47740,6
47741,4
47742,0
47743,5
47744,3
47745,1
47746,0
47747,5
47748,1
47749,6
47750,4
47751,2
47752,3
47753,4
47754,3
47755,5
47756,3
47757,4
47758,4
47759,4
47760,6
47761,6
47762,5
47763,3
47764,4
47765,1
47766,3
47767,2
47768,5
47769,6
47770,1
47771,2
47772,5
47773,1
47774,2
47775,6
47776,6
47777,4
47778,0
47779,5
47780,2
47781,2
47782,2
47783,2
47784,5
47785,1
47786,1
47787,3
47788,1
47789,6
47790,3
47791,3
47792,3
47793,4
47794,5
47795,3
47796,1
47797,2
47798,4
47799,5
47800,0
47801,6
47802,0
47803,5
47804,6
47805,5
47806,3
47807,5
47808,3
47809,1
47810,1
47811,6
47812,1
47813,2
47814,4
47815,5
47816,3
47817,4
47818,1
47819,1
47820,5
47821,5
47822,0
47823,5
47824,5
47825,5
47826,1
47827,4
47828,6
47829,3
47830,1
47831,5
47832,5
47833,5
47834,5
47835,2
47836,6
47837,3
47838,3
47839,3
47840,2
47841,6
47842,1
47843,2
47844,1
47845,0
47846,4
47847,5
47848,4
47849,3
47850,1
47851,4
47852,1
47853,6
47854,2
47855,2
47856,5
47857,4
47858,6
47859,1
47860,0
47861,2
47862,6
47863,4
47864,6
47865,3
47866,4
47867,1
47868,2
47869,6
47870,2
47871,1
47872,3
47873,2
47874,6
47875,6
47876,6
47877,2
47878,5
47879,1
47880,1
47881,6
47882,4
47883,1
47884,6
47885,4
47886,6
47887,6
47888,6
47889,6
47890,2
47891,6
47892,2
47893,1
47894,1
47895,5
47896,0
47897,0
47898,3
47899,6
47900,2
47901,1
47902,6
47903,4
47904,2
47905,3
47906,5
47907,5
47908,6
47909,1
47910,5
47911,5
47912,4
47913,6
47914,4
47915,4
47916,1
47917,0
47918,1
47919,2
47920,2
47921,1
47922,6
47923,4
47924,6
47925,2
47926,1
47927,5
47928,0
47929,0
47930,0
47931,5
47932,0
47933,3
47934,6
47935,1
47936,6
47937,2
47938,1
47939,1
47940,4
47941,4
47942,1
47943,6
47944,2
47945,1
47946,2
47947,3
47948,4
47949,4
47950,1
47951,3
47952,0
47953,4
47954,5
47955,1
47956,5
47957,2
47958,3
47959,0
47960,5
47961,4
47962,0
47963,3
47964,5
47965,1
47966,5
47967,5
47968,0
47969,4
47970,4
47971,0
47972,6
47973,1
47974,0
47975,1
47976,6
47977,5
47978,2
47979,2
47980,4
47981,5
47982,1
47983,3
47984,3
47985,5
47986,0
47987,3
47988,1
47989,6
47990,6
47991,0
47992,2
47993,6
47994,6
47995,5
47996,0
47997,4
47998,1
47999,6
48000,5
48001,1
48002,6
48003,1
48004,2
48005,1
48006,4
48007,0
48008,3
48009,4
48010,5
48011,4
48012,1
48013,0
48014,6
48015,4
48016,1
48017,1
48018,6
48019,1
48020,4
48021,3
48022,4
48023,6
48024,5
48025,1
48026,4
48027,4
48028,1
48029,3
48030,5
48031,6
48032,1
48033,1
48034,3
48035,5
48036,5
48037,6
48038,4
48039,3
48040,1
48041,6
48042,4
48043,5
48044,6
48045,3
48046,3
48047,0
48048,5
48049,4
48050,4
48051,1
48052,3
48053,4
48054,1
48055,0
48056,6
48057,6
48058,2
48059,6
48060,4
48061,4
48062,3
48063,6
48064,6
48065,2
48066,4
48067,3
48068,1
48069,5
48070,4
48071,2
48072,1
48073,0
48074,4
48075,4
48076,4
48077,2
48078,6
48079,4
48080,2
48081,4
48082,3
48083,5
48084,2
48085,1
48086,0
48087,1
48088,6
48089,6
48090,4
48091,5
48092,2
48093,3
48094,1
48095,2
48096,6
48097,6
48098,3
48099,4
48100,5
48101,0
48102,5
48103,5
48104,3
48105,1
48106,3
48107,1
48108,5
48109,2
48110,6
48111,3
48112,0
48113,2
48114,1
48115,3
48116,0
48117,0
48118,1
48119,1
48120,5
48121,6
48122,3
48123,4
48124,3
48125,5
48126,3
48127,6
48128,4
48129,1
48130,0
48131,5
48132,4
48133,4
48134,1
48135,5
48136,4
48137,5
48138,6
48139,5
48140,1
48141,6
48142,4
48143,3
48144,5
48145,4
48146,6
48147,0
48148,3
48149,4
48150,5
48151,1
48152,2
48153,5
48154,3
48155,1
48156,4
48157,6
48158,0
48159,1
48160,1
48161,5
48162,3
48163,4
48164,3
48165,4
48166,5
48167,1
48168,6
48169,1
48170,0
48171,6
48172,4
48173,1
48174,0
48175,6
48176,4
48177,2
48178,5
48179,5
48180,3
48181,4
48182,1
48183,6
48184,4
48185,1
48186,1
48187,0
48188,4
48189,4
48190,5
48191,1
48192,1
48193,6
48194,3
48195,2
48196,2
48197,2
48198,6
48199,6
48200,3
48201,3
48202,5
48203,5
48204,3
48205,1
48206,0
48207,4
48208,2
48209,3
48210,4
48211,0
48212,4
48213,5
48214,6
48215,1
48216,5
48217,3
48218,2
48219,4
48220,4
48221,6
48222,2
48223,1
48224,4
48225,6
48226,3
48227,4
48228,3
48229,5
48230,1
48231,5
48232,3
48233,1
48234,0
48235,5
48236,6
48237,6
48238,6
48239,6
48240,3
48241,4
48242,4
48243,3
48244,3
48245,3
48246,4
48247,5
48248,1
48249,2
48250,1
48251,4
48252,0
48253,3
48254,2
48255,4
48256,1
48257,2
48258,2
48259,2
48260,5
48261,5
48262,4
48263,4
48264,0
48265,5
48266,0
48267,1
48268,1
48269,2
48270,1
48271,0
48272,0
48273,2
48274,3
48275,4
48276,0
48277,6
48278,2
48279,4
48280,4
48281,6
48282,6
48283,3
48284,6
48285,2
48286,4
48287,6
48288,5
48289,6
48290,4
48291,0
48292,3
48293,6
48294,5
48295,2
48296,0
48297,1
48298,5
48299,3
48300,3
48301,5
48302,6
48303,5
48304,2
48305,1
48306,4
48307,5
48308,2
48309,2
48310,3
48311,3
48312,5
48313,4
48314,1
48315,5
48316,5
48317,0
48318,6
48319,4
48320,2
48321,4
48322,3
48323,5
48324,4
48325,5
48326,1
48327,4
48328,5
48329,1
48330,0
48331,1
48332,1
48333,6
48334,4
48335,0
48336,6
48337,1
48338,3
48339,1
48340,4
48341,0
48342,6
48343,6
48344,0
48345,5
48346,6
48347,1
48348,6
48349,4
48350,4
48351,0
48352,6
48353,1
48354,1
48355,4
48356,2
48357,6
48358,5
48359,3
48360,0
48361,3
48362,5
48363,4
48364,5
48365,4
48366,3
48367,1
48368,5
48369,0
48370,1
48371,2
48372,5
48373,4
48374,2
48375,0
48376,4
48377,4
48378,3
48379,6
48380,5
48381,4
48382,4
48383,2
48384,4
48385,1
48386,0
48387,5
48388,4
48389,5
48390,4
48391,4
48392,1
48393,6
48394,6
48395,3
48396,4
48397,0
48398,0
48399,5
48400,6
48401,6
48402,5
48403,1
48404,1
48405,4
48406,5
48407,1
48408,3
48409,4
48410,1
48411,3
48412,5
48413,4
48414,2
48415,4
48416,6
48417,0
48418,4
48419,3
48420,1
48421,2
48422,3
48423,2
48424,1
48425,1
48426,1
48427,4
48428,2
48429,4
48430,4
48431,4
48432,6
48433,3
48434,4
48435,4
48436,6
48437,6
48438,3
48439,5
48440,6
48441,1
48442,0
48443,2
48444,4
48445,0
48446,3
48447,3
48448,2
48449,4
48450,3
48451,4
48452,1
48453,2
48454,3
48455,3
48456,5
48457,4
48458,4
48459,4
48460,6
48461,0
48462,4
48463,1
48464,1
48465,5
48466,5
48467,5
48468,5
48469,4
48470,2
48471,0
48472,1
48473,6
48474,1
48475,6
48476,3
48477,6
48478,1
48479,4
48480,4
48481,3
48482,1
48483,4
48484,4
48485,6
48486,1
48487,1
48488,3
48489,4
48490,3
48491,4
48492,3
48493,2
48494,1
48495,1
48496,4
48497,1
48498,1
48499,2
48500,3
48501,1
48502,5
48503,4
48504,4
48505,5
48506,1
48507,1
48508,4
48509,0
48510,1
48511,5
48512,6
48513,4
48514,1
48515,6
48516,1
48517,3
48518,3
48519,2
48520,3
48521,6
48522,3
48523,1
48524,3
48525,4
48526,6
48527,5
48528,1
48529,0
48530,6
48531,3
48532,6
48533,6
48534,6
48535,6
48536,5
48537,4
48538,2
48539,2
48540,5
48541,3
48542,5
48543,3
48544,3
48545,1
48546,6
48547,2
48548,6
48549,5
48550,6
48551,5
48552,3
48553,2
48554,3
48555,5
48556,1
48557,4
48558,6
48559,5
48560,5
48561,1
48562,0
48563,2
48564,0
48565,1
48566,0
48567,6
48568,4
48569,0
48570,1
48571,5
48572,4
48573,1
48574,2
48575,6
48576,0
48577,1
48578,4
48579,5
48580,5
48581,4
48582,5
48583,3
48584,0
48585,3
48586,6
48587,6
48588,5
48589,2
48590,5
48591,4
48592,3
48593,6
48594,6
48595,5
48596,3
48597,2
48598,0
48599,5
48600,1
48601,6
48602,1
48603,3
48604,4
48605,0
48606,6
48607,6
48608,5
48609,6
48610,4
48611,1
48612,4
48613,2
48614,2
48615,1
48616,5
48617,3
48618,3
48619,3
48620,5
48621,5
48622,1
48623,3
48624,1
48625,4
48626,5
48627,5
48628,6
48629,5
48630,5
48631,5
48632,6
48633,1
48634,1
48635,1
48636,2
48637,2
48638,3
48639,1
48640,1
48641,0
48642,6
48643,5
48644,2
48645,1
48646,6
48647,1
48648,6
48649,1
48650,3
48651,6
48652,1
48653,1
48654,2
48655,3
48656,3
48657,6
48658,2
48659,1
48660,3
48661,5
48662,6
48663,1
48664,6
48665,5
48666,6
48667,4
48668,3
48669,6
48670,0
48671,3
48672,1
48673,6
48674,4
48675,2
48676,5
48677,6
48678,5
48679,0
48680,3
48681,2
48682,5
48683,1
48684,4
48685,0
48686,1
48687,6
48688,1
48689,4
48690,4
48691,1
48692,5
48693,4
48694,5
48695,2
48696,1
48697,1
48698,1
48699,0
48700,0
48701,2
48702,2
48703,4
48704,2
48705,0
48706,4
48707,3
48708,5
48709,4
48710,4
48711,3
48712,2
48713,5
48714,1
48715,5
48716,5
48717,5
48718,4
48719,3
48720,0
48721,3
48722,6
48723,1
48724,6
48725,5
48726,3
48727,5
48728,4
48729,1
48730,5
48731,2
48732,1
48733,2
48734,3
48735,4
48736,2
48737,6
48738,1
48739,5
48740,2
48741,6
48742,3
48743,4
48744,5
48745,2
48746,5
48747,0
48748,4
48749,1
48750,3
48751,4
48752,0
48753,2
48754,1
48755,4
48756,6
48757,1
48758,5
48759,3
48760,0
48761,4
48762,5
48763,1
48764,2
48765,5
48766,4
48767,2
48768,3
48769,1
48770,0
48771,6
48772,4
48773,5
48774,5
48775,3
48776,4
48777,6
48778,1
48779,6
48780,0
48781,5
48782,2
48783,4
48784,4
48785,2
48786,2
48787,1
48788,6
48789,3
48790,6
48791,5
48792,1
48793,4
48794,1
48795,6
48796,2
48797,2
48798,4
48799,5
48800,3
48801,1
48802,1
48803,4
48804,6
48805,5
48806,6
48807,3
48808,3
48809,2
48810,4
48811,3
48812,6
48813,4
48814,0
48815,6
48816,5
48817,3
48818,4
48819,2
48820,0
48821,4
48822,6
48823,3
48824,4
48825,5
48826,3
48827,6
48828,4
48829,4
48830,6
48831,6
48832,3
48833,4
48834,0
48835,0
48836,6
48837,0
48838,1
48839,0
48840,4
48841,0
48842,0
48843,4
48844,6
48845,3
48846,0
48847,1
48848,0
48849,5
48850,6
48851,6
48852,3
48853,3
48854,3
48855,0
48856,2
48857,1
48858,4
48859,6
48860,6
48861,6
48862,6
48863,4
48864,6
48865,3
48866,2
48867,4
48868,6
48869,5
48870,0
48871,6
48872,1
48873,1
48874,0
48875,1
48876,2
48877,1
48878,0
48879,6
48880,3
48881,4
48882,5
48883,1
48884,3
48885,1
48886,5
48887,3
48888,2
48889,0
48890,5
48891,0
48892,5
48893,1
48894,5
48895,5
48896,5
48897,3
48898,6
48899,1
48900,0
48901,6
48902,6
48903,2
48904,4
48905,0
48906,2
48907,3
48908,5
48909,4
48910,3
48911,3
48912,0
48913,3
48914,5
48915,3
48916,5
48917,2
48918,1
48919,1
48920,6
48921,1
48922,3
48923,3
48924,4
48925,2
48926,5
48927,4
48928,1
48929,0
48930,3
48931,5
48932,6
48933,4
48934,2
48935,6
48936,0
48937,2
48938,6
48939,4
48940,4
48941,0
48942,4
48943,6
48944,5
48945,1
48946,1
48947,2
48948,1
48949,0
48950,3
48951,3
48952,6
48953,5
48954,1
48955,3
48956,1
48957,3
48958,5
48959,0
48960,2
48961,2
48962,6
48963,1
48964,3
48965,6
48966,6
48967,1
48968,1
48969,1
48970,4
48971,3
48972,5
48973,2
48974,3
48975,4
48976,4
48977,4
48978,2
48979,6
48980,2
48981,1
48982,5
48983,4
48984,5
48985,3
48986,4
48987,5
48988,6
48989,3
48990,2
48991,6
48992,3
48993,1
48994,5
48995,5
48996,0
48997,6
48998,3
48999,6
49000,4
49001,3
49002,1
49003,5
49004,3
49005,4
49006,0
49007,1
49008,6
49009,1
49010,6
49011,3
49012,4
49013,5
49014,1
49015,3
49016,2
49017,6
49018,3
49019,0
49020,5
49021,6
49022,6
49023,0
49024,1
49025,0
49026,5
49027,5
49028,4
49029,5
49030,2
49031,4
49032,4
49033,5
49034,3
49035,5
49036,6
49037,6
49038,4
49039,1
49040,3
49041,5
49042,5
49043,6
49044,3
49045,3
49046,6
49047,6
49048,3
49049,4
49050,6
49051,5
49052,6
49053,3
49054,1
49055,6
49056,6
49057,3
49058,5
49059,3
49060,0
49061,4
49062,2
49063,3
49064,2
49065,4
49066,3
49067,4
49068,4
49069,3
49070,3
49071,5
49072,1
49073,2
49074,1
49075,6
49076,0
49077,2
49078,1
49079,0
49080,3
49081,5
49082,4
49083,6
49084,3
49085,5
49086,0
49087,1
49088,4
49089,3
49090,6
49091,4
49092,4
49093,2
49094,5
49095,6
49096,5
49097,0
49098,2
49099,6
49100,4
49101,3
49102,1
49103,4
49104,3
49105,3
49106,1
49107,0
49108,6
49109,1
49110,3
49111,4
49112,1
49113,6
49114,2
49115,5
49116,0
49117,3
49118,5
49119,3
49120,0
49121,1
49122,3
49123,5
49124,2
49125,4
49126,0
49127,0
49128,4
49129,4
49130,2
49131,1
49132,1
49133,0
49134,6
49135,1
49136,5
49137,4
49138,5
49139,3
49140,1
49141,6
49142,3
49143,1
49144,1
49145,2
49146,3
49147,6
49148,0
49149,6
49150,0
49151,5
49152,6
49153,3
49154,6
49155,3
49156,0
49157,5
49158,5
49159,4
49160,4
49161,2
49162,4
49163,5
49164,0
49165,4
49166,6
49167,6
49168,4
49169,5
49170,0
49171,3
49172,4
49173,1
49174,6
49175,5
49176,6
49177,0
49178,1
49179,1
49180,6
49181,5
49182,1
49183,4
49184,3
49185,4
49186,3
49187,1
49188,5
49189,3
49190,6
49191,5
49192,4
49193,5
49194,3
49195,6
49196,3
49197,6
49198,2
49199,5
49200,0
49201,1
49202,1
49203,6
49204,2
49205,6
49206,3
49207,3
49208,4
49209,4
49210,1
49211,1
49212,4
49213,4
49214,3
49215,4
49216,5
49217,1
49218,2
49219,6
49220,4
49221,5
49222,1
49223,1
49224,0
49225,2
49226,5
49227,3
49228,6
49229,5
49230,1
49231,1
49232,4
49233,6
49234,5
49235,4
49236,5
49237,4
49238,4
49239,2
49240,1
49241,1
49242,4
49243,3
49244,6
49245,6
49246,4
49247,1
49248,0
49249,5
49250,5
49251,5
49252,4
49253,6
49254,5
49255,4
49256,4
49257,6
49258,4
49259,4
49260,1
49261,6
49262,3
49263,0
49264,5
49265,6
49266,3
49267,4
49268,1
49269,1
49270,5
49271,4
49272,6
49273,6
49274,3
49275,0
49276,1
49277,5
49278,4
49279,1
49280,5
49281,3
49282,5
49283,5
49284,4
49285,1
49286,1
49287,6
49288,4
49289,6
49290,5
49291,3
49292,2
49293,5
49294,4
49295,4
49296,5
49297,0
49298,1
49299,1
49300,6
49301,1
49302,4
49303,6
49304,5
49305,3
49306,5
49307,1
49308,1
49309,1
49310,0
49311,3
49312,0
49313,6
49314,5
49315,2
49316,2
49317,4
49318,6
49319,2
49320,6
49321,4
49322,6
49323,2
49324,6
49325,5
49326,5
49327,3
49328,5
49329,5
49330,3
49331,3
49332,2
49333,6
49334,2
49335,1
49336,4
49337,4
49338,2
49339,6
49340,2
49341,4
49342,1
49343,4
49344,0
49345,5
49346,6
49347,2
49348,2
49349,1
49350,3
49351,2
49352,1
49353,1
49354,6
49355,2
49356,1
49357,4
49358,5
49359,3
49360,3
49361,5
49362,2
49363,4
49364,0
49365,1
49366,2
49367,1
49368,2
49369,5
49370,0
49371,4
49372,4
49373,5
49374,1
49375,0
49376,3
49377,1
49378,1
49379,4
49380,3
49381,5
49382,2
49383,6
49384,2
49385,5
49386,4
49387,6
49388,3
49389,6
49390,5
49391,5
49392,4
49393,5
49394,4
49395,0
49396,1
49397,3
49398,1
49399,1
49400,0
49401,5
49402,6
49403,5
49404,5
49405,1
49406,5
49407,4
49408,1
49409,2
49410,2
49411,1
49412,6
49413,5
49414,4
49415,0
49416,0
49417,5
49418,4
49419,4
49420,2
49421,6
49422,6
49423,1
49424,5
49425,6
49426,5
49427,5
49428,3
49429,4
49430,1
49431,5
49432,6
49433,4
49434,1
49435,5
49436,5
49437,5
49438,5
49439,3
49440,4
49441,5
49442,4
49443,2
49444,6
49445,4
49446,1
49447,6
49448,5
49449,5
49450,6
49451,2
49452,6
49453,1
49454,4
49455,6
49456,6
49457,6
49458,2
49459,2
49460,6
49461,5
49462,1
49463,6
49464,4
49465,2
49466,1
49467,1
49468,1
49469,5
49470,2
49471,5
49472,4
49473,1
49474,5
49475,1
49476,5
49477,5
49478,0
49479,1
49480,1
49481,4
49482,1
49483,3
49484,5
49485,2
49486,6
49487,4
49488,1
49489,5
49490,6
49491,0
49492,3
49493,5
49494,6
49495,4
49496,5
49497,5
49498,4
49499,6
49500,6
49501,5
49502,2
49503,0
49504,2
49505,5
49506,5
49507,1
49508,2
49509,1
49510,3
49511,2
49512,5
49513,1
49514,0
49515,6
49516,1
49517,2
49518,2
49519,4
49520,4
49521,2
49522,0
49523,1
49524,3
49525,4
49526,6
49527,3
49528,0
49529,4
49530,4
49531,6
49532,3
49533,4
49534,4
49535,6
49536,3
49537,4
49538,6
49539,3
49540,2
49541,5
49542,2
49543,5
49544,5
49545,1
49546,4
49547,3
49548,2
49549,1
49550,1
49551,3
49552,4
49553,3
49554,6
49555,6
49556,4
49557,2
49558,5
49559,3
49560,5
49561,1
49562,4
49563,0
49564,4
49565,2
49566,4
49567,4
49568,4
49569,5
49570,6
49571,3
49572,4
49573,0
49574,1
49575,1
49576,3
49577,1
49578,4
49579,4
49580,3
49581,4
49582,6
49583,1
49584,4
49585,0
49586,6
49587,3
49588,4
49589,5
49590,0
49591,2
49592,1
49593,5
49594,3
49595,2
49596,3
49597,3
49598,1
49599,3
49600,1
49601,2
49602,1
49603,1
49604,4
49605,5
49606,2
49607,5
49608,1
49609,5
49610,1
49611,5
49612,5
49613,1
49614,1
49615,6
49616,4
49617,2
49618,1
49619,3
49620,1
49621,3
49622,4
49623,0
49624,3
49625,5
49626,6
49627,3
49628,4
49629,1
49630,5
49631,3
49632,0
49633,2
49634,6
49635,0
49636,6
49637,4
49638,1
49639,0
49640,5
49641,2
49642,0
49643,4
49644,6
49645,0
49646,4
49647,5
49648,4
49649,4
49650,5
49651,4
49652,1
49653,2
49654,4
49655,5
49656,6
49657,6
49658,4
49659,3
49660,1
49661,6
49662,4
49663,5
49664,5
49665,3
49666,1
49667,5
49668,0
49669,6
49670,1
49671,0
49672,2
49673,5
49674,1
49675,3
49676,1
49677,3
49678,1
49679,1
49680,1
49681,1
49682,4
49683,5
49684,1
49685,1
49686,0
49687,6
49688,5
49689,6
49690,4
49691,1
49692,5
49693,1
49694,2
49695,1
49696,0
49697,6
49698,6
49699,2
49700,3
49701,1
49702,1
49703,1
49704,4
49705,4
49706,1
49707,4
49708,4
49709,2
49710,3
49711,4
49712,2
49713,4
49714,6
49715,3
49716,5
49717,0
49718,1
49719,2
49720,0
49721,5
49722,3
49723,1
49724,0
49725,3
49726,6
49727,1
49728,2
49729,1
49730,0
49731,3
49732,2
49733,2
49734,6
49735,3
49736,6
49737,4
49738,1
49739,2
49740,3
49741,6
49742,1
49743,6
49744,5
49745,0
49746,2
49747,5
49748,4
49749,4
49750,2
49751,4
49752,0
49753,4
49754,1
49755,5
49756,3
49757,6
49758,5
49759,6
49760,5
49761,4
49762,3
49763,5
49764,0
49765,0
49766,0
49767,6
49768,6
49769,4
49770,1
49771,3
49772,1
49773,6
49774,1
49775,1
49776,3
49777,3
49778,1
49779,4
49780,4
49781,5
49782,5
49783,1
49784,1
49785,2
49786,1
49787,2
49788,2
49789,3
49790,1
49791,3
49792,5
49793,5
49794,0
49795,6
49796,2
49797,4
49798,1
49799,1
49800,3
49801,6
49802,2
49803,2
49804,1
49805,3
49806,6
49807,3
49808,6
49809,2
49810,5
49811,0
49812,3
49813,3
49814,3
49815,4
49816,0
49817,4
49818,0
49819,4
49820,3
49821,6
49822,4
49823,5
49824,1
49825,3
49826,4
49827,6
49828,1
49829,4
49830,5
49831,6
49832,1
49833,1
49834,4
49835,1
49836,0
49837,3
49838,4
49839,3
49840,1
49841,4
49842,1
49843,1
49844,1
49845,4
49846,3
49847,4
49848,3
49849,1
49850,0
49851,3
49852,0
49853,5
49854,6
49855,6
49856,3
49857,1
49858,4
49859,6
49860,2
49861,6
49862,4
49863,4
49864,5
49865,1
49866,3
49867,3
49868,3
49869,3
49870,6
49871,6
49872,0
49873,2
49874,4
49875,2
49876,6
49877,5
49878,1
49879,5
49880,4
49881,1
49882,0
49883,1
49884,4
49885,1
49886,3
49887,1
49888,5
49889,0
49890,1
49891,1
49892,3
49893,2
49894,1
49895,6
49896,5
49897,1
49898,4
49899,6
49900,1
49901,5
49902,4
49903,4
49904,6
49905,6
49906,6
49907,6
49908,6
49909,3
49910,1
49911,6
49912,0
49913,6
49914,2
49915,5
49916,5
49917,6
49918,5
49919,5
49920,2
49921,6
49922,2
49923,1
49924,4
49925,3
49926,6
49927,5
49928,5
49929,1
49930,4
49931,3
49932,2
49933,4
49934,4
49935,3
49936,5
49937,3
49938,3
49939,6
49940,2
49941,4
49942,1
49943,4
49944,4
49945,1
49946,1
49947,4
49948,3
49949,3
49950,3
49951,5
49952,1
49953,4
49954,6
49955,6
49956,5
49957,1
49958,3
49959,5
49960,6
49961,6
49962,4
49963,1
49964,1
49965,5
49966,5
49967,4
49968,0
49969,6
49970,1
49971,4
49972,2
49973,4
49974,6
49975,3
49976,2
49977,5
49978,5
49979,4
49980,2
49981,4
49982,2
49983,0
49984,6
49985,3
49986,1
49987,4
49988,0
49989,4
49990,1
49991,5
49992,3
49993,1
49994,4
49995,1
49996,6
49997,4
49998,3
49999,6
50000,6
50001,0
50002,1
50003,6
50004,4
50005,3
50006,6
50007,6
50008,0
50009,5
50010,5
50011,1
50012,1
50013,0
50014,6
50015,1
50016,6
50017,6
50018,0
50019,2
50020,2
50021,1
50022,2
50023,3
50024,1
50025,2
50026,5
50027,3
50028,2
50029,1
50030,5
50031,5
50032,2
50033,5
50034,3
50035,5
50036,4
50037,0
50038,3
50039,4
50040,5
50041,1
50042,5
50043,1
50044,5
50045,5
50046,6
50047,6
50048,1
50049,6
50050,4
50051,4
50052,1
50053,0
50054,3
50055,4
50056,1
50057,4
50058,1
50059,2
50060,4
50061,6
50062,4
50063,5
50064,1
50065,1
50066,6
50067,1
50068,1
50069,4
50070,4
50071,6
50072,3
50073,1
50074,6
50075,0
50076,6
50077,4
50078,3
50079,1
50080,5
50081,6
50082,5
50083,6
50084,1
50085,1
50086,4
50087,1
50088,2
50089,6
50090,3
50091,4
50092,4
50093,1
50094,6
50095,4
50096,1
50097,4
50098,0
50099,2
50100,3
50101,1
50102,6
50103,5
50104,6
50105,2
50106,5
50107,4
50108,3
50109,4
50110,4
50111,4
50112,0
50113,4
50114,4
50115,6
50116,6
50117,5
50118,4
50119,3
50120,1
50121,3
50122,5
50123,2
50124,1
50125,5
50126,5
50127,5
50128,5
50129,0
50130,5
50131,5
50132,1
50133,1
50134,4
50135,6
50136,5
50137,2
50138,6
50139,3
50140,3
50141,4
50142,5
50143,5
50144,5
50145,3
50146,5
50147,5
50148,4
50149,5
50150,4
50151,0
50152,5
50153,6
50154,4
50155,3
50156,1
50157,1
50158,4
50159,2
50160,3
50161,0
50162,5
50163,1
50164,6
50165,6
50166,2
50167,3
50168,4
50169,2
50170,1
50171,1
50172,2
50173,4
50174,1
50175,2
50176,6
50177,2
50178,6
50179,3
50180,5
50181,1
50182,4
50183,5
50184,1
50185,6
50186,5
50187,1
50188,2
50189,2
50190,0
50191,6
50192,0
50193,2
50194,6
50195,0
50196,6
50197,1
50198,1
50199,1
50200,1
50201,4
50202,4
50203,3
50204,5
50205,5
50206,5
50207,1
50208,5
50209,5
50210,0
50211,4
50212,4
50213,4
50214,5
50215,2
50216,2
50217,4
50218,5
50219,6
50220,3
50221,1
50222,6
50223,0
50224,3
50225,3
50226,5
50227,1
50228,5
50229,6
50230,2
50231,4
50232,6
50233,2
50234,6
50235,2
50236,3
50237,2
50238,0
50239,6
50240,6
50241,6
50242,4
50243,1
50244,4
50245,4
50246,4
50247,6
50248,0
50249,4
50250,1
50251,5
50252,1
50253,6
50254,0
50255,6
50256,6
50257,3
50258,2
50259,2
50260,1
50261,6
50262,6
50263,1
50264,0
50265,5
50266,0
50267,5
50268,6
50269,4
50270,5
50271,2
50272,6
50273,0
50274,6
50275,4
50276,0
50277,1
50278,6
50279,5
50280,5
50281,4
50282,0
50283,2
50284,3
50285,2
50286,1
50287,4
50288,6
50289,5
50290,6
50291,4
50292,0
50293,1
50294,6
50295,2
50296,5
50297,6
50298,2
50299,5
50300,3
50301,3
50302,1
50303,5
50304,5
50305,5
50306,1
50307,3
50308,6
50309,5
50310,2
50311,4
50312,6
50313,0
50314,4
50315,3
50316,1
50317,0
50318,0
50319,5
50320,0
50321,1
50322,4
50323,0
50324,6
50325,5
50326,5
50327,3
50328,3
50329,3
50330,1
50331,6
50332,1
50333,5
50334,1
50335,6
50336,5
50337,3
50338,0
50339,6
50340,5
50341,1
50342,0
50343,5
50344,6
50345,5
50346,1
50347,0
50348,4
50349,5
50350,3
50351,4
50352,1
50353,5
50354,6
50355,5
50356,2
50357,5
50358,1
50359,0
50360,1
50361,4
50362,3
50363,5
50364,4
50365,4
50366,1
50367,1
50368,2
50369,1
50370,4
50371,3
50372,0
50373,2
50374,6
50375,4
50376,1
50377,4
50378,0
50379,4
50380,5
50381,4
50382,3
50383,4
50384,4
50385,3
50386,1
50387,6
50388,3
50389,3
50390,6
50391,4
50392,3
50393,4
50394,3
50395,3
50396,6
50397,0
50398,5
50399,4
50400,0
50401,1
50402,4
50403,2
50404,4
50405,1
50406,3
50407,0
50408,6
50409,6
50410,1
50411,3
50412,1
50413,6
50414,1
50415,3
50416,5
50417,2
50418,0
50419,0
50420,6
50421,5
50422,2
50423,0
50424,5
50425,6
50426,6
50427,4
50428,0
50429,4
50430,0
50431,0
50432,1
50433,1
50434,5
50435,5
50436,5
50437,4
50438,2
50439,1
50440,2
50441,4
50442,3
50443,5
50444,0
50445,5
50446,4
50447,0
50448,1
50449,6
50450,3
50451,6
50452,4
50453,1
50454,4
50455,5
50456,3
50457,5
50458,4
50459,4
50460,6
50461,6
50462,4
50463,4
50464,2
50465,5
50466,4
50467,5
50468,0
50469,1
50470,5
50471,4
50472,4
50473,5
50474,2
50475,6
50476,5
50477,4
50478,6
50479,4
50480,5
50481,4
50482,1
50483,6
50484,3
50485,6
50486,3
50487,3
50488,5
50489,0
50490,0
50491,6
50492,1
50493,1
50494,3
50495,1
50496,0
50497,0
50498,4
50499,6
50500,6
50501,6
50502,3
50503,5
50504,3
50505,4
50506,0
50507,3
50508,5
50509,6
50510,3
50511,3
50512,2
50513,3
50514,1
50515,2
50516,4
50517,1
50518,1
50519,4
50520,5
50521,4
50522,6
50523,1
50524,2
50525,5
50526,3
50527,2
50528,3
50529,1
50530,5
50531,5
50532,6
50533,2
50534,1
50535,6
50536,2
50537,1
50538,1
50539,3
50540,4
50541,2
50542,1
50543,2
50544,1
50545,2
50546,5
50547,2
50548,1
50549,1
50550,2
50551,2
50552,4
50553,0
50554,6
50555,5
50556,0
50557,3
50558,4
50559,3
50560,4
50561,5
50562,1
50563,1
50564,6
50565,2
50566,5
50567,4
50568,2
50569,3
50570,5
50571,6
50572,4
50573,1
50574,3
50575,4
50576,5
50577,6
50578,4
50579,5
50580,3
50581,5
50582,0
50583,4
50584,0
50585,6
50586,1
50587,2
50588,5
50589,6
50590,6
50591,5
50592,3
50593,2
50594,5
50595,4
50596,6
50597,2
50598,5
50599,2
50600,0
50601,6
50602,1
50603,4
50604,4
50605,0
50606,3
50607,2
50608,5
50609,3
50610,6
50611,0
50612,5
50613,0
50614,6
50615,4
50616,6
50617,6
50618,2
50619,3
50620,4
50621,6
50622,6
50623,5
50624,6
50625,1
50626,1
50627,3
50628,2
50629,0
50630,0
50631,4
50632,6
50633,4
50634,1
50635,1
50636,4
50637,5
50638,4
50639,1
50640,2
50641,5
50642,0
50643,5
50644,1
50645,1
50646,3
50647,4
50648,1
50649,4
50650,3
50651,2
50652,5
50653,2
50654,0
50655,5
50656,5
50657,2
50658,5
50659,0
50660,4
50661,6
50662,2
50663,2
50664,4
50665,2
50666,4
50667,6
50668,1
50669,6
50670,1
50671,5
50672,2
50673,5
50674,6
50675,1
50676,4
50677,2
50678,5
50679,6
50680,6
50681,6
50682,1
50683,2
50684,2
50685,6
50686,4
50687,6
50688,2
50689,2
50690,5
50691,2
50692,6
50693,6
50694,3
50695,0
50696,6
50697,6
50698,5
50699,3
50700,5
50701,1
50702,5
50703,1
50704,5
50705,1
50706,1
50707,5
50708,3
50709,1
50710,0
50711,5
50712,6
50713,5
50714,3
50715,0
50716,3
50717,0
50718,5
50719,2
50720,4
50721,4
50722,3
50723,6
50724,3
50725,1
50726,4
50727,1
50728,2
50729,3
50730,4
50731,1
50732,1
50733,3
50734,6
50735,4
50736,5
50737,1
50738,5
50739,5
50740,1
50741,1
50742,3
50743,1
50744,5
50745,3
50746,0
50747,0
50748,5
50749,4
50750,6
50751,3
50752,4
50753,2
50754,1
50755,4
50756,2
50757,6
50758,4
50759,4
50760,5
50761,0
50762,1
50763,0
50764,5
50765,1
50766,6
50767,4
50768,1
50769,6
50770,4
50771,6
50772,0
50773,6
50774,1
50775,6
50776,3
50777,3
50778,1
50779,4
50780,5
50781,4
50782,5
50783,5
50784,4
50785,1
50786,4
50787,5
50788,4
50789,2
50790,1
50791,0
50792,3
50793,3
50794,4
50795,3
50796,1
50797,6
50798,6
50799,4
50800,2
50801,0
50802,5
50803,5
50804,6
50805,4
50806,3
50807,0
50808,1
50809,6
50810,3
50811,5
50812,4
50813,1
50814,4
50815,4
50816,1
50817,1
50818,4
50819,6
50820,2
50821,4
50822,0
50823,6
50824,5
50825,4
50826,4
50827,1
50828,4
50829,6
50830,2
50831,4
50832,3
50833,6
50834,2
50835,1
50836,1
50837,2
50838,4
50839,2
50840,1
50841,5
50842,6
50843,5
50844,4
50845,3
50846,6
50847,0
50848,3
50849,1
50850,2
50851,5
50852,0
50853,2
50854,5
50855,6
50856,6
50857,4
50858,1
50859,1
50860,3
50861,4
50862,5
50863,3
50864,0
50865,5
50866,2
50867,6
50868,5
50869,5
50870,6
50871,3
50872,4
50873,6
50874,6
50875,0
50876,6
50877,0
50878,5
50879,4
50880,2
50881,6
50882,0
50883,3
50884,4
50885,1
50886,6
50887,6
50888,0
50889,3
50890,6
50891,6
50892,5
50893,3
50894,4
50895,6
50896,0
50897,5
50898,0
50899,1
50900,5
50901,4
50902,5
50903,1
50904,4
50905,1
50906,4
50907,3
50908,3
50909,6
50910,1
50911,1
50912,5
50913,4
50914,1
50915,4
50916,4
50917,3
50918,0
50919,5
50920,6
50921,5
50922,4
50923,1
50924,0
50925,2
50926,5
50927,2
50928,0
50929,5
50930,5
50931,4
50932,2
50933,1
50934,3
50935,3
50936,1
50937,5
50938,0
50939,3
50940,3
50941,5
50942,2
50943,6
50944,5
50945,2
50946,5
50947,5
50948,2
50949,6
50950,1
50951,3
50952,5
50953,5
50954,2
50955,3
50956,4
50957,3
50958,2
50959,2
50960,5
50961,1
50962,3
50963,3
50964,4
50965,5
50966,6
50967,0
50968,6
50969,5
50970,3
50971,4
50972,4
50973,6
50974,6
50975,1
50976,5
50977,3
50978,5
50979,3
50980,3
50981,2
50982,6
50983,2
50984,1
50985,4
50986,5
50987,1
50988,5
50989,4
50990,1
50991,6
50992,4
50993,5
50994,3
50995,2
50996,0
50997,1
50998,3
50999,2
51000,3
51001,6
51002,4
51003,6
51004,4
51005,5
51006,4
51007,6
51008,1
51009,0
51010,6
51011,5
51012,4
51013,5
51014,0
51015,6
51016,3
51017,2
51018,1
51019,6
51020,0
51021,1
51022,2
51023,4
51024,2
51025,3
51026,1
51027,4
51028,6
51029,6
51030,4
51031,4
51032,3
51033,2
51034,2
51035,6
51036,1
51037,6
51038,3
51039,5
51040,3
51041,2
51042,3
51043,6
51044,1
51045,6
51046,5
51047,5
51048,5
51049,5
51050,4
51051,4
51052,6
51053,3
51054,3
51055,6
51056,0
51057,5
51058,2
51059,5
51060,3
51061,5
51062,0
51063,5
51064,0
51065,5
51066,6
51067,5
51068,6
51069,3
51070,4
51071,2
51072,1
51073,1
51074,0
51075,2
51076,6
51077,0
51078,6
51079,1
51080,3
51081,2
51082,3
51083,6
51084,6
51085,4
51086,1
51087,2
51088,0
51089,3
51090,2
51091,5
51092,6
51093,5
51094,0
51095,0
51096,6
51097,5
51098,4
51099,3
51100,3
51101,1
51102,1
51103,3
51104,6
51105,5
51106,2
51107,5
51108,1
51109,3
51110,4
51111,5
51112,1
51113,5
51114,6
51115,2
51116,0
51117,0
51118,6
51119,2
51120,0
51121,5
51122,5
51123,4
51124,6
51125,4
51126,0
51127,6
51128,5
51129,1
51130,4
51131,6
51132,4
51133,4
51134,0
51135,0
51136,3
51137,3
51138,5
51139,6
51140,6
51141,0
51142,5
51143,6
51144,0
51145,1
51146,1
51147,5
51148,5
51149,4
51150,2
51151,1
51152,5
51153,1
51154,4
51155,2
51156,0
51157,3
51158,3
51159,1
51160,4
51161,5
51162,1
51163,3
51164,1
51165,5
51166,0
51167,1
51168,6
51169,6
51170,2
51171,1
51172,3
51173,6
51174,4
51175,6
51176,3
51177,1
51178,6
51179,3
51180,0
51181,2
51182,1
51183,6
51184,6
51185,2
51186,2
51187,1
51188,5
51189,4
51190,5
51191,2
51192,3
51193,5
51194,4
51195,6
51196,5
51197,1
51198,2
51199,1
51200,4
51201,5
51202,5
51203,1
51204,6
51205,3
51206,5
51207,1
51208,6
51209,5
51210,3
51211,6
51212,6
51213,5
51214,4
51215,6
51216,3
51217,6
51218,5
51219,5
51220,3
51221,3
51222,1
51223,5
51224,4
51225,1
51226,0
51227,3
51228,1
51229,4
51230,4
51231,3
51232,6
51233,0
51234,1
51235,5
51236,1
51237,0
51238,4
51239,6
51240,2
51241,4
51242,1
51243,3
51244,5
51245,4
51246,1
51247,4
51248,4
51249,2
51250,3
51251,6
51252,1
51253,2
51254,1
51255,1
51256,5
51257,2
51258,5
51259,3
51260,2
51261,4
51262,2
51263,4
51264,3
51265,3
51266,4
51267,6
51268,6
51269,3
51270,3
51271,0
51272,3
51273,1
51274,6
51275,0
51276,6
51277,1
51278,1
51279,6
51280,0
51281,6
51282,0
51283,1
51284,1
51285,3
51286,3
51287,4
51288,6
51289,4
51290,4
51291,1
51292,4
51293,5
51294,2
51295,5
51296,1
51297,5
51298,5
51299,1
51300,5
51301,1
51302,4
51303,6
51304,2
51305,6
51306,4
51307,5
51308,4
51309,2
51310,3
51311,4
51312,6
51313,5
51314,3
51315,0
51316,3
51317,3
51318,3
51319,0
51320,1
51321,1
51322,4
51323,1
51324,3
51325,6
51326,6
51327,2
51328,6
51329,5
51330,0
51331,1
51332,6
51333,1
51334,1
51335,4
51336,6
51337,4
51338,2
51339,5
51340,1
51341,6
51342,6
51343,3
51344,1
51345,2
51346,4
51347,2
51348,3
51349,0
51350,4
51351,4
51352,0
51353,4
51354,5
51355,1
51356,1
51357,2
51358,3
51359,6
51360,4
51361,0
51362,6
51363,6
51364,4
51365,4
51366,0
51367,5
51368,2
51369,2
51370,6
51371,4
51372,2
51373,1
51374,3
51375,3
51376,5
51377,6
51378,4
51379,0
51380,0
51381,6
51382,3
51383,4
51384,1
51385,2
51386,1
51387,3
51388,0
51389,6
51390,0
51391,1
51392,1
51393,6
51394,4
51395,6
51396,1
51397,3
51398,1
51399,4
51400,3
51401,3
51402,3
51403,3
51404,2
51405,1
51406,6
51407,3
51408,3
51409,1
51410,4
51411,6
51412,6
51413,4
51414,5
51415,3
51416,1
51417,2
51418,1
51419,4
51420,4
51421,5
51422,5
51423,4
51424,2
51425,3
51426,4
51427,5
51428,4
51429,6
51430,1
51431,6
51432,3
51433,1
51434,1
51435,5
51436,1
51437,4
51438,4
51439,5
51440,5
51441,5
51442,5
51443,1
51444,5
51445,1
51446,5
51447,1
51448,4
51449,5
51450,2
51451,4
51452,6
51453,2
51454,6
51455,3
51456,5
51457,1
51458,1
51459,5
51460,6
51461,4
51462,4
51463,0
51464,6
51465,0
51466,1
51467,5
51468,4
51469,6
51470,1
51471,4
51472,6
51473,5
51474,5
51475,4
51476,1
51477,4
51478,3
51479,5
51480,6
51481,6
51482,6
51483,1
51484,3
51485,4
51486,5
51487,2
51488,1
51489,1
51490,0
51491,6
51492,6
51493,0
51494,5
51495,4
51496,4
51497,1
51498,3
51499,6
51500,1
51501,4
51502,3
51503,6
51504,2
51505,5
51506,3
51507,0
51508,3
51509,5
51510,6
51511,4
51512,2
51513,3
51514,2
51515,3
51516,5
51517,1
51518,3
51519,4
51520,6
51521,2
51522,4
51523,4
51524,1
51525,4
51526,3
51527,1
51528,4
51529,4
51530,5
51531,2
51532,4
51533,6
51534,4
51535,3
51536,3
51537,6
51538,5
51539,3
51540,1
51541,2
51542,6
51543,5
51544,0
51545,1
51546,6
51547,1
51548,2
51549,4
51550,5
51551,2
51552,4
51553,1
51554,3
51555,0
51556,1
51557,5
51558,5
51559,4
51560,4
51561,2
51562,6
51563,0
51564,0
51565,6
51566,4
51567,1
51568,6
51569,6
51570,5
51571,1
51572,5
51573,4
51574,3
51575,1
51576,3
51577,2
51578,4
51579,4
51580,5
51581,3
51582,3
51583,1
51584,0
51585,5
51586,0
51587,6
51588,4
51589,6
51590,1
51591,4
51592,2
51593,4
51594,4
51595,5
51596,6
51597,0
51598,5
51599,4
51600,5
51601,6
51602,5
51603,3
51604,6
51605,1
51606,2
51607,6
51608,1
51609,6
51610,3
51611,6
51612,1
51613,1
51614,6
51615,4
51616,1
51617,5
51618,1
51619,6
51620,5
51621,5
51622,5
51623,6
51624,3
51625,1
51626,2
51627,5
51628,5
51629,6
51630,6
51631,2
51632,5
51633,6
51634,1
51635,5
51636,6
51637,0
51638,3
51639,4
51640,3
51641,2
51642,1
51643,4
51644,2
51645,0
51646,3
51647,3
51648,2
51649,5
51650,6
51651,1
51652,5
51653,4
51654,0
51655,2
51656,4
51657,6
51658,4
51659,3
51660,1
51661,6
51662,1
51663,0
51664,4
51665,6
51666,3
51667,1
51668,5
51669,0
51670,4
51671,6
51672,3
51673,4
51674,4
51675,1
51676,6
51677,4
51678,4
51679,5
51680,1
51681,5
51682,4
51683,4
51684,5
51685,6
51686,6
51687,3
51688,1
51689,3
51690,1
51691,4
51692,4
51693,6
51694,6
51695,3
51696,5
51697,6
51698,5
51699,1
51700,2
51701,0
51702,2
51703,6
51704,4
51705,4
51706,5
51707,5
51708,2
51709,2
51710,3
51711,6
51712,3
51713,1
51714,4
51715,1
51716,5
51717,5
51718,0
51719,6
51720,1
51721,2
51722,0
51723,4
51724,3
51725,1
51726,5
51727,1
51728,4
51729,0
51730,0
51731,4
51732,6
51733,5
51734,3
51735,4
51736,0
51737,5
51738,4
51739,6
51740,0
51741,6
51742,1
51743,4
51744,2
51745,2
51746,2
51747,1
51748,5
51749,5
51750,4
51751,4
51752,6
51753,4
51754,3
51755,1
51756,5
51757,4
51758,5
51759,4
51760,3
51761,4
51762,5
51763,0
51764,1
51765,6
51766,6
51767,5
51768,0
51769,0
51770,4
51771,3
51772,6
51773,3
51774,6
51775,5
51776,4
51777,5
51778,5
51779,6
51780,4
51781,1
51782,5
51783,1
51784,1
51785,4
51786,3
51787,1
51788,4
51789,6
51790,2
51791,1
51792,1
51793,3
51794,6
51795,3
51796,6
51797,6
51798,0
51799,6
51800,0
51801,3
51802,6
51803,1
51804,6
51805,1
51806,3
51807,6
51808,3
51809,5
51810,1
51811,5
51812,4
51813,6
51814,3
51815,6
51816,0
51817,3
51818,0
51819,6
51820,3
51821,3
51822,4
51823,0
51824,1
51825,1
51826,1
51827,0
51828,2
51829,1
51830,4
51831,3
51832,3
51833,5
51834,5
51835,4
51836,1
51837,6
51838,3
51839,3
51840,4
51841,5
51842,1
51843,3
51844,6
51845,3
51846,5
51847,5
51848,1
51849,2
51850,2
51851,4
51852,6
51853,5
51854,2
51855,1
51856,6
51857,2
51858,0
51859,6
51860,2
51861,3
51862,6
51863,6
51864,1
51865,2
51866,1
51867,6
51868,5
51869,2
51870,5
51871,3
51872,6
51873,2
51874,1
51875,6
51876,4
51877,1
51878,1
51879,4
51880,6
51881,5
51882,0
51883,0
51884,2
51885,1
51886,6
51887,1
51888,5
51889,2
51890,2
51891,6
51892,3
51893,5
51894,5
51895,5
51896,5
51897,1
51898,6
51899,4
51900,4
51901,3
51902,6
51903,6
51904,1
51905,4
51906,6
51907,2
51908,1
51909,6
51910,6
51911,6
51912,6
51913,4
51914,4
51915,6
51916,3
51917,5
51918,5
51919,1
51920,1
51921,1
51922,5
51923,2
51924,6
51925,5
51926,5
51927,0
51928,1
51929,4
51930,4
51931,3
51932,5
51933,6
51934,5
51935,4
51936,2
51937,2
51938,0
51939,4
51940,2
51941,4
51942,0
51943,4
51944,3
51945,2
51946,6
51947,1
51948,2
51949,5
51950,0
51951,1
51952,4
51953,1
51954,1
51955,6
51956,0
51957,2
51958,1
51959,2
51960,1
51961,1
51962,3
51963,4
51964,4
51965,1
51966,4
51967,6
51968,4
51969,5
51970,2
51971,5
51972,5
51973,4
51974,6
51975,5
51976,1
51977,5
51978,6
51979,1
51980,6
51981,4
51982,2
51983,4
51984,6
51985,3
51986,5
51987,4
51988,1
51989,0
51990,3
51991,6
51992,4
51993,5
51994,5
51995,0
51996,6
51997,6
51998,2
51999,4
52000,4
52001,3
52002,5
52003,4
52004,1
52005,0
52006,3
52007,6
52008,5
52009,2
52010,5
52011,4
52012,5
52013,4
52014,4
52015,4
52016,1
52017,4
52018,3
52019,4
52020,5
52021,3
52022,1
52023,0
52024,4
52025,5
52026,5
52027,5
52028,6
52029,6
52030,3
52031,1
52032,6
52033,2
52034,3
52035,5
52036,4
52037,6
52038,6
52039,5
52040,6
52041,0
52042,1
52043,6
52044,2
52045,4
52046,1
52047,2
52048,4
52049,6
52050,1
52051,2
52052,3
52053,6
52054,5
52055,3
52056,4
52057,3
52058,6
52059,4
52060,5
52061,2
52062,0
52063,1
52064,5
52065,1
52066,6
52067,6
52068,6
52069,1
52070,1
52071,1
52072,1
52073,4
52074,6
52075,3
52076,1
52077,3
52078,3
52079,6
52080,5
52081,0
52082,6
52083,0
52084,6
52085,0
52086,6
52087,4
52088,1
52089,6
52090,4
52091,1
52092,1
52093,4
52094,3
52095,6
52096,4
52097,5
52098,1
52099,1
52100,4
52101,3
52102,3
52103,2
52104,2
52105,3
52106,6
52107,2
52108,6
52109,5
52110,6
52111,5
52112,2
52113,0
52114,3
52115,5
52116,6
52117,2
52118,2
52119,1
52120,3
52121,4
52122,5
52123,3
52124,0
52125,2
52126,5
52127,0
52128,5
52129,3
52130,0
52131,1
52132,2
52133,6
52134,4
52135,2
52136,5
52137,6
52138,4
52139,4
52140,3
52141,0
52142,2
52143,6
52144,1
52145,4
52146,4
52147,6
52148,3
52149,6
52150,5
52151,4
52152,0
52153,4
52154,0
52155,3
52156,2
52157,4
52158,2
52159,0
52160,5
52161,5
52162,6
52163,1
52164,2
52165,5
52166,2
52167,4
52168,5
52169,4
52170,4
52171,3
52172,4
52173,4
52174,2
52175,4
52176,6
52177,6
52178,4
52179,0
52180,2
52181,5
52182,5
52183,2
52184,1
52185,6
52186,4
52187,1
52188,4
52189,6
52190,6
52191,1
52192,4
52193,4
52194,1
52195,2
52196,0
52197,2
52198,1
52199,4
52200,4
52201,6
52202,3
52203,4
52204,1
52205,3
52206,5
52207,3
52208,5
52209,1
52210,3
52211,6
52212,6
52213,4
52214,3
52215,4
52216,4
52217,4
52218,0
52219,1
52220,3
52221,6
52222,3
52223,1
52224,4
52225,0
52226,0
52227,0
52228,2
52229,2
52230,4
52231,4
52232,3
52233,0
52234,5
52235,4
52236,4
52237,4
52238,4
52239,5
52240,6
52241,3
52242,4
52243,6
52244,2
52245,4
52246,1
52247,3
52248,3
52249,1
52250,0
52251,3
52252,1
52253,1
52254,1
52255,1
52256,6
52257,4
52258,2
52259,5
52260,5
52261,2
52262,5
52263,6
52264,1
52265,1
52266,3
52267,4
52268,1
52269,5
52270,6
52271,0
52272,0
52273,5
52274,6
52275,4
52276,2
52277,3
52278,3
52279,6
52280,5
52281,0
52282,6
52283,6
52284,2
52285,2
52286,3
52287,3
52288,0
52289,1
52290,4
52291,3
52292,3
52293,5
52294,5
52295,1
52296,4
52297,3
52298,3
52299,5
52300,0
52301,1
52302,0
52303,1
52304,4
52305,4
52306,6
52307,4
52308,6
52309,4
52310,6
52311,3
52312,2
52313,1
52314,1
52315,4
52316,1
52317,3
52318,0
52319,3
52320,5
52321,1
52322,4
52323,6
52324,0
52325,2
52326,5
52327,6
52328,0
52329,5
52330,5
52331,4
52332,1
52333,3
52334,3
52335,6
52336,4
52337,4
52338,4
52339,2
52340,2
52341,5
52342,0
52343,5
52344,4
52345,1
52346,1
52347,6
52348,1
52349,2
52350,5
52351,1
52352,1
52353,2
52354,0
52355,5
52356,0
52357,5
52358,2
52359,4
52360,1
52361,4
52362,3
52363,4
52364,5
52365,1
52366,3
52367,3
52368,2
52369,4
52370,4
52371,2
52372,4
52373,2
52374,3
52375,6
52376,1
52377,2
52378,6
52379,6
52380,0
52381,1
52382,3
52383,2
52384,5
52385,6
52386,5
52387,6
52388,1
52389,0
52390,1
52391,2
52392,1
52393,6
52394,6
52395,5
52396,0
52397,4
52398,5
52399,6
52400,4
52401,1
52402,4
52403,6
52404,4
52405,0
52406,5
52407,1
52408,0
52409,2
52410,4
52411,4
52412,3
52413,1
52414,5
52415,4
52416,6
52417,1
52418,3
52419,0
52420,4
52421,1
52422,5
52423,0
52424,4
52425,0
52426,6
52427,4
52428,3
52429,5
52430,2
52431,1
52432,4
52433,6
52434,4
52435,1
52436,3
52437,3
52438,2
52439,4
52440,3
52441,4
52442,2
52443,0
52444,5
52445,1
52446,2
52447,6
52448,2
52449,5
52450,3
52451,3
52452,3
52453,1
52454,5
52455,1
52456,5
52457,3
52458,6
52459,1
52460,1
52461,3
52462,5
52463,4
52464,4
52465,0
52466,1
52467,5
52468,1
52469,6
52470,3
52471,3
52472,1
52473,1
52474,6
52475,4
52476,0
52477,1
52478,5
52479,1
52480,4
52481,4
52482,6
52483,6
52484,3
52485,5
52486,5
52487,2
52488,6
52489,2
52490,4
52491,0
52492,1
52493,1
52494,1
52495,0
52496,6
52497,3
52498,1
52499,4
52500,6
52501,1
52502,6
52503,5
52504,3
52505,1
52506,5
52507,5
52508,3
52509,1
52510,2
52511,3
52512,6
52513,4
52514,2
52515,0
52516,6
52517,4
52518,6
52519,5
52520,5
52521,6
52522,6
52523,2
52524,1
52525,4
52526,6
52527,2
52528,4
52529,1
52530,4
52531,2
52532,0
52533,6
52534,5
52535,1
52536,2
52537,2
52538,3
52539,6
52540,4
52541,3
52542,6
52543,6
52544,1
52545,4
52546,2
52547,5
52548,6
52549,0
52550,3
52551,6
52552,2
52553,1
52554,6
52555,2
52556,2
52557,5
52558,3
52559,4
52560,3
52561,3
52562,5
52563,5
52564,6
52565,3
52566,4
52567,6
52568,2
52569,4
52570,3
52571,4
52572,1
52573,5
52574,1
52575,3
52576,5
52577,1
52578,1
52579,6
52580,0
52581,5
52582,4
52583,4
52584,2
52585,1
52586,5
52587,5
52588,5
52589,4
52590,2
52591,3
52592,2
52593,0
52594,4
52595,5
52596,1
52597,0
52598,4
52599,6
52600,6
52601,3
52602,3
52603,0
52604,4
52605,1
52606,4
52607,5
52608,4
52609,4
52610,5
52611,5
52612,6
52613,4
52614,3
52615,5
52616,6
52617,1
52618,4
52619,5
52620,3
52621,6
52622,3
52623,0
52624,5
52625,5
52626,6
52627,5
52628,4
52629,5
52630,1
52631,3
52632,4
52633,1
52634,6
52635,1
52636,1
52637,0
52638,4
52639,2
52640,5
52641,3
52642,3
52643,6
52644,5
52645,4
52646,4
52647,1
52648,6
52649,2
52650,2
52651,4
52652,1
52653,0
52654,3
52655,1
52656,4
52657,5
52658,4
52659,3
52660,1
52661,1
52662,6
52663,2
52664,5
52665,2
52666,4
52667,6
52668,3
52669,6
52670,1
52671,4
52672,6
52673,4
52674,5
52675,2
52676,0
52677,1
52678,5
52679,6
52680,2
52681,5
52682,6
52683,0
52684,3
52685,5
52686,1
52687,4
52688,1
52689,1
52690,2
52691,4
52692,1
52693,2
52694,6
52695,5
52696,5
52697,1
52698,4
52699,4
52700,5
52701,5
52702,4
52703,1
52704,4
52705,1
52706,2
52707,3
52708,4
52709,1
52710,0
52711,2
52712,6
52713,5
52714,4
52715,4
52716,5
52717,5
52718,0
52719,6
52720,5
52721,2
52722,3
52723,4
52724,0
52725,4
52726,2
52727,5
52728,6
52729,3
52730,6
52731,4
52732,0
52733,4
52734,5
52735,1
52736,6
52737,4
52738,1
52739,6
52740,6
52741,6
52742,4
52743,1
52744,0
52745,3
52746,1
52747,4
52748,4
52749,4
52750,1
52751,6
52752,3
52753,6
52754,0
52755,2
52756,5
52757,0
52758,1
52759,3
52760,5
52761,2
52762,6
52763,4
52764,2
52765,5
52766,4
52767,3
52768,3
52769,1
52770,2
52771,6
52772,5
52773,6
52774,6
52775,1
52776,6
52777,6
52778,2
52779,3
52780,5
52781,3
52782,5
52783,1
52784,4
52785,3
52786,2
52787,1
52788,5
52789,4
52790,3
52791,4
52792,3
52793,6
52794,5
52795,5
52796,6
52797,4
52798,3
52799,3
52800,6
52801,2
52802,0
52803,4
52804,6
52805,6
52806,1
52807,0
52808,1
52809,6
52810,5
52811,1
52812,2
52813,1
52814,1
52815,6
52816,6
52817,5
52818,4
52819,4
52820,1
52821,5
52822,3
52823,1
52824,3
52825,3
52826,0
52827,6
52828,3
52829,1
52830,4
52831,5
52832,5
52833,4
52834,4
52835,2
52836,4
52837,2
52838,3
52839,0
52840,1
52841,4
52842,3
52843,4
52844,6
52845,5
52846,2
52847,1
52848,0
52849,5
52850,4
52851,6
52852,2
52853,5
52854,5
52855,1
52856,4
52857,2
52858,6
52859,6
52860,1
52861,5
52862,4
52863,4
52864,3
52865,6
52866,3
52867,4
52868,6
52869,1
52870,6
52871,5
52872,5
52873,4
52874,2
52875,1
52876,3
52877,6
52878,3
52879,1
52880,1
52881,4
52882,1
52883,5
52884,1
52885,4
52886,1
52887,5
52888,5
52889,5
52890,1
52891,5
52892,5
52893,3
52894,3
52895,1
52896,2
52897,5
52898,1
52899,6
52900,2
52901,2
52902,1
52903,4
52904,3
52905,2
52906,1
52907,1
52908,2
52909,3
52910,6
52911,1
52912,1
52913,4
52914,4
52915,0
52916,1
52917,6
52918,6
52919,0
52920,5
52921,6
52922,0
52923,0
52924,0
52925,1
52926,4
52927,2
52928,5
52929,6
52930,3
52931,4
52932,5
52933,6
52934,0
52935,0
52936,5
52937,3
52938,1
52939,1
52940,3
52941,4
52942,5
52943,1
52944,6
52945,6
52946,0
52947,5
52948,1
52949,3
52950,2
52951,6
52952,5
52953,3
52954,2
52955,1
52956,5
52957,4
52958,4
52959,3
52960,3
52961,1
52962,6
52963,0
52964,3
52965,3
52966,3
52967,3
52968,5
52969,1
52970,0
52971,0
52972,4
52973,2
52974,5
52975,6
52976,4
52977,6
52978,3
52979,3
52980,5
52981,2
52982,5
52983,3
52984,1
52985,0
52986,1
52987,5
52988,2
52989,0
52990,5
52991,3
52992,3
52993,0
52994,4
52995,4
52996,1
52997,5
52998,1
52999,3
53000,6
53001,2
53002,1
53003,1
53004,5
53005,0
53006,1
53007,6
53008,2
53009,2
53010,4
53011,1
53012,4
53013,4
53014,4
53015,1
53016,3
53017,1
53018,3
53019,5
53020,4
53021,0
53022,1
53023,5
53024,2
53025,5
53026,4
53027,1
53028,3
53029,4
53030,5
53031,4
53032,2
53033,2
53034,1
53035,4
53036,1
53037,2
53038,4
53039,6
53040,2
53041,2
53042,4
53043,3
53044,4
53045,5
53046,4
53047,1
53048,0
53049,3
53050,1
53051,5
53052,3
53053,6
53054,5
53055,2
53056,2
53057,6
53058,4
53059,4
53060,4
53061,6
53062,2
53063,1
53064,0
53065,6
53066,2
53067,3
53068,4
53069,5
53070,5
53071,0
53072,5
53073,6
53074,0
53075,3
53076,1
53077,5
53078,4
53079,4
53080,0
53081,3
53082,6
53083,2
53084,1
53085,5
53086,4
53087,4
53088,4
53089,2
53090,5
53091,6
53092,4
53093,6
53094,1
53095,4
53096,1
53097,6
53098,5
53099,6
53100,6
53101,0
53102,2
53103,5
53104,2
53105,1
53106,1
53107,4
53108,5
53109,3
53110,2
53111,6
53112,4
53113,0
53114,1
53115,1
53116,3
53117,1
53118,4
53119,6
53120,5
53121,1
53122,4
53123,0
53124,1
53125,1
53126,4
53127,6
53128,5
53129,6
53130,6
53131,6
53132,1
53133,5
53134,1
53135,3
53136,4
53137,1
53138,4
53139,5
53140,6
53141,6
53142,5
53143,6
53144,1
53145,6
53146,5
53147,6
53148,6
53149,2
53150,1
53151,5
53152,2
53153,2
53154,3
53155,5
53156,5
53157,1
53158,2
53159,0
53160,2
53161,6
53162,3
53163,4
53164,2
53165,3
53166,4
53167,0
53168,3
53169,2
53170,1
53171,0
53172,6
53173,1
53174,5
53175,2
53176,3
53177,6
53178,3
53179,4
53180,1
53181,5
53182,0
53183,3
53184,3
53185,4
53186,3
53187,2
53188,1
53189,1
53190,5
53191,3
53192,1
53193,0
53194,5
53195,3
53196,1
53197,4
53198,1
53199,2
53200,2
53201,1
53202,5
53203,5
53204,4
53205,1
53206,4
53207,4
53208,6
53209,4
53210,0
53211,5
53212,6
53213,4
53214,1
53215,4
53216,6
53217,0
53218,1
53219,0
53220,1
53221,6
53222,1
53223,4
53224,4
53225,5
53226,6
53227,1
53228,4
53229,5
53230,1
53231,2
53232,0
53233,4
53234,5
53235,2
53236,2
53237,6
53238,1
53239,2
53240,3
53241,3
53242,3
53243,6
53244,1
53245,6
53246,6
53247,1
53248,3
53249,4
53250,4
53251,3
53252,1
53253,2
53254,4
53255,1
53256,4
53257,5
53258,6
53259,0
53260,5
53261,4
53262,4
53263,2
53264,1
53265,2
53266,3
53267,5
53268,4
53269,1
53270,3
53271,3
53272,3
53273,1
53274,1
53275,5
53276,6
53277,5
53278,6
53279,4
53280,5
53281,4
53282,4
53283,1
53284,5
53285,5
53286,4
53287,6
53288,6
53289,5
53290,0
53291,6
53292,3
53293,2
53294,4
53295,2
53296,2
53297,6
53298,1
53299,6
53300,6
53301,3
53302,5
53303,2
53304,5
53305,2
53306,0
53307,5
53308,6
53309,4
53310,1
53311,1
53312,3
53313,4
53314,5
53315,5
53316,4
53317,2
53318,1
53319,2
53320,5
53321,4
53322,6
53323,2
53324,2
53325,5
53326,3
53327,5
53328,3
53329,3
53330,4
53331,5
53332,2
53333,4
53334,3
53335,0
53336,1
53337,6
53338,1
53339,5
53340,3
53341,5
53342,1
53343,1
53344,6
53345,4
53346,0
53347,3
53348,1
53349,5
53350,4
53351,0
53352,4
53353,5
53354,3
53355,1
53356,1
53357,1
53358,2
53359,1
53360,0
53361,6
53362,3
53363,5
53364,2
53365,3
53366,3
53367,6
53368,3
53369,3
53370,6
53371,2
53372,1
53373,3
53374,0
53375,0
53376,3
53377,3
53378,6
53379,6
53380,6
53381,0
53382,3
53383,3
53384,0
53385,6
53386,6
53387,4
53388,5
53389,1
53390,3
53391,4
53392,6
53393,3
53394,4
53395,6
53396,4
53397,5
53398,3
53399,5
53400,5
53401,1
53402,5
53403,1
53404,3
53405,1
53406,6
53407,1
53408,5
53409,2
53410,5
53411,4
53412,0
53413,2
53414,1
53415,4
53416,4
53417,3
53418,4
53419,5
53420,5
53421,3
53422,1
53423,4
53424,4
53425,3
53426,1
53427,0
53428,4
53429,5
53430,4
53431,2
53432,1
53433,5
53434,4
53435,1
53436,4
53437,4
53438,6
53439,0
53440,6
53441,5
53442,4
53443,6
53444,5
53445,5
53446,1
53447,5
53448,4
53449,5
53450,1
53451,5
53452,1
53453,2
53454,6
53455,5
53456,2
53457,2
53458,0
53459,2
53460,4
53461,0
53462,5
53463,3
53464,6
53465,1
53466,5
53467,2
53468,5
53469,2
53470,6
53471,2
53472,4
53473,4
53474,5
53475,5
53476,6
53477,5
53478,4
53479,3
53480,2
53481,2
53482,2
53483,1
53484,1
53485,2
53486,1
53487,5
53488,4
53489,5
53490,5
53491,1
53492,6
53493,5
53494,3
53495,6
53496,3
53497,4
53498,3
53499,5
53500,2
53501,5
53502,2
53503,1
53504,5
53505,1
53506,5
53507,1
53508,4
53509,6
53510,0
53511,5
53512,6
53513,2
53514,6
53515,1
53516,6
53517,3
53518,1
53519,1
53520,4
53521,1
53522,3
53523,2
53524,0
53525,6
53526,6
53527,3
53528,3
53529,0
53530,1
53531,1
53532,5
53533,5
53534,6
53535,6
53536,6
53537,5
53538,5
53539,4
53540,0
53541,5
53542,5
53543,3
53544,6
53545,2
53546,2
53547,1
53548,1
53549,1
53550,5
53551,3
53552,3
53553,0
53554,2
53555,6
53556,3
53557,4
53558,4
53559,0
53560,4
53561,0
53562,0
53563,1
53564,4
53565,2
53566,4
53567,4
53568,4
53569,0
53570,1
53571,1
53572,3
53573,1
53574,2
53575,5
53576,3
53577,3
53578,6
53579,4
53580,5
53581,3
53582,6
53583,4
53584,6
53585,1
53586,6
53587,6
53588,2
53589,0
53590,4
53591,6
53592,6
53593,2
53594,1
53595,2
53596,4
53597,1
53598,1
53599,2
53600,1
53601,6
53602,3
53603,1
53604,4
53605,0
53606,1
53607,2
53608,1
53609,6
53610,6
53611,1
53612,3
53613,4
53614,1
53615,1
53616,4
53617,3
53618,5
53619,1
53620,4
53621,5
53622,5
53623,1
53624,3
53625,3
53626,4
53627,0
53628,5
53629,5
53630,4
53631,4
53632,2
53633,1
53634,5
53635,3
53636,4
53637,3
53638,5
53639,6
53640,4
53641,4
53642,2
53643,5
53644,6
53645,6
53646,4
53647,1
53648,4
53649,5
53650,6
53651,3
53652,1
53653,1
53654,1
53655,5
53656,6
53657,1
53658,3
53659,2
53660,3
53661,0
53662,3
53663,5
53664,4
53665,5
53666,3
53667,0
53668,2
53669,1
53670,3
53671,6
53672,3
53673,3
53674,2
53675,4
53676,3
53677,1
53678,5
53679,4
53680,6
53681,5
53682,3
53683,2
53684,2
53685,1
53686,1
53687,4
53688,1
53689,3
53690,5
53691,2
53692,4
53693,2
53694,4
53695,5
53696,0
53697,4
53698,6
53699,1
53700,2
53701,1
53702,1
53703,4
53704,5
53705,3
53706,1
53707,5
53708,3
53709,5
53710,6
53711,6
53712,6
53713,4
53714,0
53715,4
53716,5
53717,3
53718,5
53719,3
53720,5
53721,5
53722,5
53723,6
53724,4
53725,1
53726,6
53727,5
53728,5
53729,5
53730,1
53731,0
53732,6
53733,5
53734,0
53735,4
53736,1
53737,3
53738,6
53739,6
53740,2
53741,3
53742,6
53743,6
53744,0
53745,5
53746,6
53747,2
53748,3
53749,1
53750,6
53751,5
53752,5
53753,3
53754,5
53755,5
53756,4
53757,6
53758,3
53759,6
53760,3
53761,1
53762,5
53763,6
53764,0
53765,2
53766,0
53767,5
53768,0
53769,0
53770,6
53771,5
53772,6
53773,2
53774,3
53775,6
53776,5
53777,2
53778,0
53779,6
53780,6
53781,0
53782,5
53783,1
53784,2
53785,3
53786,3
53787,1
53788,5
53789,3
53790,6
53791,3
53792,1
53793,6
53794,4
53795,1
53796,5
53797,1
53798,5
53799,5
53800,5
53801,1
53802,6
53803,6
53804,6
53805,2
53806,0
53807,5
53808,0
53809,0
53810,4
53811,1
53812,5
53813,6
53814,2
53815,1
53816,4
53817,1
53818,6
53819,6
53820,6
53821,0
53822,6
53823,6
53824,1
53825,3
53826,0
53827,3
53828,0
53829,2
53830,5
53831,1
53832,0
53833,1
53834,3
53835,2
53836,6
53837,2
53838,1
53839,4
53840,1
53841,6
53842,0
53843,0
53844,6
53845,0
53846,3
53847,2
53848,2
53849,0
53850,5
53851,6
53852,6
53853,3
53854,2
53855,3
53856,3
53857,3
53858,1
53859,1
53860,3
53861,3
53862,5
53863,5
53864,1
53865,4
53866,1
53867,6
53868,3
53869,3
53870,6
53871,2
53872,0
53873,6
53874,5
53875,5
53876,6
53877,1
53878,6
53879,3
53880,6
53881,0
53882,3
53883,0
53884,5
53885,5
53886,1
53887,2
53888,1
53889,0
53890,3
53891,1
53892,1
53893,2
53894,2
53895,0
53896,2
53897,0
53898,0
53899,5
53900,3
53901,3
53902,0
53903,4
53904,0
53905,1
53906,1
53907,3
53908,1
53909,1
53910,3
53911,1
53912,0
53913,6
53914,0
53915,3
53916,1
53917,1
53918,3
53919,2
53920,1
53921,0
53922,1
53923,3
53924,1
53925,1
53926,2
53927,3
53928,1
53929,2
53930,1
53931,0
53932,2
53933,1
53934,0
53935,1
53936,3
53937,2
53938,1
53939,1
53940,1
53941,1
53942,2
53943,0
53944,1
53945,1
53946,0
53947,3
53948,2
53949,6
53950,1
53951,3
53952,0
53953,1
53954,3
53955,3
53956,4
53957,2
53958,3
53959,0
53960,1
53961,1
53962,2
53963,2
53964,3
53965,6
53966,2
53967,1
53968,2
53969,2
53970,3
53971,0
53972,1
53973,1
53974,0
53975,6
53976,1
53977,1
53978,0
53979,5
53980,3
53981,4
53982,2
53983,2
53984,3
53985,1
53986,2
53987,3
53988,4
53989,0
53990,1
53991,3
53992,3
53993,0
53994,3
53995,1
53996,1
53997,0
53998,1
53999,3
54000,0
54001,0
54002,0
54003,3
54004,1
54005,3
54006,1
54007,3
54008,1
54009,0
54010,6
54011,3
54012,3
54013,2
54014,1
54015,1
54016,2
54017,3
54018,1
54019,0
54020,1
54021,1
54022,1
54023,3
54024,2
54025,0
54026,3
54027,3
54028,2
54029,1
54030,0
54031,1
54032,2
54033,1
54034,2
54035,1
54036,3
54037,1
54038,1
54039,2
54040,1
54041,6
54042,3
54043,3
54044,3
54045,3
54046,1
54047,2
54048,1
54049,3
54050,1
54051,3
54052,3
54053,3
54054,2
54055,0
54056,0
54057,0
54058,3
54059,3
54060,1
54061,4
54062,2
54063,0
54064,2
54065,1
54066,1
54067,2
54068,2
54069,3
54070,3
54071,0
54072,0
54073,1
54074,1
54075,1
54076,1
54077,2
54078,3
54079,3
54080,3
54081,0
54082,3
54083,1
54084,3
54085,2
54086,6
54087,4
54088,1
54089,3
54090,3
54091,3
54092,0
54093,0
54094,0
54095,1
54096,3
54097,1
54098,1
54099,3
54100,2
54101,2
54102,2
54103,3
54104,2
54105,3
54106,1
54107,1
54108,2
54109,3
54110,1
54111,3
54112,1
54113,1
54114,1
54115,2
54116,2
54117,1
54118,6
54119,1
54120,1
54121,0
54122,3
54123,0
54124,0
54125,1
54126,0
54127,0
54128,3
54129,2
54130,1
54131,4
54132,0
54133,3
54134,0
54135,3
54136,6
54137,1
54138,2
54139,2
54140,2
54141,0
54142,3
54143,0
54144,2
54145,3
54146,3
54147,2
54148,0
54149,2
54150,3
54151,1
54152,2
54153,0
54154,1
54155,3
54156,0
54157,1
54158,1
54159,2
54160,0
54161,2
54162,0
54163,2
54164,3
54165,5
54166,0
54167,3
54168,2
54169,3
54170,2
54171,6
54172,1
54173,1
54174,0
54175,1
54176,3
54177,0
54178,1
54179,1
54180,0
54181,1
54182,0
54183,6
54184,2
54185,1
54186,0
54187,1
54188,1
54189,1
54190,3
54191,6
54192,3
54193,4
54194,3
54195,2
54196,0
54197,3
54198,1
54199,3
54200,2
54201,0
54202,1
54203,1
54204,6
54205,2
54206,0
54207,2
54208,2
54209,3
54210,1
54211,1
54212,3
54213,1
54214,2
54215,3
54216,1
54217,2
54218,4
54219,0
54220,2
54221,1
54222,1
54223,3
54224,1
54225,2
54226,3
54227,1
54228,1
54229,1
54230,3
54231,1
54232,6
54233,3
54234,2
54235,0
54236,4
54237,2
54238,2
54239,1
54240,0
54241,1
54242,3
54243,1
54244,1
54245,1
54246,2
54247,1
54248,0
54249,3
54250,6
54251,1
54252,3
54253,3
54254,6
54255,3
54256,3
54257,1
54258,1
54259,2
54260,1
54261,5
54262,1
54263,0
54264,3
54265,3
54266,4
54267,3
54268,1
54269,1
54270,3
54271,1
54272,3
54273,1
54274,0
54275,1
54276,2
54277,1
54278,0
54279,2
54280,3
54281,1
54282,0
54283,3
54284,2
54285,3
54286,2
54287,3
54288,1
54289,1
54290,3
54291,1
54292,1
54293,1
54294,2
54295,0
54296,1
54297,6
54298,6
54299,1
54300,2
54301,3
54302,3
54303,3
54304,1
54305,0
54306,6
54307,0
54308,3
54309,0
54310,1
54311,0
54312,1
54313,1
54314,0
54315,2
54316,0
54317,1
54318,2
54319,1
54320,0
54321,1
54322,1
54323,2
54324,3
54325,0
54326,0
54327,1
54328,1
54329,1
54330,3
54331,1
54332,3
54333,3
54334,2
54335,2
54336,1
54337,1
54338,3
54339,1
54340,3
54341,1
54342,3
54343,2
54344,6
54345,3
54346,3
54347,5
54348,2
54349,2
54350,1
54351,0
54352,2
54353,1
54354,1
54355,3
54356,2
54357,1
54358,1
54359,0
54360,1
54361,1
54362,1
54363,3
54364,0
54365,1
54366,1
54367,1
54368,1
54369,3
54370,3
54371,1
54372,0
54373,6
54374,1
54375,2
54376,1
54377,6
54378,1
54379,1
54380,1
54381,3
54382,1
54383,0
54384,1
54385,0
54386,4
54387,1
54388,1
54389,1
54390,1
54391,0
54392,3
54393,2
54394,3
54395,1
54396,1
54397,3
54398,1
54399,6
54400,1
54401,5
54402,2
54403,1
54404,1
54405,1
54406,3
54407,1
54408,0
54409,2
54410,2
54411,1
54412,2
54413,1
54414,3
54415,0
54416,1
54417,0
54418,1
54419,2
54420,0
54421,0
54422,3
54423,1
54424,2
54425,4
54426,2
54427,6
54428,0
54429,1
54430,2
54431,1
54432,1
54433,3
54434,1
54435,1
54436,1
54437,3
54438,1
54439,3
54440,1
54441,1
54442,1
54443,3
54444,1
54445,2
54446,3
54447,2
54448,1
54449,3
54450,3
54451,0
54452,1
54453,3
54454,3
54455,2
54456,2
54457,3
54458,1
54459,6
54460,0
54461,1
54462,3
54463,3
54464,1
54465,1
54466,1
54467,1
54468,2
54469,2
54470,1
54471,2
54472,3
54473,1
54474,1
54475,3
54476,3
54477,2
54478,1
54479,1
54480,1
54481,6
54482,1
54483,1
54484,3
54485,5
54486,6
54487,3
54488,1
54489,1
54490,1
54491,2
54492,3
54493,1
54494,3
54495,2
54496,2
54497,2
54498,3
54499,2
54500,2
54501,3
54502,0
54503,3
54504,2
54505,3
54506,0
54507,3
54508,4
54509,0
54510,3
54511,3
54512,2
54513,3
54514,3
54515,1
54516,2
54517,5
54518,3
54519,3
54520,1
54521,6
54522,3
54523,2
54524,3
54525,2
54526,3
54527,6
54528,0
54529,0
54530,3
54531,6
54532,5
54533,3
54534,3
54535,4
54536,2
54537,3
54538,2
54539,3
54540,2
54541,3
54542,3
54543,2
54544,0
54545,4
54546,3
54547,3
54548,0
54549,3
54550,3
54551,1
54552,2
54553,6
54554,2
54555,3
54556,1
54557,2
54558,3
54559,2
54560,2
54561,2
54562,3
54563,2
54564,0
54565,2
54566,2
54567,2
54568,3
54569,2
54570,2
54571,3
54572,3
54573,2
54574,6
54575,2
54576,2
54577,1
54578,2
54579,2
54580,1
54581,2
54582,6
54583,5
54584,2
54585,1
54586,5
54587,6
54588,6
54589,4
54590,2
54591,4
54592,1
54593,1
54594,1
54595,0
54596,1
54597,2
54598,2
54599,2
54600,6
54601,2
54602,3
54603,2
54604,2
54605,2
54606,6
54607,5
54608,3
54609,2
54610,2
54611,2
54612,2
54613,2
54614,6
54615,6
54616,2
54617,1
54618,0
54619,2
54620,6
54621,6
54622,2
54623,1
54624,1
54625,2
54626,2
54627,0
54628,6
54629,6
54630,0
54631,2
54632,2
54633,1
54634,2
54635,0
54636,0
54637,0
54638,1
54639,6
54640,2
54641,3
54642,4
54643,2
54644,6
54645,2
54646,5
54647,2
54648,3
54649,2
54650,4
54651,2
54652,2
54653,2
54654,1
54655,2
54656,2
54657,1
54658,5
54659,5
54660,2
54661,2
54662,2
54663,1
54664,2
54665,6
54666,2
54667,2
54668,2
54669,2
54670,2
54671,3
54672,1
54673,1
54674,5
54675,1
54676,2
54677,2
54678,3
54679,3
54680,1
54681,2
54682,3
54683,1
54684,1
54685,6
54686,3
54687,0
54688,3
54689,3
54690,1
54691,2
54692,0
54693,2
54694,0
54695,3
54696,5
54697,2
54698,3
54699,2
54700,1
54701,5
54702,2
54703,2
54704,0
54705,2
54706,2
54707,2
54708,2
54709,2
54710,1
54711,2
54712,2
54713,2
54714,2
54715,2
54716,1
54717,2
54718,2
54719,2
54720,2
54721,2
54722,2
54723,2
54724,2
54725,2
54726,3
54727,1
54728,1
54729,2
54730,0
54731,1
54732,2
54733,2
54734,2
54735,1
54736,3
54737,0
54738,3
54739,1
54740,2
54741,6
54742,2
54743,2
54744,2
54745,6
54746,3
54747,3
54748,2
54749,3
54750,2
54751,2
54752,1
54753,3
54754,4
54755,2
54756,0
54757,2
54758,3
54759,2
54760,4
54761,1
54762,2
54763,0
54764,2
54765,1
54766,2
54767,2
54768,3
54769,2
54770,5
54771,2
54772,6
54773,6
54774,2
54775,1
54776,0
54777,2
54778,2
54779,3
54780,1
54781,3
54782,2
54783,3
54784,2
54785,6
