,광진구,동대문구,성동구,중랑구
0,0.592,0.368,0.58,0.162
1,0.84,0.614,1.034,0.26
2,0.828,0.576,0.952,0.288
3,0.792,0.542,0.914,0.292
4,0.818,0.602,0.994,0.308
5,0.618,0.522,0.696,0.228
6,0.598,0.478,0.606,0.238
7,0.742,0.528,0.848,0.202
8,0.652,0.488,0.838,0.206
9,0.5,0.406,0.636,0.16
10,0.52,0.346,0.596,0.138
11,0.514,0.318,0.596,0.136
12,0.492,0.296,0.454,0.188
13,0.496,0.414,0.554,0.17
14,0.722,0.52,0.918,0.26
15,0.844,0.63,1.012,0.258
16,0.82,0.59,0.9,0.24
17,0.788,0.638,1.01,0.228
18,0.984,0.634,1.126,0.294
19,0.77,0.486,0.804,0.276
20,0.664,0.448,0.648,0.268
21,0.624,0.396,0.692,0.162
22,0.432,0.386,0.636,0.11
23,0.396,0.302,0.498,0.088
24,0.444,0.306,0.492,0.098
25,0.36,0.29,0.526,0.088
26,0.358,0.278,0.352,0.116
27,0.316,0.294,0.334,0.128
28,0.574,0.366,0.62,0.132
29,0.444,0.288,0.512,0.098
30,0.474,0.338,0.598,0.1
31,0.726,0.43,0.816,0.202
32,0.732,0.47,0.886,0.224
33,0.448,0.312,0.44,0.152
34,0.322,0.244,0.328,0.126
35,0.522,0.362,0.622,0.144
36,0.472,0.342,0.592,0.114
37,0.614,0.43,0.676,0.158
38,0.706,0.476,0.758,0.174
39,0.838,0.48,0.946,0.23
40,0.614,0.4,0.606,0.236
41,0.45,0.28,0.356,0.144
42,0.652,0.46,0.716,0.178
43,0.788,0.52,0.892,0.288
44,0.9,0.55,0.994,0.272
45,0.436,0.332,0.488,0.218
46,0.318,0.244,0.398,0.192
47,0.388,0.298,0.442,0.236
48,0.65,0.368,0.568,0.262
49,0.954,0.628,1.22,0.32
50,0.958,0.74,1.238,0.302
51,0.946,0.664,1.086,0.338
52,1.008,0.614,1.134,0.318
53,0.744,0.466,0.896,0.246
54,0.866,0.624,0.808,0.288
55,0.926,0.588,0.932,0.314
56,1.274,0.828,1.448,0.394
57,1.152,0.756,1.3,0.396
58,0.522,0.354,0.554,0.15
59,0.6,0.474,0.66,0.226
60,1.028,0.75,1.196,0.346
61,2.12,1.04,1.894,0.598
62,0.616,0.446,0.628,0.26
63,1.18,0.746,1.378,0.326
64,1.606,1.032,1.87,0.588
65,1.55,0.938,1.612,0.53
66,0.952,0.688,1.232,0.334
67,1.612,0.998,1.732,0.606
68,1.73,1.004,1.602,0.606
69,2.144,1.018,1.886,0.712
70,2.136,1.244,2.148,0.688
71,2.608,1.462,2.47,0.798
72,3.622,1.838,3.294,1.0
73,1.08,0.6,1.026,0.336
74,2.276,1.414,2.338,0.756
75,2.616,1.326,2.604,0.806
76,1.716,0.922,1.562,0.564
77,1.254,0.848,1.33,0.39
78,1.598,1.094,1.768,0.538
79,1.226,0.724,1.168,0.428
80,2.08,1.274,2.126,0.666
81,2.372,1.368,2.444,0.854
82,1.94,1.168,1.9,0.718
83,2.158,1.036,1.674,0.72
84,2.146,1.242,2.154,0.674
85,2.352,1.53,2.3,0.802
86,2.986,1.718,2.962,1.012
87,2.972,1.79,2.788,1.062
88,3.376,1.886,3.14,1.168
89,3.476,1.852,3.276,1.144
90,3.078,1.66,3.134,1.156
91,3.824,2.186,3.558,1.448
92,3.728,2.08,3.446,1.41
93,3.488,1.952,3.502,1.122
94,0.412,0.244,0.414,0.13
95,1.76,1.032,1.85,0.638
96,1.474,1.036,1.588,0.772
97,0.872,0.616,0.926,0.368
98,3.014,1.798,2.964,1.162
99,2.62,1.564,2.508,0.928
100,3.192,1.968,3.12,1.204
101,3.68,2.152,3.86,1.246
102,3.866,2.092,3.78,1.35
103,0.976,0.674,0.862,0.462
104,1.554,0.912,1.488,0.73
105,3.718,2.156,3.822,1.32
106,3.702,2.264,3.546,1.402
107,3.134,1.98,3.042,1.138
108,2.734,1.472,2.564,0.974
109,3.874,2.008,3.524,1.346
110,4.66,2.214,4.204,1.584
111,1.216,0.606,1.056,0.54
112,0.144,0.086,0.114,0.036
113,2.784,1.864,2.922,1.084
114,4.304,2.368,3.93,1.716
115,4.542,2.426,4.164,1.512
116,4.354,2.38,4.014,1.598
117,4.73,2.112,3.97,1.712
118,4.602,2.164,4.502,1.844
119,4.91,2.328,4.07,1.59
120,5.12,2.476,4.322,1.914
121,1.332,0.664,1.042,0.4
122,3.034,1.936,3.074,1.34
123,4.418,2.422,4.01,1.662
124,5.342,2.266,4.46,1.632
125,2.656,1.12,2.328,1.036
126,5.57,2.394,5.198,2.082
127,4.272,2.486,4.058,1.608
128,5.064,2.732,4.694,1.972
129,5.038,2.756,4.32,1.908
130,4.404,2.634,4.048,1.87
131,0.44,0.314,0.402,0.236
132,4.602,2.186,4.358,1.838
133,4.924,2.754,4.502,1.786
134,4.282,2.69,4.374,1.766
135,1.152,0.656,1.138,0.394
136,0.508,0.342,0.504,0.168
137,2.306,1.39,2.194,0.936
138,5.662,2.786,5.072,2.142
139,4.922,2.314,4.674,2.106
140,5.644,2.842,5.138,2.086
141,2.184,1.25,2.184,0.948
142,4.458,2.526,4.346,1.808
143,4.884,2.77,4.36,1.85
144,4.924,2.632,4.308,1.964
145,5.092,2.55,4.688,2.056
146,5.196,2.418,4.612,2.1
147,5.234,2.956,4.728,2.056
148,3.556,2.464,3.568,1.602
149,5.07,2.69,4.65,2.062
150,5.182,2.994,4.968,2.062
151,5.338,2.85,4.966,2.166
152,5.59,2.618,4.624,2.058
153,5.24,2.472,4.758,2.078
154,5.598,3.168,4.664,2.126
155,5.364,3.162,4.608,2.296
156,5.274,2.518,4.844,2.122
157,5.372,3.044,4.76,2.15
158,5.678,3.176,5.09,2.346
159,4.358,2.426,3.788,1.954
160,4.836,2.514,4.476,2.098
161,4.37,2.464,3.534,1.656
162,5.744,3.194,5.25,2.27
163,6.256,3.358,5.558,2.664
164,4.038,2.08,3.312,1.486
165,5.622,3.132,4.958,2.198
166,6.152,2.954,4.976,2.454
167,5.798,2.888,4.814,2.38
168,4.672,2.686,4.056,1.934
169,5.656,3.38,5.16,2.536
170,5.674,3.394,4.978,2.424
171,6.198,3.508,5.184,2.438
172,6.108,3.228,4.972,2.568
173,5.684,3.088,5.048,2.496
174,5.258,2.58,4.494,2.01
175,5.752,3.314,5.252,2.534
176,0.74,0.502,0.704,0.492
177,4.816,2.754,4.638,2.178
178,3.366,2.138,2.938,1.492
179,4.992,2.772,4.698,2.138
180,3.318,2.01,2.814,1.53
181,0.506,0.31,0.464,0.312
182,0.468,0.318,0.602,0.246
183,4.802,2.778,4.548,2.224
184,5.44,3.104,4.94,2.364
185,4.848,2.856,4.304,2.162
186,6.028,3.444,5.46,2.5
187,6.11,3.01,5.444,2.594
188,6.502,2.99,5.15,2.372
189,1.016,0.562,0.834,0.414
190,3.242,1.826,2.812,1.334
191,4.512,2.386,3.854,1.732
192,5.434,3.014,4.992,2.444
193,5.408,3.036,4.848,2.39
194,4.964,2.622,3.928,2.196
195,4.286,2.306,3.494,1.864
196,5.27,2.962,4.328,2.082
197,5.146,3.042,4.662,2.31
198,5.158,3.08,4.556,2.236
199,5.13,3.154,4.332,2.256
200,4.844,2.934,4.244,2.22
201,4.098,2.346,3.214,1.86
202,3.706,1.852,2.78,1.616
203,4.828,2.696,4.362,1.974
204,4.614,2.66,4.11,2.016
205,4.612,2.714,4.284,2.1
206,4.626,2.618,4.066,2.068
207,3.904,2.356,3.732,1.974
208,3.252,1.808,2.416,1.57
209,3.656,1.95,2.962,1.544
210,4.62,2.568,4.042,1.892
211,4.414,2.412,3.906,1.896
212,3.874,2.236,3.426,1.62
213,3.966,2.194,3.364,1.656
214,3.832,2.262,3.606,1.71
215,3.636,1.856,2.824,1.536
216,3.522,1.744,2.828,1.48
217,3.48,2.246,3.028,1.69
218,4.564,2.606,4.046,1.85
219,4.7,2.57,3.86,2.028
220,3.714,2.124,3.248,1.782
221,4.604,2.57,3.902,1.968
222,4.242,2.28,3.216,1.734
223,3.992,1.84,2.732,1.354
224,4.642,2.538,3.97,1.782
225,4.67,2.766,4.028,1.95
226,3.304,1.864,2.836,1.45
227,5.412,2.99,4.552,2.192
228,6.114,3.232,5.272,2.288
229,6.202,2.842,5.138,2.382
230,5.626,2.84,4.698,2.316
231,5.216,3.124,4.93,2.242
232,5.028,3.11,4.512,2.102
233,5.446,3.134,4.72,2.124
234,2.892,1.656,2.43,1.334
235,1.85,1.122,1.658,0.722
236,5.794,3.19,5.258,2.396
237,3.844,2.09,3.322,1.728
238,2.888,1.688,2.458,1.164
239,1.798,1.05,1.364,0.816
240,1.752,0.88,1.318,0.52
241,4.33,1.918,3.356,1.37
242,5.86,3.156,5.14,2.174
243,5.654,2.99,4.616,2.274
244,6.662,3.178,5.676,2.522
245,2.404,1.374,1.74,0.894
246,6.474,3.502,5.43,2.49
247,7.338,3.898,5.862,2.748
248,5.384,3.44,4.426,2.046
249,6.992,3.81,6.048,2.754
250,7.328,3.566,6.212,2.854
251,6.908,3.468,5.716,2.684
252,7.156,3.962,5.764,2.906
253,7.036,3.99,5.52,2.918
254,7.606,3.962,6.028,2.994
255,6.988,4.006,5.792,2.952
256,5.812,3.646,5.25,2.704
257,5.852,3.066,4.85,2.4
258,3.168,1.716,2.57,1.53
259,6.8,3.962,5.712,3.006
260,7.248,4.21,5.912,2.886
261,5.88,3.488,4.818,2.462
262,2.96,2.02,2.446,1.25
263,3.892,2.35,2.966,1.728
264,6.262,2.964,5.302,2.668
265,4.47,2.286,4.13,2.062
266,4.374,1.9,3.996,2.008
267,6.29,2.586,5.224,2.34
268,7.42,3.214,6.522,2.726
269,7.838,4.18,6.246,2.866
270,7.628,4.194,6.178,3.088
271,8.014,3.752,6.982,3.08
272,7.148,3.676,5.948,2.694
273,6.446,3.948,5.258,2.744
274,7.14,3.944,5.972,3.058
275,8.724,3.982,6.936,3.128
276,7.52,3.996,6.198,2.992
277,1.076,0.552,0.664,0.462
278,3.698,2.004,3.458,1.502
279,7.168,3.748,6.23,2.732
280,7.306,3.908,6.006,2.744
281,7.552,3.882,6.854,2.708
282,5.486,3.28,4.552,2.224
283,5.416,3.432,4.518,2.178
284,5.634,3.306,4.674,2.326
285,5.99,3.274,5.22,2.372
286,5.804,3.042,4.948,2.436
287,6.32,3.606,5.118,2.512
288,6.152,3.616,5.204,2.394
289,5.858,3.624,4.884,2.546
290,5.816,3.642,4.82,2.498
291,6.032,3.7,5.132,2.67
292,5.998,3.452,4.826,2.598
293,5.83,2.99,4.978,2.366
294,6.424,3.63,4.908,2.398
295,4.714,2.846,3.742,2.022
296,6.232,3.5,5.002,2.608
297,6.446,3.728,5.05,2.552
298,2.996,1.976,2.462,1.342
299,3.826,2.436,3.406,1.824
300,2.49,1.408,1.97,1.018
301,4.36,2.718,3.686,1.794
302,4.454,2.882,3.794,1.812
303,4.752,2.97,3.922,1.878
304,5.112,3.046,4.38,2.096
305,5.5,3.302,4.648,2.132
306,5.074,2.89,4.058,1.954
307,4.796,2.82,4.248,1.952
308,5.122,3.282,4.478,2.27
309,4.956,3.048,4.152,2.188
310,3.778,2.364,3.048,1.546
311,0.344,0.24,0.286,0.162
312,4.012,2.554,3.562,1.698
313,3.862,2.4,3.2,1.81
314,2.94,1.902,2.174,1.368
315,4.836,2.97,3.946,1.938
316,4.916,3.13,4.248,2.172
317,5.12,3.278,4.37,2.138
318,4.902,2.902,4.22,2.08
319,4.656,2.974,3.69,1.96
320,3.574,2.056,2.682,1.554
321,3.294,1.956,2.51,1.416
322,4.462,2.77,3.6,1.676
323,4.452,2.688,3.702,1.642
324,3.572,2.14,2.84,1.51
325,3.77,2.26,3.058,1.514
326,3.752,2.17,3.04,1.462
327,1.44,0.702,1.012,0.57
328,2.636,1.4,1.922,0.936
329,4.074,2.472,2.99,1.398
330,3.648,2.218,2.886,1.464
331,3.918,2.304,2.916,1.486
332,3.72,2.21,2.878,1.444
333,3.522,2.206,2.878,1.47
334,2.986,1.746,2.424,1.366
335,2.892,1.612,2.164,1.138
336,1.4,0.682,1.112,0.438
337,2.548,1.52,2.134,1.08
338,3.132,1.878,2.342,1.174
339,2.986,1.81,2.408,1.192
340,1.988,1.188,1.522,0.828
341,1.306,0.83,0.862,0.538
342,1.252,0.698,0.818,0.51
343,2.194,1.364,1.75,0.862
344,2.564,1.522,2.186,1.024
345,2.372,1.482,2.018,0.892
346,1.508,0.964,1.28,0.666
347,1.826,1.176,1.648,0.792
348,1.562,1.108,1.136,0.672
349,1.286,0.942,1.082,0.604
350,2.158,1.324,1.978,0.872
351,2.522,1.62,2.156,0.91
352,2.65,1.634,2.342,1.0
353,2.64,1.744,2.458,1.058
354,2.648,1.674,2.472,1.094
355,1.958,1.312,1.516,0.952
356,1.6,1.09,1.198,0.74
357,1.872,1.068,1.752,0.86
358,1.502,0.93,1.162,0.708
359,2.162,1.274,1.766,0.894
360,1.406,0.768,1.12,0.64
361,1.158,0.712,1.124,0.526
362,0.956,0.59,0.726,0.462
363,0.998,0.56,0.746,0.46
364,1.394,0.828,1.206,0.604
365,1.108,0.618,0.744,0.47
366,1.678,1.066,1.514,0.696
367,1.906,1.232,1.78,0.762
368,2.194,1.202,1.862,0.848
369,1.598,0.912,1.094,0.748
370,1.398,0.87,1.018,0.604
371,2.018,1.164,1.716,0.806
372,1.944,1.07,1.68,0.816
373,1.944,1.062,1.666,0.792
374,2.138,1.22,1.87,0.892
375,2.396,1.356,2.064,1.018
376,1.908,1.054,1.268,0.798
377,1.576,0.862,1.034,0.69
378,1.874,1.064,1.616,0.668
379,1.798,1.046,1.566,0.67
380,2.006,1.068,1.614,0.752
381,2.214,1.244,1.9,0.894
382,2.266,1.36,1.91,0.864
383,1.924,1.016,1.326,0.782
384,1.486,0.818,0.932,0.678
385,1.972,1.28,1.75,0.766
386,2.326,1.408,2.064,0.94
387,2.314,1.244,2.022,0.842
388,2.242,1.394,2.146,0.96
389,2.224,1.29,1.804,0.854
390,1.646,0.974,1.278,0.768
391,1.564,0.956,1.152,0.58
392,1.966,1.22,1.814,0.808
393,2.248,1.484,2.036,0.932
394,2.534,1.402,2.118,1.052
395,2.028,1.332,1.878,0.844
396,2.162,1.214,1.764,0.854
397,1.66,0.966,1.324,0.736
398,0.254,0.182,0.188,0.13
399,0.95,0.646,0.774,0.602
400,1.058,0.602,0.976,0.564
401,1.606,0.854,1.252,0.766
402,1.768,0.944,1.468,0.726
403,1.808,0.988,1.462,0.742
404,1.518,0.862,1.17,0.72
405,1.172,0.712,0.798,0.556
406,2.042,1.202,1.624,0.774
407,2.286,1.32,1.87,0.884
408,2.226,1.302,1.994,0.858
409,2.292,1.268,2.012,0.804
410,1.134,0.664,1.12,0.456
411,1.596,0.994,1.228,0.706
412,1.742,0.914,1.438,0.75
413,2.304,1.478,2.086,0.868
414,1.398,0.918,1.098,0.578
415,2.302,1.45,2.014,0.968
416,2.736,1.52,2.218,1.022
417,2.61,1.468,2.26,1.014
418,3.04,1.672,2.418,1.104
419,3.004,1.418,2.23,1.048
420,2.842,1.648,2.36,1.106
421,3.36,1.896,2.978,1.304
422,3.522,2.004,2.962,1.404
423,3.254,1.888,2.682,1.388
424,2.734,1.512,2.108,1.142
425,3.07,1.648,2.22,1.162
426,3.214,1.666,2.32,1.294
427,3.62,2.096,2.592,1.404
428,3.236,1.9,2.552,1.184
429,3.29,2.092,2.566,1.286
430,4.146,2.246,3.248,1.594
431,4.034,2.206,3.506,1.6
432,4.272,2.164,3.21,1.518
433,4.158,1.888,3.21,1.534
434,3.746,2.256,3.156,1.544
435,3.126,1.898,2.646,1.192
436,3.688,2.04,2.972,1.328
437,4.138,2.24,3.17,1.492
438,2.772,1.568,1.998,0.988
439,3.336,1.872,2.676,1.336
440,4.762,2.314,4.06,1.73
441,4.776,2.686,3.698,1.656
442,5.388,3.138,4.016,1.898
443,2.252,1.24,1.57,0.878
444,3.456,1.944,2.718,1.136
445,4.06,2.498,3.156,1.594
446,2.664,1.632,2.11,1.138
447,4.184,2.072,3.1,1.456
448,4.564,2.55,3.426,1.522
449,5.606,3.016,4.2,1.972
450,4.836,2.692,3.518,1.744
451,5.4,2.948,3.654,1.862
452,5.732,2.966,4.564,2.1
453,1.512,0.9,1.23,0.634
454,2.91,1.54,2.008,1.012
455,5.068,2.754,3.784,1.738
456,5.508,2.894,4.188,1.892
457,5.532,2.932,4.316,2.064
458,6.162,3.18,4.572,2.162
459,6.054,2.996,4.592,1.878
460,3.398,1.726,2.404,1.144
461,7.436,3.206,6.056,2.452
462,6.604,3.686,5.156,2.308
463,3.432,1.85,2.348,1.126
464,3.288,1.894,2.71,1.178
465,6.5,3.45,5.056,2.254
466,6.86,3.768,5.236,2.472
467,7.658,3.464,5.676,2.498
468,3.6,1.942,2.584,1.426
469,7.194,3.79,5.432,2.376
470,8.132,4.214,5.966,2.732
471,8.584,4.154,6.174,2.832
472,6.822,3.58,4.778,2.448
473,8.114,4.242,5.918,2.9
474,7.328,3.438,5.716,2.41
475,7.488,3.328,5.672,2.5
476,8.876,4.284,6.398,2.932
477,7.938,4.14,5.564,2.82
478,7.592,3.92,5.538,2.582
479,2.936,1.724,2.12,1.274
480,3.89,1.992,2.822,1.51
481,8.616,3.9,6.94,2.982
482,7.274,3.332,5.736,2.508
483,8.058,4.592,6.326,2.858
484,9.696,4.81,6.91,3.086
485,11.226,5.236,7.792,3.538
486,9.996,4.912,7.23,3.33
487,9.908,4.876,7.548,3.286
488,10.364,4.258,7.064,3.048
489,9.478,4.116,7.332,3.198
490,10.81,4.368,8.524,3.546
491,9.67,5.046,7.04,3.418
492,9.27,5.196,7.104,3.37
493,10.394,5.116,7.352,3.33
494,10.058,5.334,7.538,3.808
495,10.67,4.824,8.206,3.862
496,10.566,4.548,7.78,3.46
497,9.24,5.056,6.59,3.352
498,10.574,5.802,7.7,4.062
499,9.48,5.646,7.184,3.808
500,9.854,5.444,7.592,3.772
501,10.404,5.708,7.908,4.104
502,10.45,5.176,7.858,4.012
503,1.724,0.814,0.976,0.744
504,8.862,5.22,7.002,3.368
505,9.952,5.832,7.636,4.064
506,10.63,5.806,7.682,4.052
507,10.08,5.674,7.546,3.932
508,9.296,5.514,7.23,4.086
509,9.924,4.802,6.99,4.45
510,10.04,4.718,7.25,3.866
511,3.9,2.08,2.768,1.4
512,9.902,5.956,8.07,4.222
513,10.508,5.828,8.196,4.286
514,9.138,5.272,7.088,3.736
515,10.428,5.874,7.472,4.296
516,10.724,5.204,7.186,4.052
517,10.444,4.968,7.396,3.704
518,10.89,6.05,7.546,4.224
519,10.742,6.24,8.22,4.304
520,10.01,5.802,7.554,4.34
521,4.72,2.736,3.414,2.248
522,6.572,3.578,5.12,2.494
523,11.138,5.308,7.432,4.278
524,7.784,4.28,5.562,3.142
525,8.156,4.62,5.79,3.114
526,10.548,6.126,7.79,4.316
527,10.234,6.28,7.108,4.454
528,11.054,6.138,7.05,4.216
529,10.896,5.974,7.398,4.544
530,9.234,4.844,6.004,3.752
531,10.998,5.32,8.04,3.946
532,10.674,6.242,8.134,4.288
533,5.768,3.134,4.318,1.762
534,10.262,5.574,7.01,3.714
535,11.632,6.154,8.36,4.388
536,10.236,5.616,7.812,3.978
537,11.234,5.602,8.27,4.31
538,10.24,4.886,7.744,3.866
539,10.468,6.17,8.586,4.568
540,10.684,6.514,8.292,4.444
541,10.132,5.772,7.692,4.466
542,9.886,5.8,7.67,3.924
543,9.216,5.52,7.436,3.832
544,8.404,4.202,6.298,3.734
545,9.952,5.112,7.236,4.164
546,11.342,6.796,8.638,4.88
547,11.616,6.758,8.866,5.016
548,11.986,6.71,8.916,4.834
549,11.492,6.594,8.714,4.946
550,10.114,5.834,7.724,4.274
551,9.422,4.916,6.438,4.014
552,9.678,5.204,6.894,4.172
553,11.57,6.652,8.704,4.658
554,11.572,6.834,9.302,4.808
555,5.312,3.514,3.956,2.214
556,7.154,4.404,6.206,2.986
557,11.52,6.5,8.598,4.758
558,10.212,5.35,7.214,4.244
559,9.814,5.004,6.726,3.626
560,6.464,4.35,5.644,3.13
561,9.084,5.854,7.73,3.912
562,9.25,5.916,7.736,4.332
563,9.444,5.98,7.212,4.112
564,9.274,5.758,7.348,4.042
565,7.216,3.774,4.784,3.352
566,5.762,3.09,4.486,2.448
567,9.81,6.072,7.726,4.082
568,9.806,5.868,7.672,4.364
569,7.898,4.574,5.412,3.254
570,4.474,2.776,3.498,1.858
571,3.004,1.73,2.084,1.24
572,5.786,3.576,4.588,2.416
573,2.95,1.758,2.212,1.324
574,8.408,5.074,7.144,3.556
575,8.772,5.2,6.88,3.614
576,3.44,1.722,2.14,1.19
577,7.264,3.95,5.724,2.984
578,7.918,4.658,6.302,3.484
579,6.532,3.774,5.07,2.694
580,6.078,2.848,3.992,2.26
581,8.208,4.566,6.098,3.506
582,8.096,4.742,5.812,3.506
583,6.086,3.424,4.27,2.706
584,8.576,4.676,6.316,3.59
585,7.796,4.674,6.282,3.61
586,6.878,3.876,5.0,2.96
587,6.282,3.008,4.124,2.522
588,3.108,1.796,2.146,1.266
589,7.924,4.454,6.136,3.302
590,8.56,4.642,6.15,3.456
591,3.484,2.248,2.484,1.676
592,9.048,4.804,6.726,3.516
593,9.644,4.908,6.796,3.898
594,9.75,4.704,6.982,3.99
595,10.34,5.65,8.076,4.266
596,10.72,5.852,7.736,4.312
597,6.704,3.852,4.668,2.966
598,10.754,5.854,7.63,4.348
599,11.324,5.952,8.134,4.394
600,11.938,5.51,8.18,4.638
601,10.942,4.906,7.976,4.052
602,11.198,6.078,8.438,4.342
603,10.328,5.84,7.854,4.266
604,10.488,6.612,8.132,4.9
605,7.0,4.75,5.982,3.69
606,9.764,5.428,7.866,3.97
607,12.842,6.188,8.534,4.756
608,12.422,5.768,8.542,4.468
609,12.154,6.862,9.112,4.734
610,9.558,6.06,7.336,3.664
611,3.848,2.038,2.518,1.702
612,4.036,2.484,3.06,1.864
613,2.02,1.396,1.504,1.024
614,0.0,0.0,0.0,0.0
615,5.83,2.658,4.188,2.482
616,8.448,4.792,6.302,3.222
617,2.808,1.486,1.804,0.822
618,9.79,5.258,7.222,3.682
619,4.568,2.412,3.164,2.106
620,7.716,3.314,5.386,3.272
621,6.166,3.228,4.388,3.23
622,10.864,5.032,8.43,4.17
623,12.074,6.644,9.084,4.9
624,11.324,7.03,8.9,5.068
625,11.946,6.798,8.752,5.162
626,12.352,6.506,8.726,5.042
627,12.08,6.522,8.506,5.042
628,11.564,6.302,8.044,4.812
629,4.53,3.168,3.228,2.444
630,10.918,6.586,8.248,4.862
631,11.058,6.68,8.408,5.174
632,11.736,6.6,8.462,5.024
633,11.098,6.618,8.126,4.974
634,11.208,6.864,8.438,4.954
635,11.724,6.076,8.196,5.002
636,12.014,5.482,7.898,4.612
637,11.436,6.452,8.252,4.918
638,11.316,6.492,8.152,5.114
639,3.418,2.118,2.452,1.596
640,9.416,4.514,7.55,3.478
641,11.582,6.402,8.858,5.004
642,10.398,5.252,6.89,4.42
643,10.49,5.206,7.736,4.688
644,2.7,1.686,1.804,1.296
645,9.642,5.932,7.618,4.498
646,10.722,5.396,7.958,4.314
647,9.974,5.662,7.562,4.42
648,11.334,6.38,8.172,4.78
649,10.616,5.388,7.704,4.546
650,10.884,5.482,8.136,4.212
651,9.502,5.508,7.538,4.244
652,10.518,5.986,8.214,4.668
653,10.29,6.128,7.87,4.498
654,10.51,6.124,8.196,4.508
655,10.792,6.128,8.398,4.61
656,11.246,5.582,8.486,4.566
657,10.808,5.062,7.972,4.296
658,10.612,6.042,7.96,4.468
659,10.44,6.622,8.442,4.96
660,10.74,6.594,8.068,4.81
661,10.364,6.692,8.566,4.948
662,9.242,6.33,8.072,4.394
663,9.078,4.756,6.358,3.802
664,8.546,4.236,6.232,3.456
665,7.69,5.038,6.514,3.362
666,7.686,5.442,6.554,3.774
667,9.386,5.772,6.898,4.206
668,9.108,5.642,7.29,4.056
669,8.906,5.826,6.92,4.194
670,8.278,4.824,6.15,3.776
671,8.296,4.464,6.652,3.838
672,9.494,5.61,7.57,4.138
673,9.516,5.706,7.382,4.07
674,9.138,5.556,6.932,4.01
675,8.274,4.994,6.49,3.822
676,7.844,4.62,5.946,3.544
677,7.838,4.218,6.026,3.31
678,5.19,2.932,3.942,2.266
679,7.212,4.284,5.81,2.926
680,8.356,5.112,6.442,3.492
681,4.73,3.096,3.686,2.1
682,5.404,3.304,4.33,2.286
683,1.878,1.216,1.52,0.784
684,5.904,3.23,4.096,2.442
685,1.51,0.756,0.974,0.69
686,4.72,2.976,3.638,2.026
687,5.166,3.16,3.664,2.036
688,5.362,3.216,3.96,2.146
689,5.822,3.528,4.562,2.38
690,6.732,3.984,5.478,2.788
691,7.168,3.744,5.036,2.714
692,3.282,1.898,2.202,1.448
693,5.262,3.436,4.238,2.152
694,6.276,4.072,4.93,2.522
695,5.548,3.588,4.378,2.464
696,5.632,3.518,4.572,2.464
697,5.492,3.25,4.314,2.296
698,4.884,2.766,3.466,2.082
699,1.284,0.702,0.794,0.584
700,4.076,2.604,3.278,1.83
701,4.172,2.51,3.264,1.774
702,4.962,2.854,3.668,1.964
703,3.662,2.202,2.92,1.458
704,3.38,1.972,2.698,1.306
705,2.814,1.796,2.06,1.222
706,3.012,1.67,1.924,1.208
707,4.18,2.794,3.266,1.688
708,4.254,2.7,3.43,1.75
709,4.222,2.684,3.422,1.774
710,4.024,2.664,3.456,1.776
711,3.982,2.542,3.482,1.72
712,3.35,2.17,2.542,1.492
713,4.044,2.17,2.642,1.514
714,4.85,3.238,4.132,2.046
715,3.256,1.966,2.408,1.304
716,4.364,2.696,3.514,1.894
717,4.16,2.634,3.404,1.692
718,3.944,2.51,3.274,1.728
719,2.654,1.528,1.792,1.16
720,3.184,1.888,2.236,1.37
721,3.486,2.086,2.91,1.35
722,3.836,2.512,3.392,1.734
723,3.008,1.66,2.052,1.27
724,2.94,1.92,2.366,1.258
725,3.378,2.136,2.678,1.466
726,3.226,1.958,2.168,1.522
727,2.568,1.498,1.63,1.104
728,2.734,1.708,2.312,1.15
729,2.162,1.446,1.91,1.006
730,1.796,1.244,1.432,1.008
731,3.252,2.07,2.754,1.422
732,3.548,2.278,3.016,1.634
733,3.268,2.024,2.166,1.392
734,3.026,1.692,1.934,1.36
735,1.934,1.264,1.46,0.766
736,0.232,0.144,0.222,0.104
737,2.43,1.568,2.216,1.096
738,3.382,2.068,2.718,1.506
739,3.584,2.108,2.862,1.438
740,2.83,1.758,1.964,1.322
741,2.48,1.48,1.732,1.148
742,3.096,1.96,2.492,1.274
743,3.336,2.076,2.824,1.34
744,3.438,2.066,2.714,1.332
745,3.444,2.076,2.896,1.282
746,3.496,2.068,2.87,1.372
747,3.044,1.784,2.292,1.35
748,2.184,1.3,1.654,0.944
749,3.156,2.142,2.852,1.394
750,3.42,2.288,2.996,1.62
751,3.78,2.424,3.074,1.626
752,3.998,2.424,3.172,1.8
753,2.388,1.392,1.864,1.288
754,1.936,1.168,1.362,0.954
755,2.83,1.442,2.202,1.22
756,1.984,1.24,1.42,1.016
757,3.61,2.424,3.022,1.678
758,4.224,2.752,3.474,1.936
759,4.364,2.758,3.672,2.064
760,4.118,2.576,3.468,1.824
761,3.236,2.158,2.398,1.574
762,2.868,1.794,1.994,1.148
763,3.4,2.112,2.962,1.484
764,2.76,1.772,2.416,1.066
765,2.652,1.548,2.12,0.972
766,2.838,1.734,2.284,1.012
767,3.128,2.094,2.622,1.362
768,2.704,1.858,2.048,1.252
769,2.606,1.64,1.892,1.078
770,3.906,2.54,3.406,1.568
771,4.614,3.094,4.108,1.982
772,1.238,0.752,1.204,0.576
773,3.71,2.69,3.394,1.764
774,4.814,3.004,3.986,2.126
775,3.718,2.248,2.902,1.738
776,0.948,0.538,0.612,0.468
777,1.54,0.996,1.388,0.746
778,2.106,1.452,2.12,0.968
779,3.774,2.448,3.206,1.628
780,3.964,2.766,3.602,1.916
781,3.37,2.23,2.83,1.494
782,2.22,1.28,1.55,0.88
783,2.934,1.742,2.32,1.298
784,3.89,2.698,3.746,1.756
785,1.844,1.186,1.616,0.878
786,3.982,2.758,3.67,1.872
787,4.452,2.796,4.042,2.036
788,1.418,1.038,1.346,0.662
789,4.004,2.424,3.872,1.858
790,2.734,1.692,2.444,1.424
791,3.838,2.644,4.144,1.802
792,4.254,2.712,4.168,2.026
793,3.328,2.302,3.072,1.586
794,3.72,2.436,3.628,1.804
795,4.38,2.914,4.478,2.0
796,5.144,2.64,4.646,2.178
797,7.346,3.2,6.236,2.536
798,6.842,3.544,5.984,2.556
799,1.268,0.746,0.942,0.636
800,5.178,3.154,4.606,2.406
801,6.02,3.204,5.246,2.418
802,5.116,3.126,4.624,2.276
803,5.064,2.764,4.422,2.358
804,4.026,2.358,3.562,1.808
805,4.528,2.866,4.348,2.006
806,5.428,3.126,4.76,2.362
807,8.032,3.89,6.412,2.934
808,2.844,1.926,2.402,1.308
809,6.322,3.66,5.5,2.828
810,8.388,3.984,7.204,3.256
811,9.314,3.804,7.798,2.982
812,7.918,4.2,6.9,3.052
813,8.888,4.524,7.802,3.572
814,9.53,4.944,8.19,3.71
815,5.112,3.226,4.744,2.44
816,6.652,4.272,6.254,3.296
817,7.972,4.208,7.538,3.65
818,8.954,4.228,8.56,3.634
819,8.092,4.62,7.712,3.678
820,8.884,5.112,8.16,4.226
821,7.884,4.858,7.286,3.782
822,8.456,4.742,7.528,3.82
823,8.646,5.056,8.25,4.026
824,8.18,4.69,7.456,3.976
825,7.72,4.126,7.508,3.764
826,7.918,4.534,7.668,3.556
827,8.646,5.03,7.918,4.182
828,7.936,5.264,7.606,4.034
829,8.236,5.152,7.44,4.216
830,8.414,4.99,7.714,4.036
831,9.248,4.994,7.778,4.456
832,8.0,3.926,6.952,3.476
833,8.684,5.504,8.442,4.17
834,9.12,5.958,8.302,4.482
835,10.564,5.666,9.384,5.366
836,10.162,5.53,8.294,4.54
837,3.798,2.7,2.916,2.04
838,11.258,6.128,9.296,5.75
839,3.37,1.924,2.938,1.848
840,5.634,3.894,5.458,3.224
841,5.59,4.234,5.726,3.308
842,5.188,3.732,4.748,2.904
843,6.774,4.59,6.002,3.486
844,7.62,5.06,6.86,3.902
845,9.586,5.208,7.822,4.374
846,9.688,5.26,8.864,4.294
847,7.762,5.264,7.67,4.044
848,9.01,5.97,8.72,4.634
849,9.246,6.128,8.824,4.788
850,11.848,5.988,10.096,5.778
851,11.53,6.216,9.376,5.392
852,10.51,5.424,8.616,5.068
853,11.066,5.416,9.142,4.858
854,11.466,5.876,9.51,5.284
855,11.26,5.546,9.314,5.286
856,9.89,6.274,8.46,5.05
857,9.848,6.014,8.248,5.572
858,6.114,4.554,6.004,3.728
859,1.04,0.66,0.71,0.588
860,8.058,4.198,6.622,4.156
861,8.22,5.27,7.166,4.548
862,8.118,5.47,7.324,4.846
863,9.202,5.88,8.248,5.452
864,8.858,6.478,8.164,5.752
865,1.588,1.044,1.086,0.846
866,7.188,4.538,6.054,4.25
867,10.754,5.972,9.568,5.614
868,3.838,2.816,3.612,2.18
869,5.558,4.012,4.936,3.07
870,8.398,6.51,8.296,5.274
871,8.906,6.682,8.884,5.8
872,8.832,6.448,8.428,5.362
873,12.18,6.764,9.37,5.952
874,9.69,5.562,8.116,4.6
875,10.29,6.402,9.002,5.298
876,7.082,5.06,6.12,3.888
877,10.642,7.032,9.32,5.456
878,10.59,6.998,8.974,5.53
879,10.916,7.312,9.294,6.02
880,11.88,6.894,10.316,6.078
881,11.23,6.274,9.04,5.366
882,10.832,6.674,9.158,5.632
883,7.798,5.862,7.05,4.778
884,10.556,7.328,8.958,5.978
885,10.164,7.192,8.58,6.084
886,11.056,7.682,9.36,6.168
887,11.886,7.078,9.388,6.262
888,11.026,7.156,9.482,5.808
889,10.232,7.644,8.876,5.706
890,10.31,7.41,8.864,5.854
891,5.766,4.368,5.002,3.266
892,9.83,7.154,8.872,5.414
893,11.202,8.07,9.57,6.12
894,9.54,6.434,7.484,5.136
895,9.65,6.286,8.002,5.156
896,9.974,7.78,9.07,5.83
897,9.928,7.654,8.722,5.794
898,10.588,7.506,8.76,5.848
899,11.174,7.672,8.976,6.278
900,11.092,7.93,9.084,6.034
901,10.758,6.942,8.342,6.14
902,10.154,6.632,8.312,5.492
903,9.648,7.204,7.88,5.382
904,10.312,7.604,8.522,5.958
905,2.07,1.364,1.492,1.084
906,5.06,2.976,4.084,1.786
907,9.178,6.414,7.704,5.052
908,10.948,7.24,9.334,6.284
909,11.762,6.704,8.558,5.632
910,7.042,5.296,5.936,4.066
911,3.952,2.812,3.05,2.004
912,10.132,7.746,8.648,6.072
913,10.74,7.74,8.688,6.252
914,10.232,7.18,8.6,6.108
915,10.608,6.468,8.74,5.628
916,11.508,7.026,9.326,6.034
917,10.302,7.786,9.068,6.372
918,8.708,7.19,7.532,5.356
919,10.484,7.906,8.558,6.322
920,9.5,8.022,8.328,6.148
921,9.364,6.654,7.49,5.472
922,11.314,7.334,8.666,6.614
923,5.756,4.17,4.69,3.666
924,0.526,0.39,0.416,0.276
925,7.702,6.208,7.474,4.868
926,9.75,7.616,8.836,6.432
927,9.516,7.336,8.544,6.302
928,9.988,7.232,8.64,5.58
929,10.198,6.954,7.986,5.786
930,6.658,4.566,4.626,3.854
931,7.488,5.63,6.012,5.174
932,9.018,7.398,8.376,6.346
933,5.166,4.4,3.874,3.568
934,0.974,0.76,0.748,0.696
935,6.256,5.076,5.332,4.168
936,9.786,7.134,8.114,5.922
937,9.552,6.432,7.948,5.25
938,5.268,3.908,4.66,3.006
939,5.74,4.408,5.142,3.736
940,2.714,2.544,2.304,1.866
941,8.03,6.736,7.376,5.396
942,8.478,7.02,7.68,5.402
943,3.398,2.652,2.738,2.006
944,1.234,0.912,0.992,0.752
945,1.754,1.314,1.314,0.962
946,4.172,3.838,3.544,2.634
947,2.71,2.196,1.8,1.686
948,4.218,3.924,2.924,2.866
949,5.822,6.078,4.828,4.522
950,3.216,3.398,2.528,2.596
951,1.614,1.034,0.836,0.768
952,2.26,1.59,1.548,1.126
953,4.214,3.95,3.162,3.062
954,5.488,6.108,5.17,4.806
955,5.732,5.998,5.276,4.922
956,5.806,5.378,4.962,4.504
957,2.744,2.058,1.868,1.72
958,5.896,4.596,5.024,3.916
959,6.52,5.44,6.132,4.37
960,6.514,6.196,6.404,4.866
961,7.408,6.54,6.554,5.016
962,7.354,6.386,6.98,5.13
963,6.598,5.828,6.416,4.438
964,3.556,2.628,2.654,2.254
965,7.844,5.482,7.068,4.45
966,8.426,6.734,7.754,5.256
967,7.95,6.694,6.952,5.13
968,3.776,3.04,3.276,2.222
969,2.77,2.374,2.602,1.932
970,5.614,4.892,4.928,3.902
971,2.886,2.668,2.582,2.194
972,4.618,3.254,4.39,2.276
973,7.954,6.51,7.398,4.8
974,7.52,6.526,8.036,5.138
975,1.32,1.07,1.294,0.684
976,7.486,5.364,6.276,3.984
977,11.718,7.498,10.768,6.056
978,11.626,7.086,10.566,5.96
979,5.066,3.646,5.22,2.812
980,0.352,0.268,0.306,0.162
981,9.45,7.024,9.858,5.642
982,6.696,5.316,6.67,3.976
983,9.912,7.396,9.622,6.034
984,5.716,4.896,5.692,3.538
985,3.194,3.146,3.592,2.284
986,11.15,7.338,12.5,5.908
987,9.512,7.496,9.474,5.694
988,10.2,8.17,9.432,6.386
989,8.346,6.442,6.77,4.914
990,10.168,8.116,9.13,6.802
991,11.222,8.948,10.286,7.172
992,11.734,8.092,11.038,7.37
993,11.774,7.248,11.18,6.954
994,10.856,8.168,9.71,6.77
995,11.164,8.038,9.64,7.054
996,10.342,7.826,9.274,6.832
997,9.902,8.356,9.232,6.844
998,10.43,8.152,9.52,7.156
999,11.186,8.118,10.144,6.544
1000,10.952,7.354,10.526,6.08
1001,10.354,7.622,9.12,6.07
1002,10.572,7.876,9.116,6.802
1003,5.804,4.854,5.408,5.048
1004,7.512,5.274,7.658,4.614
1005,7.094,4.816,6.902,4.28
1006,9.372,5.756,9.908,5.38
1007,8.1,5.796,8.144,4.82
1008,8.53,6.12,7.862,5.054
1009,8.764,7.168,8.308,5.978
1010,8.748,7.424,8.24,5.952
1011,9.662,7.674,8.75,6.14
1012,10.304,6.892,9.126,6.046
1013,10.206,6.862,9.458,5.76
1014,8.916,6.184,8.756,5.308
1015,8.35,7.09,7.748,5.728
1016,8.53,7.3,7.734,5.69
1017,8.122,6.898,7.38,5.566
1018,7.668,6.984,7.598,5.47
1019,7.566,6.876,7.278,5.34
1020,8.85,6.782,7.832,5.652
1021,8.584,6.212,7.588,5.15
1022,8.19,6.88,7.67,5.584
1023,8.634,7.394,8.202,5.86
1024,8.078,7.25,7.51,5.9
1025,7.732,6.854,7.274,5.55
1026,6.972,6.038,6.778,5.16
1027,7.212,5.692,6.284,4.858
1028,7.296,5.494,6.98,4.974
1029,7.728,6.832,7.698,5.614
1030,8.444,7.14,7.698,5.488
1031,8.122,7.192,7.506,5.572
1032,8.086,6.994,7.53,5.38
1033,8.504,6.662,8.402,5.678
1034,8.696,6.306,7.696,5.462
1035,3.39,2.508,2.494,2.192
1036,7.66,6.742,7.17,5.264
1037,6.096,5.19,5.594,4.08
1038,6.844,5.586,6.11,4.434
1039,7.992,6.262,7.076,4.896
1040,8.818,6.834,7.42,5.452
1041,8.142,5.924,6.972,5.036
1042,6.034,4.77,5.312,3.772
1043,6.662,6.012,6.02,4.422
1044,7.374,6.368,6.558,4.834
1045,8.098,6.684,7.024,5.0
1046,8.06,6.712,6.982,5.162
1047,8.496,6.824,7.602,5.37
1048,8.078,5.938,6.794,4.86
1049,6.926,5.368,5.872,4.29
1050,8.228,6.73,7.342,5.232
1051,7.732,6.308,6.468,4.696
1052,4.078,3.208,3.384,2.416
1053,3.324,2.764,2.816,2.024
1054,5.836,4.714,4.83,3.56
1055,5.568,4.67,4.726,3.86
1056,3.502,2.828,2.558,2.076
1057,5.516,4.456,4.598,3.348
1058,5.67,4.782,4.966,3.446
1059,6.224,4.8,5.344,3.566
1060,5.998,5.038,5.414,3.692
1061,5.314,4.748,4.752,3.444
1062,3.768,3.05,2.874,2.326
1063,3.186,2.638,2.528,2.122
1064,4.862,3.852,3.98,2.704
1065,5.088,4.186,4.396,2.952
1066,5.1,4.386,4.632,3.064
1067,4.582,3.992,4.114,2.846
1068,4.884,3.984,4.278,2.676
1069,4.274,3.408,3.308,2.406
1070,3.926,3.006,3.242,2.496
1071,4.564,3.682,4.15,2.716
1072,4.744,3.712,3.998,2.598
1073,4.86,3.916,4.194,2.708
1074,5.186,4.18,4.548,2.916
1075,5.268,4.244,4.646,2.978
1076,4.148,3.244,3.606,2.612
1077,1.334,1.124,1.048,0.916
1078,2.696,2.08,2.262,1.5
1079,2.678,2.146,2.348,1.568
1080,2.808,2.136,2.24,1.532
1081,3.176,2.462,2.738,1.782
1082,3.11,2.522,2.682,1.708
1083,2.65,1.884,1.912,1.522
1084,2.344,1.834,1.824,1.454
1085,3.602,2.946,3.222,1.892
1086,4.182,3.306,3.708,2.302
1087,4.12,3.382,3.722,2.306
1088,3.878,3.164,3.704,2.24
1089,2.664,2.164,2.49,1.68
1090,3.322,2.77,3.228,2.198
1091,3.528,2.604,3.258,2.038
1092,4.542,3.588,4.506,2.48
1093,3.694,3.054,3.222,2.118
1094,2.366,1.812,2.012,1.174
1095,2.366,2.018,1.988,1.358
1096,2.07,1.65,1.676,1.222
1097,2.062,1.906,1.822,1.44
1098,1.918,1.854,1.81,1.278
1099,3.238,2.716,2.934,1.71
1100,2.864,2.372,2.526,1.53
1101,2.26,1.832,2.018,1.156
1102,0.522,0.5,0.54,0.286
1103,0.76,0.822,0.704,0.48
1104,0.904,0.944,0.778,0.568
1105,1.004,1.0,0.924,0.662
1106,1.816,1.756,1.844,1.184
1107,1.202,1.134,1.156,0.64
1108,1.852,1.666,1.92,0.996
1109,3.056,2.66,3.17,1.864
1110,3.136,2.618,2.83,1.736
1111,2.114,1.988,1.82,1.402
1112,1.644,1.702,1.408,1.142
1113,1.71,1.672,1.742,0.956
1114,2.508,2.366,2.478,1.484
1115,3.408,3.062,3.276,2.004
1116,1.8,1.378,1.376,0.938
1117,3.36,2.908,2.98,1.98
1118,3.894,3.226,3.716,2.322
1119,4.842,3.694,4.734,2.718
1120,5.244,4.354,5.064,2.972
1121,2.346,2.182,2.266,1.584
1122,4.22,3.588,4.19,2.608
1123,2.214,1.944,2.002,1.336
1124,2.332,2.174,1.982,1.426
1125,2.548,2.146,2.244,1.61
1126,3.848,3.012,3.69,2.308
1127,3.898,3.476,3.648,2.306
1128,3.124,2.796,2.606,1.708
1129,3.026,2.71,2.672,1.688
1130,2.06,1.82,1.976,1.082
1131,3.858,3.26,3.298,2.224
1132,4.306,3.24,3.734,2.51
1133,3.552,2.714,3.298,2.25
1134,3.216,2.852,2.992,1.994
1135,3.922,3.438,3.558,2.214
1136,4.45,3.6,3.896,2.574
1137,3.478,2.842,3.354,2.194
1138,3.886,2.738,3.816,2.444
1139,5.274,3.706,5.596,3.07
1140,4.726,3.364,4.158,2.72
1141,3.23,2.772,2.738,1.87
1142,2.298,1.984,1.868,1.31
1143,2.278,2.022,1.912,1.254
1144,3.06,2.51,2.608,1.636
1145,4.384,3.514,3.852,2.512
1146,6.432,4.582,6.022,3.452
1147,7.858,5.126,7.754,3.878
1148,5.648,4.498,5.07,2.95
1149,4.544,3.712,4.12,2.566
1150,5.55,4.416,5.074,2.812
1151,5.386,4.548,4.698,2.85
1152,7.172,5.126,6.546,3.538
1153,8.086,5.648,7.952,4.438
1154,6.798,4.644,6.344,3.56
1155,0.354,0.322,0.23,0.212
1156,4.966,4.208,4.636,2.528
1157,6.32,5.154,5.646,3.298
1158,6.526,5.366,5.822,3.646
1159,8.048,6.098,7.156,4.104
1160,5.756,4.59,5.518,3.436
1161,7.848,5.252,6.904,4.068
1162,7.066,5.786,6.302,3.894
1163,7.062,5.812,6.406,3.954
1164,8.012,6.298,7.14,4.324
1165,7.536,5.89,6.512,4.226
1166,6.596,5.428,5.604,3.586
1167,8.644,5.976,7.872,4.404
1168,8.1,5.518,6.902,4.038
1169,7.152,5.94,6.236,4.154
1170,7.114,5.818,6.094,4.096
1171,8.28,6.284,7.2,4.694
1172,8.748,6.992,7.258,4.742
1173,10.35,7.658,8.548,5.298
1174,2.59,2.346,2.294,1.814
1175,5.286,4.364,4.638,3.384
1176,7.16,5.948,6.238,4.046
1177,8.278,6.65,7.44,4.758
1178,8.796,7.064,7.992,4.766
1179,9.342,7.394,7.972,5.342
1180,10.26,7.596,8.53,5.37
1181,2.24,1.646,1.674,1.404
1182,3.236,2.424,2.572,1.772
1183,6.9,6.116,6.082,3.914
1184,9.62,7.796,8.44,5.598
1185,11.206,8.488,10.144,6.048
1186,11.448,8.896,10.542,6.374
1187,11.074,8.382,9.974,6.408
1188,1.636,1.236,1.028,1.07
1189,9.3,6.442,8.732,4.958
1190,10.232,8.166,9.724,6.018
1191,11.306,8.91,9.442,5.978
1192,11.188,8.566,9.388,6.302
1193,10.25,8.032,8.818,5.672
1194,11.186,8.496,10.05,6.112
1195,11.804,7.666,10.506,6.006
1196,11.556,7.658,11.572,6.276
1197,2.91,2.386,1.994,1.668
1198,7.286,6.298,7.028,4.772
1199,8.662,7.65,8.136,5.26
1200,10.31,8.292,9.056,5.882
1201,7.646,6.608,6.298,4.56
1202,6.664,5.144,5.846,3.5
1203,9.858,7.162,9.314,5.608
1204,9.96,8.368,9.214,5.728
1205,10.666,8.498,8.804,6.214
1206,10.96,9.12,9.478,6.362
1207,10.772,8.894,9.21,6.37
1208,10.77,8.862,9.208,6.192
1209,11.896,8.46,10.854,6.774
1210,12.752,8.612,11.826,6.554
1211,11.402,9.326,9.938,6.51
1212,9.516,7.974,8.488,5.612
1213,10.894,8.604,9.134,6.144
1214,9.372,8.144,8.494,5.56
1215,7.722,6.348,6.364,4.22
1216,3.714,3.014,3.016,2.646
1217,10.966,7.848,11.012,6.376
1218,11.156,9.37,10.17,6.692
1219,2.734,2.172,1.894,1.484
1220,12.446,8.32,12.348,6.262
1221,11.304,8.946,10.466,6.42
1222,8.602,6.78,6.69,4.752
1223,7.154,5.456,5.334,4.646
1224,11.83,7.846,10.164,6.286
1225,8.954,7.794,7.29,5.528
1226,11.838,10.048,10.316,7.154
1227,12.036,10.058,10.31,7.334
1228,12.022,10.236,9.986,7.236
1229,12.36,9.876,9.936,7.266
1230,3.532,2.904,2.602,2.36
1231,0.3,0.218,0.18,0.17
1232,5.608,4.974,4.978,3.494
1233,11.084,9.858,9.902,7.142
1234,13.204,9.448,12.27,7.38
1235,6.416,5.488,5.366,3.78
1236,7.084,6.058,5.92,4.358
1237,12.506,9.218,10.858,7.338
1238,11.708,8.37,9.864,6.908
1239,11.344,9.524,9.836,6.782
1240,8.998,7.382,6.882,5.212
1241,11.092,9.358,9.62,6.392
1242,7.15,5.878,5.006,4.508
1243,6.978,6.328,5.128,4.866
1244,6.104,4.902,4.558,3.418
1245,8.42,6.366,8.33,5.222
1246,10.022,8.674,9.012,6.344
1247,10.17,8.192,8.136,6.006
1248,11.884,10.086,9.914,7.174
1249,3.776,3.542,2.842,2.174
1250,10.74,9.88,10.548,6.778
1251,12.092,8.624,10.676,7.19
1252,11.194,8.376,9.838,6.596
1253,10.608,9.402,9.072,6.344
1254,11.202,10.22,9.724,6.996
1255,10.766,9.82,9.54,6.878
1256,7.048,6.588,6.168,4.208
1257,10.528,9.162,9.224,6.212
1258,11.464,8.188,8.958,6.686
1259,10.294,7.234,8.046,6.01
1260,11.21,9.712,9.086,6.864
1261,9.212,7.832,6.964,5.356
1262,12.496,10.862,10.438,7.472
1263,10.104,9.114,8.57,6.448
1264,7.352,6.65,5.484,4.922
1265,12.086,8.602,9.404,6.9
1266,10.61,8.296,9.088,6.606
1267,12.168,10.7,10.588,7.342
1268,10.902,9.77,9.138,5.956
1269,10.582,9.848,9.306,7.314
1270,10.94,9.408,10.142,6.054
1271,11.898,10.44,10.478,7.688
1272,9.758,7.588,8.24,5.744
1273,9.002,6.936,7.27,5.534
1274,10.232,9.082,8.712,5.386
1275,9.278,8.034,7.896,5.316
1276,10.348,9.28,8.68,6.032
1277,11.636,10.31,9.878,7.548
1278,12.0,9.88,10.24,7.346
1279,4.828,3.946,3.466,2.946
1280,3.216,2.556,2.656,1.906
1281,11.176,10.232,9.598,7.206
1282,11.546,10.606,10.016,7.572
1283,10.112,9.21,8.664,6.56
1284,9.918,9.158,8.574,6.062
1285,11.418,10.536,9.606,6.972
1286,9.74,8.424,7.918,6.406
1287,7.696,6.198,6.498,3.962
1288,10.646,9.89,8.818,6.936
1289,10.982,9.756,9.114,6.914
1290,10.56,9.744,8.882,6.888
1291,7.994,7.556,6.86,4.718
1292,10.114,9.07,8.146,6.276
1293,10.156,7.276,8.11,5.978
1294,8.892,7.392,7.598,5.528
1295,9.49,8.518,7.394,5.996
1296,11.478,9.962,9.484,6.76
1297,10.858,9.106,8.692,6.192
1298,10.222,9.044,8.572,6.094
1299,10.452,9.042,8.572,6.14
1300,9.004,7.12,7.182,5.478
1301,8.252,6.21,6.104,4.578
1302,10.716,8.96,8.53,5.934
1303,10.184,8.922,8.398,6.18
1304,10.336,8.77,8.128,6.222
1305,9.134,8.672,8.228,5.944
1306,10.638,8.79,9.006,6.306
1307,8.998,6.774,6.836,5.36
1308,4.392,3.536,3.226,2.726
1309,9.232,7.51,6.814,5.278
1310,10.974,9.148,8.714,6.402
1311,10.87,9.338,8.538,6.522
1312,10.896,9.054,8.798,6.504
1313,10.644,9.08,8.77,6.552
1314,10.832,8.254,8.158,6.442
1315,8.838,6.246,6.138,5.386
1316,11.876,10.128,9.516,6.976
1317,12.25,10.214,9.888,7.04
1318,12.144,10.108,9.8,6.978
1319,8.416,7.534,6.854,5.024
1320,11.824,10.404,10.498,7.258
1321,12.18,8.988,10.478,7.148
1322,11.374,8.684,10.808,6.39
1323,12.006,9.068,10.612,7.054
1324,7.588,6.456,5.884,4.852
1325,11.016,9.176,9.394,6.502
1326,13.218,10.918,11.096,7.42
1327,12.442,10.458,10.568,7.304
1328,3.664,2.778,3.032,2.068
1329,11.918,7.818,10.098,6.444
1330,4.47,4.032,3.37,2.57
1331,3.98,2.99,3.06,1.764
1332,9.852,9.276,8.876,6.106
1333,10.622,9.242,9.048,6.356
1334,7.45,6.692,6.282,4.768
1335,12.818,9.304,10.81,7.156
1336,12.204,8.588,10.344,6.828
1337,13.242,11.016,10.778,7.402
1338,2.69,2.262,1.93,1.49
1339,10.466,8.796,8.758,6.394
1340,13.036,11.172,11.166,7.528
1341,14.56,11.348,11.992,7.864
1342,15.184,10.02,13.366,7.814
1343,14.042,9.676,12.248,7.516
1344,7.042,6.21,5.524,4.21
1345,1.178,1.2,1.168,0.72
1346,11.99,10.618,10.842,6.866
1347,13.222,11.708,11.394,7.83
1348,13.328,10.932,10.928,7.466
1349,13.766,9.524,11.072,7.538
1350,13.08,9.192,10.448,6.65
1351,12.614,11.012,10.046,7.298
1352,12.646,10.83,10.742,7.472
1353,12.718,11.14,10.844,7.852
1354,13.51,11.15,11.038,7.746
1355,13.83,11.102,11.398,8.028
1356,12.54,9.008,10.364,6.962
1357,10.596,7.336,8.89,6.402
1358,9.514,6.532,8.55,6.322
1359,7.432,5.268,6.538,4.628
1360,10.58,7.758,10.414,6.324
1361,13.218,10.958,11.342,7.596
1362,13.664,11.068,11.148,7.942
1363,13.542,9.788,11.39,7.826
1364,13.616,9.248,11.944,7.276
1365,11.354,9.72,9.308,6.6
1366,7.302,7.084,5.798,4.574
1367,5.252,4.564,4.494,3.202
1368,13.082,11.298,10.772,7.464
1369,12.176,10.488,10.164,7.252
1370,13.204,9.494,11.63,7.362
1371,13.926,8.944,11.87,7.136
1372,7.594,5.814,5.756,4.29
1373,10.248,8.41,8.228,6.432
1374,7.41,5.912,5.316,4.002
1375,10.308,8.638,8.07,6.33
1376,6.074,5.58,5.146,3.676
1377,11.336,7.942,10.142,6.788
1378,3.48,2.682,2.844,2.09
1379,11.192,8.218,10.058,6.38
1380,11.64,9.666,9.9,7.044
1381,12.562,10.522,10.528,7.538
1382,12.85,10.668,10.588,7.926
1383,11.29,9.474,9.022,6.872
1384,7.82,6.428,5.672,5.092
1385,6.438,5.36,5.07,4.038
1386,7.526,6.642,6.574,4.628
1387,8.604,7.852,7.564,5.576
1388,9.734,8.754,8.328,6.212
1389,10.014,8.864,8.352,6.21
1390,11.18,9.138,8.796,6.53
1391,10.384,7.322,8.388,5.912
1392,9.84,6.806,7.938,5.266
1393,10.66,8.548,8.792,6.22
1394,11.468,9.44,9.322,6.864
1395,11.236,9.492,9.206,6.506
1396,11.618,9.684,9.458,6.792
1397,11.844,9.604,9.466,6.734
1398,10.536,7.766,8.63,6.268
1399,8.61,6.486,7.942,5.206
1400,10.632,9.248,9.08,6.354
1401,11.508,9.898,9.804,7.076
1402,11.33,9.942,9.726,6.89
1403,11.29,9.596,9.412,6.57
1404,11.95,9.91,9.834,6.696
1405,11.27,8.254,9.206,6.438
1406,10.56,7.628,9.008,5.934
1407,1.796,1.958,1.216,1.54
1408,3.904,3.654,2.766,2.756
1409,7.078,6.594,5.61,4.61
1410,8.1,7.1,6.498,5.004
1411,8.068,7.024,6.676,5.056
1412,7.962,6.212,6.74,4.898
1413,8.412,6.496,6.85,4.802
1414,9.348,8.186,7.818,5.55
1415,9.772,8.266,7.834,5.728
1416,9.51,8.166,7.586,5.622
1417,9.598,7.828,7.85,5.428
1418,10.072,8.288,8.346,5.936
1419,8.238,6.54,6.042,4.914
1420,6.226,5.12,4.728,3.912
1421,6.234,5.7,5.058,3.75
1422,6.186,5.7,4.918,3.784
1423,7.268,6.636,6.166,4.444
1424,7.666,6.834,6.7,4.69
1425,7.408,6.27,6.242,4.472
1426,6.572,5.17,5.182,3.982
1427,6.248,5.1,4.806,3.736
1428,8.454,7.214,6.676,4.972
1429,2.648,2.326,1.784,1.506
1430,5.412,4.854,4.224,3.252
1431,6.152,4.94,4.85,3.268
1432,6.342,5.55,4.888,3.632
1433,5.46,4.492,3.786,3.462
1434,5.494,4.478,4.098,3.536
1435,7.536,6.586,6.37,4.1
1436,7.892,7.09,6.594,4.536
1437,7.932,7.01,6.516,4.768
1438,8.086,6.898,6.75,4.53
1439,6.766,5.5,5.426,3.65
1440,6.562,5.094,4.922,4.006
1441,4.37,3.454,3.168,2.63
1442,5.814,5.174,4.41,3.17
1443,5.034,4.564,4.036,2.926
1444,5.994,4.932,5.016,3.382
1445,7.146,6.286,5.894,4.094
1446,4.468,3.74,3.518,2.36
1447,2.316,1.79,1.64,1.56
1448,1.77,1.682,1.306,1.212
1449,5.364,4.868,4.824,3.132
1450,6.468,5.618,5.328,3.636
1451,6.436,5.612,5.634,3.742
1452,6.668,5.69,5.812,3.898
1453,5.02,4.028,3.99,3.092
1454,1.946,1.474,1.148,1.246
1455,1.62,1.378,0.992,1.004
1456,3.83,3.416,2.908,2.35
1457,4.51,3.89,3.714,2.7
1458,4.49,3.524,3.66,2.524
1459,4.444,3.574,3.53,2.506
1460,3.616,3.21,2.62,2.146
1461,3.2302355766296387,2.393030405044556,2.8642072677612305,1.8323568105697632
1462,2.83615779876709,2.2583792209625244,2.6315433979034424,1.7460867166519165
1463,3.216846942901612,2.3586788177490234,2.6651370525360107,1.7229595184326172
1464,2.864908218383789,2.442888021469116,2.665614604949951,1.8141567707061768
1465,3.130101203918457,2.3329787254333496,2.9761502742767334,1.7188268899917605
1466,3.175488471984864,2.3091673851013184,2.742032527923584,1.7080084085464478
1467,3.166637897491455,2.492908000946045,3.1668264865875244,1.7741659879684448
1468,3.117441415786743,2.420672416687012,2.913973093032837,1.85920000076294
1469,3.186499118804932,2.46775484085083,2.6675784587860107,1.846340894699097
1470,3.246993064880371,2.455033540725708,2.9474427700042725,1.8027089834213257
1471,3.1898982524871826,2.2551419734954834,2.9161195755004883,1.7008455991744995
1472,3.054142475128174,2.450068950653076,2.86195969581604,1.7839421033859253
1473,3.287331342697144,2.343825340270996,2.899497032165528,1.7212661504745483
1474,3.079791307449341,2.6028478145599365,3.08771014213562,1.866816520690918
1475,2.585925817489624,2.248826265335083,2.7737388610839844,1.6828100681304932
1476,3.061525821685791,2.192751407623291,2.5145671367645264,1.6730587482452393
1477,3.104703664779663,2.2723381519317627,2.802283763885498,1.7524561882019043
1478,3.04569149017334,2.364957571029663,2.8771071434021,1.7557055950164795
1479,3.07733416557312,2.5493857860565186,2.978731155395508,1.858771085739136
1480,3.2259626388549805,2.2827365398406982,2.569663047790528,1.7174994945526123
1481,3.0582730770111084,2.470160961151123,2.9916672706604004,1.8313113451004028
1482,3.1689324378967285,2.5084307193756104,2.8918700218200684,1.830381155014038
1483,3.379798173904419,2.516585350036621,3.1352453231811523,1.8591694831848145
1484,2.764648914337158,2.270317554473877,2.713358163833618,1.7973610162734983
1485,2.770366907119751,2.3520171642303467,2.490247964859009,1.7309670448303225
1486,3.177386522293091,2.3898348808288574,2.8216593265533447,1.7437320947647097
1487,3.254108667373657,2.4370245933532715,2.9576854705810547,1.8616070747375488
1488,2.618100881576538,2.427222490310669,2.739102602005005,1.7956275939941406
1489,2.7634522914886475,2.3153650760650635,2.842962741851806,1.82173490524292
1490,2.8245530128479004,2.194153070449829,2.744295120239258,1.8062241077423096
1491,3.1283838748931885,2.4959795475006104,2.6164627075195312,1.823732256889344
1492,2.9516584873199463,2.300119161605835,2.7732694149017334,1.679427981376648
1493,2.82737398147583,2.4355239868164062,2.4556193351745605,1.824823021888733
1494,3.10329818725586,2.4098939895629883,2.884697675704956,1.856049537658692
1495,3.205000877380371,2.459792137145996,3.068660259246826,1.8753248453140257
1496,2.751071691513061,2.256544589996338,2.73235821723938,1.7101764678955078
1497,2.955864191055298,2.2736847400665283,2.929340362548828,1.7415876388549805
1498,3.437661647796631,2.5051276683807373,3.2275612354278564,1.8115088939666748
1499,3.2061221599578857,2.281755924224853,2.6301791667938232,1.6805475950241089
1500,3.206277847290039,2.664105176925659,3.24385142326355,1.942068099975586
1501,3.0747666358947754,2.2577927112579346,2.810511350631714,1.683815598487854
1502,3.260288953781128,2.380472183227539,2.912428379058838,1.764299392700195
1503,2.7672207355499268,2.338589668273926,2.7867794036865234,1.7805343866348269
1504,3.034088611602783,2.4260013103485107,3.079021692276001,1.8062480688095093
1505,2.938323736190796,2.225013732910156,2.601570606231689,1.7314128875732422
1506,2.907927989959717,2.365674495697021,2.640216827392578,1.8173810243606567
1507,3.312288284301758,2.373481750488281,2.979534864425659,1.7169581651687622
1508,2.9320199489593506,2.343824863433838,2.7265470027923584,1.69240140914917
1509,2.785165786743164,2.0850722789764404,2.4817090034484863,1.637853980064392
1510,2.9281246662139893,2.3780038356781006,2.578554153442383,1.8003045320510864
1511,3.2748827934265137,2.430065870285034,2.8915157318115234,1.846481680870056
1512,2.4060912132263184,2.2106072902679443,2.5876522064208984,1.6556991338729858
1513,2.7825591564178467,2.344887971878052,2.76687240600586,1.7387760877609253
1514,2.405380249023437,2.1750411987304688,2.759547472000122,1.6691681146621704
1515,3.030543565750122,2.397444248199463,2.799410820007324,1.741528034210205
1516,3.0684010982513428,2.399329662322998,2.765930414199829,1.7517907619476318
1517,2.7272956371307373,2.375182867050171,2.770879030227661,1.7224528789520264
1518,3.023972272872925,2.2231903076171875,2.623743295669556,1.7025716304779053
1519,2.980860710144043,2.2089476585388184,2.7713217735290527,1.7390552759170532
1520,3.1088500022888184,2.3033664226531982,2.840355634689331,1.7398693561553955
1521,2.9927783012390137,2.104238748550415,2.587655067443848,1.6351779699325562
1522,2.898922681808472,2.2920689582824707,2.6965432167053223,1.7407985925674438
1523,2.752445936203003,2.172567367553711,2.734225511550904,1.6709588766098022
1524,2.5466036796569824,2.125085830688477,2.7890639305114746,1.7504223585128784
1525,2.798135280609131,2.2724504470825195,2.776674747467041,1.7671265602111816
1526,3.015869617462158,2.260214328765869,2.682906150817871,1.627853274345398
1527,3.13821792602539,2.202341794967652,2.5840837955474854,1.751599907875061
1528,3.126610040664673,2.4388787746429443,2.758385419845581,1.816431760787964
1529,2.9859495162963867,2.362701177597046,2.833691120147705,1.7705157995224
1530,2.4766411781311035,2.164137601852417,2.4653449058532715,1.68485689163208
1531,3.138395309448242,2.337205648422241,2.9571657180786133,1.6946120262145996
1532,3.042235374450684,2.59167742729187,3.1081578731536865,1.961423397064209
1533,3.3382139205932617,2.4780492782592773,2.9404852390289307,1.8233884572982788
1534,3.049288749694824,2.2907893657684326,2.797611951828003,1.7471529245376587
1535,2.825809955596924,2.1938283443450928,2.618213653564453,1.6916182041168213
1536,2.921894788742065,2.355926275253296,2.8957407474517822,1.768437147140503
1537,2.776838779449463,2.119556903839112,2.484746217727661,1.5243031978607178
1538,2.652515411376953,2.165993452072144,2.868907928466797,1.7128239870071411
1539,2.962948799133301,2.2910056114196777,2.903434991836548,1.7054170370101929
1540,3.057989358901977,2.302018642425537,2.7277262210845947,1.7628746032714844
1541,2.673118829727173,1.872977375984192,2.2521111965179443,1.358147382736206
1542,2.824519157409668,2.32914137840271,2.7883095741271973,1.6673837900161743
1543,2.818013906478882,2.2576446533203125,2.667536735534668,1.7616630792617798
1544,2.4878432750701904,2.239266872406006,2.577120542526245,1.7739793062210083
1545,2.524104595184326,2.4522035121917725,2.9790658950805664,1.8489028215408323
1546,2.948854446411133,2.3734169006347656,2.752239942550659,1.7454471588134766
1547,3.101889371871948,2.163536310195923,2.626181364059448,1.6529569625854492
1548,2.62288784980774,2.246248722076416,2.814194440841675,1.7558919191360474
1549,2.910792112350464,2.2730872631073,2.5406811237335205,1.7340805530548096
1550,3.034158945083618,2.4338340759277344,2.681720018386841,1.81801187992096
1551,2.9601237773895264,2.393815755844116,2.830995321273804,1.820947408676148
1552,3.056658267974853,2.291865110397339,2.8680005073547363,1.7055063247680664
1553,2.656788825988769,2.1556506156921387,2.6606736183166504,1.7933329343795776
1554,3.2030959129333496,2.3413822650909424,3.012704849243164,1.8309638500213623
1555,2.8297219276428223,2.2925987243652344,2.734516859054565,1.6744425296783447
1556,3.2971677780151367,2.2573649883270264,2.8150434494018555,1.8368390798568728
1557,2.3675761222839355,2.0356154441833496,2.6281538009643555,1.6503384113311768
1558,2.91737699508667,2.2799432277679443,2.9793052673339844,1.773087501525879
1559,3.13597059249878,2.4052441120147705,3.096623182296753,1.8020738363265991
1560,2.6042726039886475,2.313646078109741,2.560734748840332,1.7085535526275637
1561,3.042570114135742,2.309046506881714,3.011056423187256,1.8772028684616089
1562,3.050842761993408,2.4301586151123047,2.820974111557007,1.7725780010223389
1563,3.2244091033935547,2.389772653579712,2.8824288845062256,1.7541894912719729
1564,2.9737918376922607,2.441732406616211,2.722081661224365,1.7945795059204102
1565,3.057234048843384,2.4251060485839844,2.7956910133361816,1.8000036478042605
1566,3.151850461959839,2.3102669715881348,2.9254143238067627,1.718411922454834
1567,2.415797233581543,2.294968605041504,2.676354169845581,1.758244276046753
1568,3.237457752227783,2.3922269344329834,3.147006034851074,1.8831300735473635
1569,3.2870516777038574,2.4782066345214844,3.089584350585937,1.864054560661316
1570,3.163374185562134,2.4906277656555176,3.0266993045806885,1.8485846519470213
1571,2.848693370819092,2.248403549194336,2.742696762084961,1.6165062189102173
1572,3.157799005508423,2.42502498626709,2.8770840167999268,1.8412882089614868
1573,2.981370449066162,2.36676025390625,2.85398817062378,1.7264783382415771
1574,3.382266998291016,2.6019253730773926,3.218189239501953,1.955276370048523
1575,3.219726324081421,2.360518217086792,3.0327157974243164,1.7686692476272583
1576,3.250140905380249,2.4336090087890625,3.058413028717041,1.8610800504684448
