,trait,SNP_01,SNP_02,SNP_03,SNP_04,SNP_05,SNP_06,SNP_07,SNP_08,SNP_09,SNP_10,SNP_11,SNP_12,SNP_13,SNP_14,SNP_15,ARS,BTB,HAP,BOV,class
0,2,2,1,0,1,1,0,0,2,0,2,1,0,0,0,0,26,6,0,19,1
1,2,1,1,1,0,0,1,0,1,0,1,0,1,2,0,0,34,5,3,5,2
2,2,2,2,0,1,2,2,0,1,1,1,0,0,0,0,0,63,3,0,53,1
3,1,0,2,0,1,0,2,2,0,2,1,2,2,2,0,2,67,5,17,13,0
4,2,2,2,2,0,2,0,0,0,0,2,0,0,1,0,1,83,7,0,37,2
5,2,2,2,1,0,2,0,0,1,0,2,0,0,0,0,0,74,6,0,38,1
6,2,2,1,1,1,0,1,0,2,0,2,1,0,1,0,0,41,7,0,8,1
7,2,2,2,2,1,2,0,1,1,0,2,0,1,0,0,2,86,6,8,40,1
8,2,2,0,1,2,1,0,0,1,0,2,1,0,1,0,0,14,7,0,17,1
9,2,2,2,1,0,2,1,0,2,0,1,1,0,2,0,2,75,5,0,50,2
10,2,2,1,1,1,1,1,0,1,1,2,1,0,1,0,0,43,7,0,24,1
11,2,2,1,2,1,1,1,0,2,0,2,0,1,1,0,0,52,7,3,27,1
12,2,2,1,2,0,0,1,0,1,0,2,0,0,1,0,2,47,7,0,7,2
13,2,1,0,1,1,0,2,0,0,0,0,0,0,1,0,0,10,1,0,11,2
14,2,2,2,0,2,2,0,1,1,0,2,0,0,1,0,0,68,7,6,38,1
15,1,0,2,0,2,0,2,2,0,2,1,1,1,2,2,2,72,5,16,13,0
16,1,0,2,0,2,0,2,2,0,1,2,1,2,2,1,2,70,8,18,13,0
17,1,1,1,0,2,1,1,1,0,1,1,2,1,2,0,2,32,5,8,23,0
18,1,0,2,0,1,0,2,2,0,1,0,2,2,2,1,2,65,2,18,13,0
19,2,2,1,0,0,1,1,0,1,0,1,1,0,1,1,1,22,4,1,25,2
20,2,2,1,1,1,0,1,0,2,0,2,1,0,1,0,2,41,7,0,10,1
21,2,2,1,2,0,2,1,0,2,0,2,2,0,1,0,1,49,7,0,49,1
22,1,0,2,0,1,0,2,2,0,2,1,2,2,2,1,2,67,5,18,13,0
23,2,2,1,2,1,1,1,0,2,0,2,0,0,0,0,1,52,6,0,28,1
24,2,2,0,2,0,0,0,0,1,0,2,0,0,1,0,0,15,7,0,0,2
25,2,2,1,0,1,2,0,0,2,0,2,2,0,1,0,0,27,7,0,41,1
26,2,2,2,2,1,2,0,0,1,0,2,0,1,1,0,0,86,7,3,38,1
27,2,2,2,0,0,2,1,0,1,1,2,1,0,2,0,0,59,8,0,45,1
28,2,2,2,2,1,1,1,0,2,0,2,0,0,1,0,0,86,7,0,27,1
29,1,1,2,0,1,0,2,2,0,1,0,2,2,2,0,2,65,2,17,13,0
30,2,2,1,2,0,2,0,0,2,0,2,0,1,2,0,1,47,8,3,42,1
31,1,0,2,0,2,0,1,1,0,0,0,2,2,1,2,2,69,1,12,4,0
32,2,2,1,2,1,1,1,0,2,0,2,1,0,0,0,0,53,6,0,27,1
33,2,1,2,0,1,2,1,1,1,1,2,1,1,0,0,0,64,6,8,45,1
34,1,0,1,0,1,1,1,1,0,1,0,2,2,2,0,1,29,2,10,22,0
35,2,0,0,0,0,1,0,0,1,0,2,0,0,0,0,1,0,6,0,18,2
36,2,2,1,0,1,0,0,0,1,0,2,0,0,2,0,0,25,8,0,0,1
37,1,0,2,0,1,0,2,2,1,0,0,2,2,2,1,2,62,2,18,15,0
38,2,2,0,2,1,2,2,0,2,0,2,2,1,1,0,0,19,7,3,55,1
39,2,2,0,2,0,1,1,0,2,0,2,2,0,2,0,1,17,8,0,28,1
40,2,2,1,1,0,1,0,0,1,0,2,0,0,0,0,1,34,6,0,18,1
41,2,2,1,1,0,2,1,0,2,0,2,1,1,1,0,0,35,7,3,48,1
42,2,2,0,1,1,1,1,0,2,0,1,0,1,1,0,1,10,4,3,28,1
43,1,0,1,0,2,0,2,2,0,2,0,2,1,1,1,2,33,1,15,13,0
44,2,2,0,0,1,1,1,0,0,0,2,1,1,1,0,0,4,7,3,21,2
45,2,2,1,0,1,2,1,0,1,1,2,1,0,1,0,1,28,7,0,46,1
46,2,2,0,1,1,1,0,0,1,0,2,2,1,2,0,0,12,8,3,17,1
47,1,0,2,0,1,1,2,1,0,0,0,2,2,2,2,2,62,2,12,31,0
48,2,2,1,1,0,1,0,1,1,0,1,0,0,0,0,0,34,3,6,17,2
49,1,0,2,0,1,0,2,2,0,1,0,2,1,2,1,2,65,2,15,13,0
50,1,0,2,0,0,1,1,1,0,0,1,1,2,2,2,1,57,5,12,22,0
51,2,2,0,0,0,1,0,1,1,0,2,0,0,1,0,1,0,7,6,18,2
52,1,0,2,0,2,0,2,2,1,1,1,2,1,2,1,1,71,5,15,14,0
53,2,2,0,0,0,1,1,1,2,0,1,1,0,2,0,1,1,5,6,28,2
54,2,2,1,1,1,2,1,1,2,0,2,1,1,0,0,1,41,6,8,49,1
55,2,2,0,1,1,1,2,0,1,1,2,1,0,1,0,0,13,7,0,32,1
56,1,0,2,0,2,0,2,2,0,2,0,2,2,2,1,2,73,2,18,13,0
57,1,0,2,0,2,0,2,2,0,1,1,2,2,2,2,1,71,5,19,12,0
58,2,2,1,2,0,0,2,0,0,0,2,0,0,2,0,1,47,8,0,12,2
59,2,0,0,1,0,1,0,0,1,0,0,0,0,1,0,0,6,1,0,17,2
60,2,2,1,2,0,2,2,0,2,0,2,1,0,2,0,0,48,8,0,55,1
61,1,0,2,0,1,0,2,2,1,0,1,2,2,2,0,2,62,5,17,15,0
62,2,0,1,0,0,1,2,0,0,0,2,1,1,1,1,0,22,7,4,29,2
63,2,1,0,0,0,1,0,0,1,0,2,0,0,2,0,0,0,8,0,17,2
64,1,1,2,0,1,0,2,2,0,1,1,2,2,2,1,2,65,5,18,13,0
65,2,0,0,0,0,1,2,0,0,0,2,0,1,2,0,1,0,8,3,30,2
66,2,2,0,2,0,1,0,1,1,0,2,0,1,1,0,0,15,7,8,17,2
67,1,0,2,0,2,0,2,2,0,1,1,2,2,2,2,2,71,5,19,13,0
68,2,2,2,1,2,1,1,0,2,0,2,1,0,0,0,0,81,6,0,27,1
69,2,2,0,0,0,0,0,1,1,0,2,1,0,2,0,0,1,8,6,0,2
70,2,1,0,1,0,1,1,0,1,0,1,0,0,2,0,0,6,5,0,24,2
71,2,1,1,1,0,1,1,0,0,0,1,1,0,2,1,1,35,5,1,22,2
72,1,0,2,0,1,1,2,1,0,1,0,2,2,2,2,2,65,2,12,31,0
73,2,1,0,0,1,1,2,0,2,0,2,1,0,2,0,1,4,8,0,35,1
74,2,2,1,1,1,2,0,0,1,0,2,1,0,2,0,1,41,8,0,39,1
75,2,1,2,1,0,1,1,0,2,0,2,1,1,0,0,1,75,6,3,28,1
76,2,2,0,0,1,0,1,0,2,1,1,0,0,2,1,0,5,5,1,8,2
77,2,2,2,1,0,2,1,0,1,0,2,1,0,0,0,0,75,6,0,45,1
78,2,2,0,1,0,1,0,1,2,0,2,0,0,1,0,1,6,7,6,20,2
79,1,0,2,0,1,0,2,2,0,0,0,2,2,2,1,2,62,2,18,13,0
80,2,1,2,1,0,2,1,0,1,0,2,1,0,1,0,0,75,7,0,45,1
81,2,2,1,1,0,2,1,0,0,1,2,0,1,1,0,0,37,7,3,43,1
82,2,1,0,0,0,1,1,0,0,0,0,0,0,1,1,0,0,1,1,21,2
83,1,1,2,0,1,0,2,2,0,1,0,2,2,2,2,2,65,2,19,13,0
84,2,2,0,2,0,0,0,1,2,0,2,0,1,2,0,0,15,8,8,1,2
85,1,0,2,0,1,0,1,1,0,0,1,2,2,2,2,1,62,5,12,3,0
86,2,2,0,1,0,2,0,0,0,0,0,1,0,0,2,0,7,0,2,36,2
87,2,2,0,1,0,0,1,0,1,0,2,1,0,1,0,1,7,7,0,6,2
88,2,2,1,0,0,1,1,1,1,0,2,1,0,0,0,1,22,6,6,25,2
89,2,2,2,0,0,1,0,0,1,0,2,0,0,1,0,0,56,7,0,17,1
90,2,2,1,1,0,1,2,0,2,1,2,1,1,0,0,0,38,6,3,34,1
91,2,2,2,2,1,2,1,1,2,0,2,1,0,1,0,1,87,7,6,49,1
92,2,2,0,2,0,0,1,0,1,0,2,0,0,2,0,2,15,8,0,7,2
93,2,2,2,1,0,2,1,0,1,0,2,1,0,0,0,2,75,6,0,47,2
94,2,2,1,1,0,2,0,0,2,0,2,1,0,1,0,0,35,7,0,41,1
95,2,2,1,1,0,2,1,0,1,1,2,0,0,0,0,0,37,6,0,45,1
96,2,1,1,2,1,0,0,0,2,0,2,0,1,2,1,1,52,8,4,2,2
97,1,0,2,0,1,1,1,1,1,0,1,2,2,2,1,2,62,5,11,26,0
98,1,1,2,0,1,0,2,2,0,0,2,2,1,2,1,1,62,8,15,12,0
99,2,1,2,2,0,2,1,0,2,1,2,2,1,1,0,1,85,7,3,49,1
100,1,1,2,0,2,0,2,2,0,2,0,2,1,2,1,1,73,2,15,12,0
101,2,2,2,2,1,2,1,0,2,0,2,2,1,1,0,1,88,7,3,49,1
102,1,1,2,0,2,1,1,1,0,1,0,2,1,2,1,0,71,2,9,21,0
103,2,2,0,1,0,2,1,0,2,0,2,0,0,1,0,1,6,7,0,49,1
104,1,0,2,0,2,0,2,2,0,1,1,2,1,2,1,2,71,5,15,13,0
105,2,1,2,1,0,0,1,0,2,0,2,0,1,0,0,0,74,6,3,8,1
106,1,2,2,0,1,0,1,2,0,0,1,2,2,2,1,2,62,5,18,4,0
107,2,2,0,1,1,1,2,0,2,0,2,1,2,2,0,0,11,8,5,34,1
108,2,2,0,1,0,0,1,0,2,0,2,2,0,2,0,0,8,8,0,8,1
109,2,1,0,2,1,1,1,0,0,0,2,0,0,2,0,1,18,8,0,22,2
110,2,2,0,1,1,0,1,0,2,0,2,0,0,1,0,1,10,7,0,9,1
111,2,2,1,2,1,2,0,0,1,0,2,1,1,1,0,1,53,7,3,39,1
112,2,1,1,1,2,2,1,0,2,0,1,0,0,0,0,1,44,3,0,49,1
113,2,1,1,2,0,2,1,0,2,1,2,1,1,0,0,0,50,6,3,48,1
114,2,2,2,1,0,1,1,0,2,0,2,1,0,1,0,0,75,7,0,27,1
115,2,2,1,1,0,0,1,0,1,0,2,1,1,1,0,0,35,7,3,5,1
116,2,2,1,0,2,2,0,0,1,0,2,0,0,0,0,0,30,6,0,38,1
117,1,0,2,0,2,0,2,2,0,1,0,2,2,2,2,2,71,2,19,13,0
118,2,1,2,0,0,1,2,0,0,0,0,1,0,1,0,1,57,1,0,30,2
119,2,1,2,1,1,0,0,0,2,0,2,0,1,1,0,1,78,7,3,2,2
120,2,2,1,1,1,2,0,0,0,0,2,2,0,2,0,0,42,8,0,36,1
121,2,2,2,1,0,2,1,0,2,0,2,1,0,1,0,1,75,7,0,49,1
122,2,2,0,0,0,1,2,0,1,0,0,2,0,1,0,1,2,1,0,33,2
123,1,1,1,0,2,0,2,2,0,2,0,2,1,2,1,1,33,2,15,12,0
124,1,0,2,0,2,0,1,1,0,2,0,2,2,2,2,2,73,2,12,4,0
125,2,2,2,1,1,2,0,0,2,0,2,0,0,0,0,1,78,6,0,42,1
126,2,2,2,1,1,1,1,0,1,0,2,0,0,1,0,0,78,7,0,24,1
127,1,0,2,0,2,0,2,2,1,1,1,2,1,2,1,1,71,5,15,14,0
128,2,2,1,0,0,1,1,0,1,0,1,0,1,1,0,1,21,4,3,25,2
129,2,2,1,1,0,0,1,1,1,0,2,1,0,0,0,0,35,6,6,5,2
130,2,2,1,1,0,1,1,0,0,0,1,0,1,2,0,1,34,5,3,22,2
131,1,0,2,0,1,0,2,2,1,1,1,2,1,2,0,1,65,5,14,14,0
132,2,2,2,2,1,1,2,0,2,0,2,2,0,2,0,1,88,8,0,35,1
133,2,2,1,1,0,2,2,0,0,0,0,0,1,2,0,1,34,2,3,52,2
134,1,0,2,0,2,0,2,2,0,2,1,1,2,2,2,2,72,5,19,13,0
135,2,2,1,2,0,2,0,0,2,1,2,1,1,2,0,0,50,8,3,41,1
136,2,1,1,0,0,2,2,0,0,0,1,1,0,1,1,1,22,4,1,52,2
137,1,0,2,0,2,0,2,2,1,0,0,2,1,2,1,1,69,2,15,14,0
138,2,0,1,1,0,0,1,0,1,0,2,0,0,0,0,0,34,6,0,5,2
139,2,2,2,1,1,2,0,0,2,0,2,0,0,0,0,1,78,6,0,42,1
140,2,2,2,1,1,2,1,1,2,0,2,1,0,0,0,1,79,6,6,49,1
141,2,2,1,1,0,0,1,0,1,0,1,1,0,2,1,2,35,5,1,7,2
142,2,1,1,0,0,1,1,0,0,0,1,1,0,1,1,1,22,4,1,22,2
143,2,1,1,0,2,2,1,0,2,0,2,0,0,0,0,0,30,6,0,48,1
144,2,2,1,1,0,2,0,0,1,0,2,0,0,0,0,1,34,6,0,39,1
145,2,1,0,1,0,2,0,0,2,1,2,2,0,0,0,1,9,6,0,42,1
146,2,1,0,0,0,1,0,0,1,0,0,0,0,1,1,1,0,1,1,18,2
147,2,1,1,1,0,2,0,0,0,0,1,1,0,2,1,1,35,5,1,37,2
148,1,1,2,0,1,1,1,1,0,1,0,2,1,2,1,0,65,2,9,21,0
149,2,2,1,2,0,2,0,0,2,1,2,2,0,0,0,1,51,6,0,42,1
150,1,2,2,0,2,0,2,2,0,2,0,2,2,2,1,2,73,2,18,13,0
151,2,1,1,1,0,1,1,0,1,0,1,0,0,0,0,1,34,3,0,25,2
152,2,2,0,1,0,1,1,0,1,0,2,1,1,1,0,0,7,7,3,24,2
153,2,1,0,1,0,0,1,1,1,0,2,0,0,2,0,0,6,8,6,5,2
154,2,1,1,2,0,1,1,0,2,0,2,1,0,1,0,1,48,7,0,28,1
155,1,0,2,0,0,0,1,2,1,0,1,2,2,2,1,2,58,5,18,7,0
156,2,2,1,2,1,2,0,0,1,0,2,2,0,1,0,0,54,7,0,38,1
157,2,2,2,1,0,2,2,0,1,1,2,2,0,1,0,0,77,7,0,53,1
158,2,2,2,1,2,1,2,0,2,0,2,2,0,2,0,1,82,8,0,35,1
159,2,2,2,1,1,2,1,1,1,0,2,1,0,1,0,0,79,7,6,45,1
160,2,1,0,2,1,2,1,0,1,0,2,0,1,1,0,0,18,7,3,45,1
161,1,0,2,0,1,1,1,1,0,1,0,1,2,2,1,1,64,2,11,22,0
162,2,2,2,2,0,2,1,0,1,0,2,1,0,1,0,1,84,7,0,46,1
163,2,1,2,1,0,2,1,0,0,0,2,0,0,1,1,1,74,7,1,44,2
164,2,2,1,1,1,1,2,0,1,1,2,1,0,2,0,0,43,8,0,32,1
165,2,2,1,0,0,1,1,0,0,1,2,0,0,0,0,0,24,6,0,21,1
166,2,2,1,0,1,2,1,0,1,0,2,2,0,0,0,0,27,6,0,45,1
167,1,0,2,0,2,0,2,2,1,1,1,2,2,2,1,2,71,5,18,15,0
168,1,2,2,0,2,0,2,2,0,1,0,2,2,2,2,1,71,2,19,12,0
169,2,2,0,1,0,1,0,0,1,0,0,0,0,1,0,1,6,1,0,18,2
170,2,1,0,2,0,0,0,1,2,0,1,0,0,2,0,1,15,5,6,2,2
171,1,1,2,0,2,0,2,2,0,2,0,2,1,2,2,1,73,2,16,12,0
172,1,1,1,0,1,1,1,1,0,1,1,2,2,2,1,2,29,5,11,23,0
173,2,2,1,0,0,0,0,1,2,0,2,1,1,1,0,0,22,7,8,1,2
174,2,2,1,0,0,0,1,0,1,0,2,0,1,1,0,0,21,7,3,5,2
175,2,2,0,1,0,2,1,0,1,0,1,0,0,1,0,2,6,4,0,47,2
176,2,2,1,2,0,0,1,0,1,0,1,0,0,2,0,1,47,5,0,6,2
177,1,0,2,0,2,0,2,2,0,2,1,1,2,2,1,2,72,5,18,13,0
178,2,1,1,0,0,0,0,1,2,0,1,0,0,1,0,0,21,4,6,1,2
179,1,1,2,0,1,1,1,1,0,1,1,1,2,2,2,2,64,5,12,23,0
180,1,0,2,0,1,1,1,1,0,0,1,2,2,2,2,0,62,5,12,21,0
181,2,2,0,0,0,2,0,0,0,0,1,1,0,0,1,0,1,3,1,36,2
182,1,0,2,0,1,0,1,1,0,1,0,2,2,1,2,2,65,1,12,4,0
183,2,1,0,0,0,1,1,0,0,0,1,1,1,2,0,1,1,5,3,22,2
184,2,1,0,1,1,0,0,1,2,0,2,1,0,1,1,0,11,7,7,1,2
185,2,1,0,0,0,2,0,0,2,0,2,0,0,1,0,0,0,7,0,41,1
186,2,1,1,1,0,2,1,0,2,0,2,2,1,0,0,0,36,6,3,48,1
187,2,2,1,0,0,1,0,0,1,0,2,0,2,2,0,0,21,8,5,17,2
188,2,2,2,2,0,1,1,0,2,0,2,0,2,0,0,0,83,6,5,27,1
189,2,2,0,1,0,0,1,0,1,0,1,0,0,1,0,0,6,4,0,5,2
190,2,2,0,0,1,1,1,1,1,0,2,0,0,1,1,0,3,7,7,24,2
191,2,2,1,0,0,2,0,0,2,0,2,1,0,1,0,1,22,7,0,42,1
192,2,2,1,0,0,2,1,0,0,0,2,2,0,1,0,0,23,7,0,43,1
193,2,2,1,2,1,2,0,0,2,0,2,1,0,0,0,0,53,6,0,41,1
194,1,0,2,0,2,0,2,2,0,2,1,1,2,2,1,2,72,5,18,13,0
195,2,2,1,1,1,2,2,0,1,0,2,0,0,1,0,0,40,7,0,53,1
196,2,1,0,1,1,1,2,0,2,0,2,0,0,0,0,0,10,6,0,34,1
197,2,2,0,0,1,1,2,0,1,0,2,0,0,1,2,1,3,7,2,33,2
198,2,2,1,1,0,2,0,0,2,1,2,2,0,1,0,1,39,7,0,42,1
199,2,2,0,1,0,1,0,1,1,0,2,2,1,1,0,0,8,7,8,17,2
200,1,1,2,0,2,0,2,2,0,2,1,1,1,2,1,0,72,5,15,11,0
201,2,2,2,0,0,2,2,0,0,2,2,0,1,1,0,0,60,7,3,51,1
202,1,0,2,0,2,0,2,2,0,1,0,1,2,2,1,2,70,2,18,13,0
203,2,2,0,1,0,2,0,0,2,0,2,2,1,1,0,1,8,7,3,42,1
204,1,0,2,0,1,0,2,2,0,1,1,2,2,2,0,2,65,5,17,13,0
205,2,1,1,1,0,1,1,0,1,0,2,2,1,2,0,1,36,8,3,25,2
206,2,2,1,1,0,0,0,1,2,0,2,0,0,1,0,0,34,7,6,1,2
207,2,2,1,1,2,1,2,0,1,1,2,1,0,1,0,0,46,7,0,32,1
208,2,2,0,1,0,0,1,0,2,0,2,0,0,1,1,2,6,7,1,10,2
209,2,1,0,2,2,1,1,0,2,0,2,1,1,1,0,0,20,7,3,27,1
210,2,2,2,2,0,0,1,0,1,0,1,0,1,2,0,1,83,5,3,6,2
211,2,1,1,1,0,2,1,0,1,1,2,1,1,0,0,0,38,6,3,45,1
212,1,0,2,0,1,1,1,1,0,1,2,1,1,2,0,1,64,8,8,22,0
213,1,0,2,0,2,0,2,2,0,2,1,2,1,2,1,2,73,5,15,13,0
214,2,2,0,2,0,2,1,0,2,0,2,0,0,1,0,1,15,7,0,49,1
215,2,1,1,2,0,0,1,0,1,0,2,0,1,1,1,0,47,7,4,5,2
216,1,1,2,0,2,0,2,2,0,2,0,2,2,2,2,1,73,2,19,12,0
217,1,1,2,0,1,0,1,2,0,2,0,2,2,2,1,1,67,2,18,3,0
218,2,2,1,0,0,1,2,0,1,0,0,0,0,2,0,1,21,2,0,33,2
219,2,2,2,2,2,1,2,0,2,0,2,1,0,2,0,0,89,8,0,34,1
220,1,1,2,0,2,0,2,2,0,2,0,2,2,2,1,2,73,2,18,13,0
221,2,1,1,2,0,2,0,0,2,0,2,2,0,0,0,0,49,6,0,41,1
222,2,2,2,1,0,2,1,0,1,0,2,2,1,0,0,0,76,6,3,45,1
223,2,2,1,1,1,2,2,0,1,0,2,2,0,1,0,0,42,7,0,53,1
224,1,1,1,0,2,1,1,1,0,1,1,2,2,2,2,2,32,5,12,23,0
225,2,2,0,0,1,2,1,0,0,1,2,0,0,0,0,1,5,6,0,44,1
226,2,2,1,1,2,2,2,0,1,0,2,1,0,0,0,1,45,6,0,54,1
227,2,2,2,1,1,2,0,0,1,0,2,1,2,1,0,1,79,7,5,39,1
228,2,1,1,1,0,2,1,0,2,0,2,1,0,0,0,0,35,6,0,48,1
229,1,0,2,0,2,0,2,2,0,1,1,2,2,2,2,1,71,5,19,12,0
230,2,2,0,2,0,1,0,1,1,0,1,1,1,2,0,1,16,5,8,18,2
231,2,2,1,2,0,0,1,1,1,0,1,1,0,1,0,1,48,4,6,6,2
232,2,1,1,0,2,2,2,1,2,0,2,1,1,1,0,0,31,7,8,55,1
233,2,2,2,0,0,1,0,0,0,0,1,0,0,2,0,1,56,5,0,16,2
234,2,2,1,1,1,2,1,0,1,0,1,1,0,0,0,0,41,3,0,45,1
235,2,2,1,1,0,1,1,0,0,0,0,1,0,1,0,0,35,1,0,21,2
236,2,1,1,2,1,1,1,0,2,1,2,1,0,2,0,0,55,8,0,27,1
237,1,0,2,0,2,0,2,2,0,2,0,2,2,2,1,2,73,2,18,13,0
238,2,1,1,2,0,0,1,0,1,0,1,0,0,1,0,0,47,4,0,5,2
239,1,0,2,0,1,0,2,2,0,2,1,1,1,2,1,1,66,5,15,12,0
240,1,0,2,0,1,0,2,2,0,2,1,2,2,2,0,2,67,5,17,13,0
241,2,1,1,0,0,0,1,1,1,0,1,1,0,2,0,1,22,5,6,6,2
242,2,2,1,1,0,1,1,0,1,0,1,0,0,2,0,2,34,5,0,26,2
243,2,1,2,0,1,2,1,0,1,0,2,1,0,1,0,1,61,7,0,46,1
244,2,2,1,0,1,1,1,0,2,0,2,1,0,1,0,0,26,7,0,27,1
245,2,2,2,2,1,1,0,0,2,0,2,1,2,0,0,0,87,6,5,19,1
246,1,1,2,0,2,0,2,2,0,1,1,2,2,2,2,2,71,5,19,13,0
247,2,2,1,0,0,2,1,0,2,0,2,1,1,1,0,2,22,7,3,50,1
248,1,1,2,0,2,0,2,2,0,2,1,2,2,2,1,1,73,5,18,12,0
249,2,2,1,1,1,2,2,0,0,0,2,1,0,0,0,1,41,6,0,52,1
250,1,1,2,0,2,0,2,2,0,2,0,2,2,2,0,1,73,2,17,12,0
251,2,2,0,2,0,0,0,0,2,0,2,1,1,2,0,1,16,8,3,2,2
252,2,2,1,1,0,1,0,0,2,0,2,1,0,1,0,0,35,7,0,19,1
253,1,0,2,0,2,0,2,2,1,1,0,2,0,2,0,2,71,2,13,15,0
254,2,1,1,1,0,1,1,0,2,0,2,1,1,1,0,0,35,7,3,27,1
255,2,1,2,1,1,2,1,1,2,0,2,2,0,0,0,1,80,6,6,49,1
256,2,2,2,1,1,2,1,0,2,0,2,1,1,0,0,0,79,6,3,48,1
257,2,1,1,0,1,2,1,0,1,0,2,1,1,0,0,0,26,6,3,45,1
258,2,2,0,1,0,0,1,1,1,0,1,1,0,1,0,1,7,4,6,6,2
259,1,1,2,0,1,0,1,2,1,1,0,2,2,2,1,2,65,2,18,7,0
260,1,0,2,0,1,0,2,2,0,1,1,1,1,2,1,2,64,5,15,13,0
261,2,2,1,1,2,2,1,0,0,0,2,0,0,2,0,1,44,8,0,44,1
0,2,2,1,0,1,1,0,0,2,0,2,1,0,0,0,0,26,6,0,19,1
1,2,1,1,1,0,0,1,0,1,0,1,0,1,2,0,0,34,5,3,5,2
2,2,2,2,0,1,2,2,0,1,1,1,0,0,0,0,0,63,3,0,53,1
3,1,0,2,0,1,0,2,2,0,2,1,2,2,2,0,2,67,5,17,13,0
4,2,2,2,2,0,2,0,0,0,0,2,0,0,1,0,1,83,7,0,37,2
5,2,2,2,1,0,2,0,0,1,0,2,0,0,0,0,0,74,6,0,38,1
6,2,2,1,1,1,0,1,0,2,0,2,1,0,1,0,0,41,7,0,8,1
7,2,2,2,2,1,2,0,1,1,0,2,0,1,0,0,2,86,6,8,40,1
8,2,2,0,1,2,1,0,0,1,0,2,1,0,1,0,0,14,7,0,17,1
9,2,2,2,1,0,2,1,0,2,0,1,1,0,2,0,2,75,5,0,50,2
10,2,2,1,1,1,1,1,0,1,1,2,1,0,1,0,0,43,7,0,24,1
11,2,2,1,2,1,1,1,0,2,0,2,0,1,1,0,0,52,7,3,27,1
12,2,2,1,2,0,0,1,0,1,0,2,0,0,1,0,2,47,7,0,7,2
13,2,1,0,1,1,0,2,0,0,0,0,0,0,1,0,0,10,1,0,11,2
14,2,2,2,0,2,2,0,1,1,0,2,0,0,1,0,0,68,7,6,38,1
15,1,0,2,0,2,0,2,2,0,2,1,1,1,2,2,2,72,5,16,13,0
16,1,0,2,0,2,0,2,2,0,1,2,1,2,2,1,2,70,8,18,13,0
17,1,1,1,0,2,1,1,1,0,1,1,2,1,2,0,2,32,5,8,23,0
18,1,0,2,0,1,0,2,2,0,1,0,2,2,2,1,2,65,2,18,13,0
19,2,2,1,0,0,1,1,0,1,0,1,1,0,1,1,1,22,4,1,25,2
20,2,2,1,1,1,0,1,0,2,0,2,1,0,1,0,2,41,7,0,10,1
21,2,2,1,2,0,2,1,0,2,0,2,2,0,1,0,1,49,7,0,49,1
22,1,0,2,0,1,0,2,2,0,2,1,2,2,2,1,2,67,5,18,13,0
23,2,2,1,2,1,1,1,0,2,0,2,0,0,0,0,1,52,6,0,28,1
24,2,2,0,2,0,0,0,0,1,0,2,0,0,1,0,0,15,7,0,0,2
25,2,2,1,0,1,2,0,0,2,0,2,2,0,1,0,0,27,7,0,41,1
26,2,2,2,2,1,2,0,0,1,0,2,0,1,1,0,0,86,7,3,38,1
27,2,2,2,0,0,2,1,0,1,1,2,1,0,2,0,0,59,8,0,45,1
28,2,2,2,2,1,1,1,0,2,0,2,0,0,1,0,0,86,7,0,27,1
29,1,1,2,0,1,0,2,2,0,1,0,2,2,2,0,2,65,2,17,13,0
30,2,2,1,2,0,2,0,0,2,0,2,0,1,2,0,1,47,8,3,42,1
31,1,0,2,0,2,0,1,1,0,0,0,2,2,1,2,2,69,1,12,4,0
32,2,2,1,2,1,1,1,0,2,0,2,1,0,0,0,0,53,6,0,27,1
33,2,1,2,0,1,2,1,1,1,1,2,1,1,0,0,0,64,6,8,45,1
34,1,0,1,0,1,1,1,1,0,1,0,2,2,2,0,1,29,2,10,22,0
35,2,0,0,0,0,1,0,0,1,0,2,0,0,0,0,1,0,6,0,18,2
36,2,2,1,0,1,0,0,0,1,0,2,0,0,2,0,0,25,8,0,0,1
37,1,0,2,0,1,0,2,2,1,0,0,2,2,2,1,2,62,2,18,15,0
38,2,2,0,2,1,2,2,0,2,0,2,2,1,1,0,0,19,7,3,55,1
39,2,2,0,2,0,1,1,0,2,0,2,2,0,2,0,1,17,8,0,28,1
40,2,2,1,1,0,1,0,0,1,0,2,0,0,0,0,1,34,6,0,18,1
41,2,2,1,1,0,2,1,0,2,0,2,1,1,1,0,0,35,7,3,48,1
42,2,2,0,1,1,1,1,0,2,0,1,0,1,1,0,1,10,4,3,28,1
43,1,0,1,0,2,0,2,2,0,2,0,2,1,1,1,2,33,1,15,13,0
44,2,2,0,0,1,1,1,0,0,0,2,1,1,1,0,0,4,7,3,21,2
45,2,2,1,0,1,2,1,0,1,1,2,1,0,1,0,1,28,7,0,46,1
46,2,2,0,1,1,1,0,0,1,0,2,2,1,2,0,0,12,8,3,17,1
47,1,0,2,0,1,1,2,1,0,0,0,2,2,2,2,2,62,2,12,31,0
48,2,2,1,1,0,1,0,1,1,0,1,0,0,0,0,0,34,3,6,17,2
49,1,0,2,0,1,0,2,2,0,1,0,2,1,2,1,2,65,2,15,13,0
50,1,0,2,0,0,1,1,1,0,0,1,1,2,2,2,1,57,5,12,22,0
51,2,2,0,0,0,1,0,1,1,0,2,0,0,1,0,1,0,7,6,18,2
52,1,0,2,0,2,0,2,2,1,1,1,2,1,2,1,1,71,5,15,14,0
53,2,2,0,0,0,1,1,1,2,0,1,1,0,2,0,1,1,5,6,28,2
54,2,2,1,1,1,2,1,1,2,0,2,1,1,0,0,1,41,6,8,49,1
55,2,2,0,1,1,1,2,0,1,1,2,1,0,1,0,0,13,7,0,32,1
56,1,0,2,0,2,0,2,2,0,2,0,2,2,2,1,2,73,2,18,13,0
57,1,0,2,0,2,0,2,2,0,1,1,2,2,2,2,1,71,5,19,12,0
58,2,2,1,2,0,0,2,0,0,0,2,0,0,2,0,1,47,8,0,12,2
59,2,0,0,1,0,1,0,0,1,0,0,0,0,1,0,0,6,1,0,17,2
60,2,2,1,2,0,2,2,0,2,0,2,1,0,2,0,0,48,8,0,55,1
61,1,0,2,0,1,0,2,2,1,0,1,2,2,2,0,2,62,5,17,15,0
62,2,0,1,0,0,1,2,0,0,0,2,1,1,1,1,0,22,7,4,29,2
63,2,1,0,0,0,1,0,0,1,0,2,0,0,2,0,0,0,8,0,17,2
64,1,1,2,0,1,0,2,2,0,1,1,2,2,2,1,2,65,5,18,13,0
65,2,0,0,0,0,1,2,0,0,0,2,0,1,2,0,1,0,8,3,30,2
66,2,2,0,2,0,1,0,1,1,0,2,0,1,1,0,0,15,7,8,17,2
67,1,0,2,0,2,0,2,2,0,1,1,2,2,2,2,2,71,5,19,13,0
68,2,2,2,1,2,1,1,0,2,0,2,1,0,0,0,0,81,6,0,27,1
69,2,2,0,0,0,0,0,1,1,0,2,1,0,2,0,0,1,8,6,0,2
70,2,1,0,1,0,1,1,0,1,0,1,0,0,2,0,0,6,5,0,24,2
71,2,1,1,1,0,1,1,0,0,0,1,1,0,2,1,1,35,5,1,22,2
72,1,0,2,0,1,1,2,1,0,1,0,2,2,2,2,2,65,2,12,31,0
73,2,1,0,0,1,1,2,0,2,0,2,1,0,2,0,1,4,8,0,35,1
74,2,2,1,1,1,2,0,0,1,0,2,1,0,2,0,1,41,8,0,39,1
75,2,1,2,1,0,1,1,0,2,0,2,1,1,0,0,1,75,6,3,28,1
76,2,2,0,0,1,0,1,0,2,1,1,0,0,2,1,0,5,5,1,8,2
77,2,2,2,1,0,2,1,0,1,0,2,1,0,0,0,0,75,6,0,45,1
78,2,2,0,1,0,1,0,1,2,0,2,0,0,1,0,1,6,7,6,20,2
79,1,0,2,0,1,0,2,2,0,0,0,2,2,2,1,2,62,2,18,13,0
80,2,1,2,1,0,2,1,0,1,0,2,1,0,1,0,0,75,7,0,45,1
81,2,2,1,1,0,2,1,0,0,1,2,0,1,1,0,0,37,7,3,43,1
82,2,1,0,0,0,1,1,0,0,0,0,0,0,1,1,0,0,1,1,21,2
83,1,1,2,0,1,0,2,2,0,1,0,2,2,2,2,2,65,2,19,13,0
84,2,2,0,2,0,0,0,1,2,0,2,0,1,2,0,0,15,8,8,1,2
85,1,0,2,0,1,0,1,1,0,0,1,2,2,2,2,1,62,5,12,3,0
86,2,2,0,1,0,2,0,0,0,0,0,1,0,0,2,0,7,0,2,36,2
87,2,2,0,1,0,0,1,0,1,0,2,1,0,1,0,1,7,7,0,6,2
88,2,2,1,0,0,1,1,1,1,0,2,1,0,0,0,1,22,6,6,25,2
89,2,2,2,0,0,1,0,0,1,0,2,0,0,1,0,0,56,7,0,17,1
90,2,2,1,1,0,1,2,0,2,1,2,1,1,0,0,0,38,6,3,34,1
91,2,2,2,2,1,2,1,1,2,0,2,1,0,1,0,1,87,7,6,49,1
92,2,2,0,2,0,0,1,0,1,0,2,0,0,2,0,2,15,8,0,7,2
93,2,2,2,1,0,2,1,0,1,0,2,1,0,0,0,2,75,6,0,47,2
94,2,2,1,1,0,2,0,0,2,0,2,1,0,1,0,0,35,7,0,41,1
95,2,2,1,1,0,2,1,0,1,1,2,0,0,0,0,0,37,6,0,45,1
96,2,1,1,2,1,0,0,0,2,0,2,0,1,2,1,1,52,8,4,2,2
97,1,0,2,0,1,1,1,1,1,0,1,2,2,2,1,2,62,5,11,26,0
98,1,1,2,0,1,0,2,2,0,0,2,2,1,2,1,1,62,8,15,12,0
99,2,1,2,2,0,2,1,0,2,1,2,2,1,1,0,1,85,7,3,49,1
100,1,1,2,0,2,0,2,2,0,2,0,2,1,2,1,1,73,2,15,12,0
101,2,2,2,2,1,2,1,0,2,0,2,2,1,1,0,1,88,7,3,49,1
102,1,1,2,0,2,1,1,1,0,1,0,2,1,2,1,0,71,2,9,21,0
103,2,2,0,1,0,2,1,0,2,0,2,0,0,1,0,1,6,7,0,49,1
104,1,0,2,0,2,0,2,2,0,1,1,2,1,2,1,2,71,5,15,13,0
105,2,1,2,1,0,0,1,0,2,0,2,0,1,0,0,0,74,6,3,8,1
106,1,2,2,0,1,0,1,2,0,0,1,2,2,2,1,2,62,5,18,4,0
107,2,2,0,1,1,1,2,0,2,0,2,1,2,2,0,0,11,8,5,34,1
108,2,2,0,1,0,0,1,0,2,0,2,2,0,2,0,0,8,8,0,8,1
109,2,1,0,2,1,1,1,0,0,0,2,0,0,2,0,1,18,8,0,22,2
110,2,2,0,1,1,0,1,0,2,0,2,0,0,1,0,1,10,7,0,9,1
111,2,2,1,2,1,2,0,0,1,0,2,1,1,1,0,1,53,7,3,39,1
112,2,1,1,1,2,2,1,0,2,0,1,0,0,0,0,1,44,3,0,49,1
113,2,1,1,2,0,2,1,0,2,1,2,1,1,0,0,0,50,6,3,48,1
114,2,2,2,1,0,1,1,0,2,0,2,1,0,1,0,0,75,7,0,27,1
115,2,2,1,1,0,0,1,0,1,0,2,1,1,1,0,0,35,7,3,5,1
116,2,2,1,0,2,2,0,0,1,0,2,0,0,0,0,0,30,6,0,38,1
117,1,0,2,0,2,0,2,2,0,1,0,2,2,2,2,2,71,2,19,13,0
118,2,1,2,0,0,1,2,0,0,0,0,1,0,1,0,1,57,1,0,30,2
119,2,1,2,1,1,0,0,0,2,0,2,0,1,1,0,1,78,7,3,2,2
120,2,2,1,1,1,2,0,0,0,0,2,2,0,2,0,0,42,8,0,36,1
121,2,2,2,1,0,2,1,0,2,0,2,1,0,1,0,1,75,7,0,49,1
122,2,2,0,0,0,1,2,0,1,0,0,2,0,1,0,1,2,1,0,33,2
123,1,1,1,0,2,0,2,2,0,2,0,2,1,2,1,1,33,2,15,12,0
124,1,0,2,0,2,0,1,1,0,2,0,2,2,2,2,2,73,2,12,4,0
125,2,2,2,1,1,2,0,0,2,0,2,0,0,0,0,1,78,6,0,42,1
126,2,2,2,1,1,1,1,0,1,0,2,0,0,1,0,0,78,7,0,24,1
127,1,0,2,0,2,0,2,2,1,1,1,2,1,2,1,1,71,5,15,14,0
128,2,2,1,0,0,1,1,0,1,0,1,0,1,1,0,1,21,4,3,25,2
129,2,2,1,1,0,0,1,1,1,0,2,1,0,0,0,0,35,6,6,5,2
130,2,2,1,1,0,1,1,0,0,0,1,0,1,2,0,1,34,5,3,22,2
131,1,0,2,0,1,0,2,2,1,1,1,2,1,2,0,1,65,5,14,14,0
132,2,2,2,2,1,1,2,0,2,0,2,2,0,2,0,1,88,8,0,35,1
133,2,2,1,1,0,2,2,0,0,0,0,0,1,2,0,1,34,2,3,52,2
134,1,0,2,0,2,0,2,2,0,2,1,1,2,2,2,2,72,5,19,13,0
135,2,2,1,2,0,2,0,0,2,1,2,1,1,2,0,0,50,8,3,41,1
136,2,1,1,0,0,2,2,0,0,0,1,1,0,1,1,1,22,4,1,52,2
137,1,0,2,0,2,0,2,2,1,0,0,2,1,2,1,1,69,2,15,14,0
138,2,0,1,1,0,0,1,0,1,0,2,0,0,0,0,0,34,6,0,5,2
139,2,2,2,1,1,2,0,0,2,0,2,0,0,0,0,1,78,6,0,42,1
140,2,2,2,1,1,2,1,1,2,0,2,1,0,0,0,1,79,6,6,49,1
141,2,2,1,1,0,0,1,0,1,0,1,1,0,2,1,2,35,5,1,7,2
142,2,1,1,0,0,1,1,0,0,0,1,1,0,1,1,1,22,4,1,22,2
143,2,1,1,0,2,2,1,0,2,0,2,0,0,0,0,0,30,6,0,48,1
144,2,2,1,1,0,2,0,0,1,0,2,0,0,0,0,1,34,6,0,39,1
145,2,1,0,1,0,2,0,0,2,1,2,2,0,0,0,1,9,6,0,42,1
146,2,1,0,0,0,1,0,0,1,0,0,0,0,1,1,1,0,1,1,18,2
147,2,1,1,1,0,2,0,0,0,0,1,1,0,2,1,1,35,5,1,37,2
148,1,1,2,0,1,1,1,1,0,1,0,2,1,2,1,0,65,2,9,21,0
149,2,2,1,2,0,2,0,0,2,1,2,2,0,0,0,1,51,6,0,42,1
150,1,2,2,0,2,0,2,2,0,2,0,2,2,2,1,2,73,2,18,13,0
151,2,1,1,1,0,1,1,0,1,0,1,0,0,0,0,1,34,3,0,25,2
152,2,2,0,1,0,1,1,0,1,0,2,1,1,1,0,0,7,7,3,24,2
153,2,1,0,1,0,0,1,1,1,0,2,0,0,2,0,0,6,8,6,5,2
154,2,1,1,2,0,1,1,0,2,0,2,1,0,1,0,1,48,7,0,28,1
155,1,0,2,0,0,0,1,2,1,0,1,2,2,2,1,2,58,5,18,7,0
156,2,2,1,2,1,2,0,0,1,0,2,2,0,1,0,0,54,7,0,38,1
157,2,2,2,1,0,2,2,0,1,1,2,2,0,1,0,0,77,7,0,53,1
158,2,2,2,1,2,1,2,0,2,0,2,2,0,2,0,1,82,8,0,35,1
159,2,2,2,1,1,2,1,1,1,0,2,1,0,1,0,0,79,7,6,45,1
160,2,1,0,2,1,2,1,0,1,0,2,0,1,1,0,0,18,7,3,45,1
161,1,0,2,0,1,1,1,1,0,1,0,1,2,2,1,1,64,2,11,22,0
162,2,2,2,2,0,2,1,0,1,0,2,1,0,1,0,1,84,7,0,46,1
163,2,1,2,1,0,2,1,0,0,0,2,0,0,1,1,1,74,7,1,44,2
164,2,2,1,1,1,1,2,0,1,1,2,1,0,2,0,0,43,8,0,32,1
165,2,2,1,0,0,1,1,0,0,1,2,0,0,0,0,0,24,6,0,21,1
166,2,2,1,0,1,2,1,0,1,0,2,2,0,0,0,0,27,6,0,45,1
167,1,0,2,0,2,0,2,2,1,1,1,2,2,2,1,2,71,5,18,15,0
168,1,2,2,0,2,0,2,2,0,1,0,2,2,2,2,1,71,2,19,12,0
169,2,2,0,1,0,1,0,0,1,0,0,0,0,1,0,1,6,1,0,18,2
170,2,1,0,2,0,0,0,1,2,0,1,0,0,2,0,1,15,5,6,2,2
171,1,1,2,0,2,0,2,2,0,2,0,2,1,2,2,1,73,2,16,12,0
172,1,1,1,0,1,1,1,1,0,1,1,2,2,2,1,2,29,5,11,23,0
173,2,2,1,0,0,0,0,1,2,0,2,1,1,1,0,0,22,7,8,1,2
174,2,2,1,0,0,0,1,0,1,0,2,0,1,1,0,0,21,7,3,5,2
175,2,2,0,1,0,2,1,0,1,0,1,0,0,1,0,2,6,4,0,47,2
176,2,2,1,2,0,0,1,0,1,0,1,0,0,2,0,1,47,5,0,6,2
177,1,0,2,0,2,0,2,2,0,2,1,1,2,2,1,2,72,5,18,13,0
178,2,1,1,0,0,0,0,1,2,0,1,0,0,1,0,0,21,4,6,1,2
179,1,1,2,0,1,1,1,1,0,1,1,1,2,2,2,2,64,5,12,23,0
180,1,0,2,0,1,1,1,1,0,0,1,2,2,2,2,0,62,5,12,21,0
181,2,2,0,0,0,2,0,0,0,0,1,1,0,0,1,0,1,3,1,36,2
182,1,0,2,0,1,0,1,1,0,1,0,2,2,1,2,2,65,1,12,4,0
183,2,1,0,0,0,1,1,0,0,0,1,1,1,2,0,1,1,5,3,22,2
184,2,1,0,1,1,0,0,1,2,0,2,1,0,1,1,0,11,7,7,1,2
185,2,1,0,0,0,2,0,0,2,0,2,0,0,1,0,0,0,7,0,41,1
186,2,1,1,1,0,2,1,0,2,0,2,2,1,0,0,0,36,6,3,48,1
187,2,2,1,0,0,1,0,0,1,0,2,0,2,2,0,0,21,8,5,17,2
188,2,2,2,2,0,1,1,0,2,0,2,0,2,0,0,0,83,6,5,27,1
189,2,2,0,1,0,0,1,0,1,0,1,0,0,1,0,0,6,4,0,5,2
190,2,2,0,0,1,1,1,1,1,0,2,0,0,1,1,0,3,7,7,24,2
191,2,2,1,0,0,2,0,0,2,0,2,1,0,1,0,1,22,7,0,42,1
192,2,2,1,0,0,2,1,0,0,0,2,2,0,1,0,0,23,7,0,43,1
193,2,2,1,2,1,2,0,0,2,0,2,1,0,0,0,0,53,6,0,41,1
194,1,0,2,0,2,0,2,2,0,2,1,1,2,2,1,2,72,5,18,13,0
195,2,2,1,1,1,2,2,0,1,0,2,0,0,1,0,0,40,7,0,53,1
196,2,1,0,1,1,1,2,0,2,0,2,0,0,0,0,0,10,6,0,34,1
197,2,2,0,0,1,1,2,0,1,0,2,0,0,1,2,1,3,7,2,33,2
198,2,2,1,1,0,2,0,0,2,1,2,2,0,1,0,1,39,7,0,42,1
199,2,2,0,1,0,1,0,1,1,0,2,2,1,1,0,0,8,7,8,17,2
200,1,1,2,0,2,0,2,2,0,2,1,1,1,2,1,0,72,5,15,11,0
201,2,2,2,0,0,2,2,0,0,2,2,0,1,1,0,0,60,7,3,51,1
202,1,0,2,0,2,0,2,2,0,1,0,1,2,2,1,2,70,2,18,13,0
203,2,2,0,1,0,2,0,0,2,0,2,2,1,1,0,1,8,7,3,42,1
204,1,0,2,0,1,0,2,2,0,1,1,2,2,2,0,2,65,5,17,13,0
205,2,1,1,1,0,1,1,0,1,0,2,2,1,2,0,1,36,8,3,25,2
206,2,2,1,1,0,0,0,1,2,0,2,0,0,1,0,0,34,7,6,1,2
207,2,2,1,1,2,1,2,0,1,1,2,1,0,1,0,0,46,7,0,32,1
208,2,2,0,1,0,0,1,0,2,0,2,0,0,1,1,2,6,7,1,10,2
209,2,1,0,2,2,1,1,0,2,0,2,1,1,1,0,0,20,7,3,27,1
210,2,2,2,2,0,0,1,0,1,0,1,0,1,2,0,1,83,5,3,6,2
211,2,1,1,1,0,2,1,0,1,1,2,1,1,0,0,0,38,6,3,45,1
212,1,0,2,0,1,1,1,1,0,1,2,1,1,2,0,1,64,8,8,22,0
213,1,0,2,0,2,0,2,2,0,2,1,2,1,2,1,2,73,5,15,13,0
214,2,2,0,2,0,2,1,0,2,0,2,0,0,1,0,1,15,7,0,49,1
215,2,1,1,2,0,0,1,0,1,0,2,0,1,1,1,0,47,7,4,5,2
216,1,1,2,0,2,0,2,2,0,2,0,2,2,2,2,1,73,2,19,12,0
217,1,1,2,0,1,0,1,2,0,2,0,2,2,2,1,1,67,2,18,3,0
218,2,2,1,0,0,1,2,0,1,0,0,0,0,2,0,1,21,2,0,33,2
219,2,2,2,2,2,1,2,0,2,0,2,1,0,2,0,0,89,8,0,34,1
220,1,1,2,0,2,0,2,2,0,2,0,2,2,2,1,2,73,2,18,13,0
221,2,1,1,2,0,2,0,0,2,0,2,2,0,0,0,0,49,6,0,41,1
222,2,2,2,1,0,2,1,0,1,0,2,2,1,0,0,0,76,6,3,45,1
223,2,2,1,1,1,2,2,0,1,0,2,2,0,1,0,0,42,7,0,53,1
224,1,1,1,0,2,1,1,1,0,1,1,2,2,2,2,2,32,5,12,23,0
225,2,2,0,0,1,2,1,0,0,1,2,0,0,0,0,1,5,6,0,44,1
226,2,2,1,1,2,2,2,0,1,0,2,1,0,0,0,1,45,6,0,54,1
227,2,2,2,1,1,2,0,0,1,0,2,1,2,1,0,1,79,7,5,39,1
228,2,1,1,1,0,2,1,0,2,0,2,1,0,0,0,0,35,6,0,48,1
229,1,0,2,0,2,0,2,2,0,1,1,2,2,2,2,1,71,5,19,12,0
230,2,2,0,2,0,1,0,1,1,0,1,1,1,2,0,1,16,5,8,18,2
231,2,2,1,2,0,0,1,1,1,0,1,1,0,1,0,1,48,4,6,6,2
232,2,1,1,0,2,2,2,1,2,0,2,1,1,1,0,0,31,7,8,55,1
233,2,2,2,0,0,1,0,0,0,0,1,0,0,2,0,1,56,5,0,16,2
234,2,2,1,1,1,2,1,0,1,0,1,1,0,0,0,0,41,3,0,45,1
235,2,2,1,1,0,1,1,0,0,0,0,1,0,1,0,0,35,1,0,21,2
236,2,1,1,2,1,1,1,0,2,1,2,1,0,2,0,0,55,8,0,27,1
237,1,0,2,0,2,0,2,2,0,2,0,2,2,2,1,2,73,2,18,13,0
238,2,1,1,2,0,0,1,0,1,0,1,0,0,1,0,0,47,4,0,5,2
239,1,0,2,0,1,0,2,2,0,2,1,1,1,2,1,1,66,5,15,12,0
240,1,0,2,0,1,0,2,2,0,2,1,2,2,2,0,2,67,5,17,13,0
241,2,1,1,0,0,0,1,1,1,0,1,1,0,2,0,1,22,5,6,6,2
242,2,2,1,1,0,1,1,0,1,0,1,0,0,2,0,2,34,5,0,26,2
243,2,1,2,0,1,2,1,0,1,0,2,1,0,1,0,1,61,7,0,46,1
244,2,2,1,0,1,1,1,0,2,0,2,1,0,1,0,0,26,7,0,27,1
245,2,2,2,2,1,1,0,0,2,0,2,1,2,0,0,0,87,6,5,19,1
246,1,1,2,0,2,0,2,2,0,1,1,2,2,2,2,2,71,5,19,13,0
247,2,2,1,0,0,2,1,0,2,0,2,1,1,1,0,2,22,7,3,50,1
248,1,1,2,0,2,0,2,2,0,2,1,2,2,2,1,1,73,5,18,12,0
249,2,2,1,1,1,2,2,0,0,0,2,1,0,0,0,1,41,6,0,52,1
250,1,1,2,0,2,0,2,2,0,2,0,2,2,2,0,1,73,2,17,12,0
251,2,2,0,2,0,0,0,0,2,0,2,1,1,2,0,1,16,8,3,2,2
252,2,2,1,1,0,1,0,0,2,0,2,1,0,1,0,0,35,7,0,19,1
253,1,0,2,0,2,0,2,2,1,1,0,2,0,2,0,2,71,2,13,15,0
254,2,1,1,1,0,1,1,0,2,0,2,1,1,1,0,0,35,7,3,27,1
255,2,1,2,1,1,2,1,1,2,0,2,2,0,0,0,1,80,6,6,49,1
256,2,2,2,1,1,2,1,0,2,0,2,1,1,0,0,0,79,6,3,48,1
257,2,1,1,0,1,2,1,0,1,0,2,1,1,0,0,0,26,6,3,45,1
258,2,2,0,1,0,0,1,1,1,0,1,1,0,1,0,1,7,4,6,6,2
259,1,1,2,0,1,0,1,2,1,1,0,2,2,2,1,2,65,2,18,7,0
260,1,0,2,0,1,0,2,2,0,1,1,1,1,2,1,2,64,5,15,13,0
261,2,2,1,1,2,2,1,0,0,0,2,0,0,2,0,1,44,8,0,44,1
